ticker,name,currency,price,mcap_bn,fy1_end,eps_fy0,eps_fy1,eps_fy2,eps_ltm,eps_ntm,pe_ltm,pe_ntm,pe_fy1,pe_fy2,eps_g_fy1,eps_g_fy2,eps_cagr_2y,rev_g_fy1,rev_g_fy2,comp_fy2,peg_1y,peg_2y,rev30d_fy1,rev90d_fy1,rev30d_fy2,rev90d_fy2,px_1m,px_3m,roic,fcf_margin,debt_ebitda,share_chg_yoy,implied_5y_eps_cagr,model_5y_eps_cagr,expectation_gap,quant_score,final_score,type,cyclical_flag
NVDA,NVIDIA Corporation,USD,228.86,5526.2823,2027-01-31,4.77,9.3071,15.6826,7.01,13.5167,32.6476,16.9316,24.5898,14.5932,0.9512,0.685,0.8132,0.9059,0.6589,0.553,0.178,0.2082,0.002,0.0414,0.0246,0.2339,0.0039,0.1738,0.9203,0.4192,0.19,-0.0104,0.0866,0.3657,0.2791,91,94,High-Growth at Fair Price + Earnings Revision,
CLS,"Celestica, Inc.",USD,356.53,44.9624,2026-12-31,6.05,11.198,19.3605,8.17,17.2808,43.6389,20.6316,31.8386,18.4153,0.8509,0.7289,0.7889,0.6598,0.7112,0.578,0.2425,0.2615,-0.0017,0.0882,0.302,0.3382,0.1234,0.0387,0.4226,0.0333,0.61,-0.0107,0.1304,0.3854,0.255,85.5,85.5,Earnings Revision Play / Growth Inflection,
CRDO,Credo Technology Group Holding ,USD,192.67,36.2127,2027-04-30,3.46,6.3051,9.7049,4.1,7.7209,46.9927,24.9544,30.5579,19.8529,0.8223,0.5392,0.6748,0.8736,0.5496,0.5775,0.3035,0.3698,0.0223,0.0301,0.0621,0.0889,-0.198,-0.2158,0.3822,0.2757,0.05,0.0251,0.1743,0.2994,0.1252,84,84,High-Growth at Fair Price / Earnings Revision,
AVGO,Broadcom Inc.,USD,349.57,1668.7179,2026-10-31,6.82,11.6583,19.3814,9.76,18.7043,35.8166,18.6893,29.9846,18.0364,0.7094,0.6624,0.6858,0.6587,0.6373,0.4964,0.2634,0.2725,0.0026,0.003,-0.0096,-0.0041,-0.0591,-0.0614,0.3068,0.4422,1.13,0.0099,0.1083,0.3555,0.2472,82,85,High-Growth at Fair Price,
TSM,Taiwan Semiconductor Manufactur,USD,452.88,2348.8503,2026-12-31,10.65,16.9339,21.9251,13.86,20.6534,32.6753,21.9277,26.744,20.6558,0.59,0.2947,0.4348,0.4288,0.3455,0.3678,0.3716,0.5043,0.0021,0.0739,0.0066,0.115,0.0599,-0.0049,0.5396,0.2575,0.34,0.0001,0.1443,0.1849,0.0406,82,84,Quality Compounder / GARP,
AMD,"Advanced Micro Devices, Inc.",USD,607.87,992.3325,2026-12-31,4.17,7.5758,15.5783,5.76,13.5393,105.533,44.8967,80.2386,39.0203,0.8167,1.0563,0.9328,0.4687,0.7317,0.6303,0.5497,0.4813,0.001,0.0259,0.0163,0.1822,0.2752,0.1267,0.0977,0.2034,0.43,0.0107,0.3206,0.529,0.2084,82,84,Growth Inflection,
WDC,Western Digital Corporation,USD,453.23,163.408,2027-06-30,10.22,20.0914,31.7495,10.19,22.998,44.4779,19.7074,22.5584,14.2752,0.9659,0.5803,0.7626,0.4856,0.3677,0.6791,0.204,0.2584,0.089,0.1644,0.1695,0.2916,-0.019,-0.3047,0.529,0.2718,0.24,0.0669,0.2147,0.3182,0.1035,81,83,Cyclical Peak Trap 검증 필요,Y
AMAT,"Applied Materials, Inc.",USD,486.76,386.2915,2026-10-31,9.42,12.7891,18.4595,10.91,17.9624,44.6159,27.0989,38.0605,26.3691,0.3577,0.4434,0.3999,0.2074,0.348,0.409,0.7577,0.6777,-0.0004,0.0449,0.0001,0.1253,0.0091,-0.2993,0.3564,0.1823,0.72,-0.0208,0.1938,0.2551,0.0613,81.0,80.0,Earnings Revision Play (WFE 사이클),
RDDT,"Reddit, Inc.",USD,143.08,27.5281,2026-12-31,2.62,5.3784,7.0685,4.3,6.6378,33.2744,21.5552,26.6027,20.242,1.0528,0.3142,0.6425,0.5375,0.3181,0.3917,0.2047,0.3355,-0.0029,0.0828,0.0066,0.0924,-0.0706,-0.1795,1.6387,0.3666,0.03,0.0843,0.1404,0.1942,0.0539,80.5,79.5,High-Growth at Fair Price,
MU,"Micron Technology, Inc.",USD,1053.98,1190.3578,2026-08-31,8.29,73.7054,161.0943,45.12,161.0943,23.3595,6.5426,14.2999,6.5426,7.8909,1.1856,3.4082,2.4814,0.9205,0.7199,0.0083,0.0192,0.0037,0.0054,0.034,0.0758,0.1268,-0.0797,0.6764,0.2899,0.09,0.0062,-0.0257,0.5843,0.61,79.5,82.5,Cyclical Peak Trap 검증 필요,Y
SNDK,Sandisk Corporation,USD,1712.89,250.7997,2027-06-30,70.88,213.903,263.4855,70.08,226.2647,24.4419,7.5703,8.0078,6.5009,2.0178,0.2318,0.928,1.4176,0.1828,0.734,0.0375,0.0816,-0.0009,0.1325,-0.0047,0.3287,0.1535,-0.1646,1.0223,0.5677,0.02,0.069,0.0032,0.1547,0.1515,79,81,Cyclical Peak Trap 검증 필요,Y
ONTO,Onto Innovation Inc.,USD,288.74,17.6488,2026-12-31,4.94,8.1059,11.6875,5.53,10.7749,52.2134,26.7974,35.621,24.705,0.6409,0.4419,0.5381,0.4316,0.3072,0.5268,0.4181,0.498,0.0003,0.1266,0.0028,0.1752,-0.0133,-0.1784,0.1261,0.2254,4.76,0.003,0.1911,0.2544,0.0633,79.0,78.0,Earnings Revision Play (장비 사이클),
VRT,"Vertiv Holdings, LLC",USD,244.04,93.9525,2026-12-31,4.2,6.7338,9.1615,5.29,8.5429,46.1323,28.5664,36.2409,26.6377,0.6033,0.3605,0.4769,0.3704,0.301,0.4226,0.4735,0.599,0.0039,0.0388,0.0069,0.0409,-0.0937,-0.205,0.3758,0.2552,1.19,0.0106,0.2064,0.2162,0.0098,77.5,80.5,Quality Compounder / Growth,
ASML,ASML Holding N.V. - New York Re,USD,1771.41,680.3986,2026-12-31,28.07,43.5363,58.7555,31.3075,54.8777,56.581,32.2792,40.6881,30.1488,0.551,0.3496,0.4468,0.3122,0.2734,0.4672,0.5858,0.7225,0.0035,0.2117,0.0006,0.2292,0.021,-0.0593,0.6598,0.2842,0.15,-0.0144,0.2363,0.211,-0.0253,77.5,79.5,Quality Compounder + Revision,
NU,Nu Holdings Ltd.,USD,12.23,59.0793,2026-12-31,0.5846,0.8565,1.1014,0.7348,1.039,16.644,11.7712,14.2799,11.1043,0.465,0.286,0.3726,0.4472,0.2359,0.3328,0.2531,0.3159,0.0097,0.0485,-0.0078,0.0191,-0.1781,-0.0685,1.0619,,,0.0026,0.0104,0.1807,0.1703,77.0,76.0,GARP,
STX,Seagate Technology Holdings PLC,USD,921.51,209.5449,2027-06-30,15.58,35.7809,55.3714,15.53,40.6651,59.3374,22.6609,25.7542,16.6423,1.2966,0.5475,0.8852,0.5404,0.3365,0.7195,0.1748,0.256,0.0,0.346,0.2746,0.4228,0.0877,-0.0485,0.8592,0.2546,0.85,0.0553,0.2491,0.3033,0.0541,77,79,Cyclical Peak Trap 검증 필요,Y
LITE,Lumentum Holdings Inc.,USD,921.32,82.6424,2027-06-30,8.67,21.755,34.7146,8.37,24.986,110.0741,36.8734,42.3498,26.5399,1.5092,0.5957,1.001,1.1005,0.5217,0.7589,0.2443,0.3684,0.0059,0.1998,0.0515,0.2276,-0.0364,0.0821,0.1603,0.0996,2.05,0.0718,0.2696,0.3253,0.0556,76.5,76.5,Earnings Revision Play,
STM,STMicroelectronics N.V.,USD,52.74,47.0403,2026-12-31,0.53,1.3395,2.5343,0.84,2.2299,62.7857,23.6513,39.3723,20.8102,1.5274,0.892,1.1867,0.2227,0.1899,0.6686,0.1548,0.1993,-0.0101,0.0524,0.0004,0.0375,0.0273,-0.2948,0.0348,0.0236,1.48,0.0221,0.1617,0.4576,0.2959,76.5,74.5,Cyclical Recovery / Turnaround,
FLEX,Flex Ltd.,USD,113.04,41.7573,2027-03-31,3.3,4.7116,7.0575,3.59,5.8813,31.4875,19.2201,23.9918,16.017,0.4278,0.4979,0.4624,0.2403,0.2992,0.4913,0.4493,0.4157,-0.0027,0.0375,-0.0075,0.0151,-0.0196,-0.2916,0.1513,0.0282,2.53,-0.0365,0.1145,0.2804,0.1659,76.0,78.0,GARP + Spin-off,
ON,ON Semiconductor Corporation,USD,75.65,29.452,2026-12-31,2.35,3.2018,4.5288,2.65,4.1907,28.5472,18.052,23.6276,16.7042,0.3625,0.4145,0.3882,0.0942,0.1305,0.4149,0.4981,0.465,-0.0002,0.0329,0.0001,0.0499,0.0114,-0.1459,0.156,0.2421,2.15,-0.0488,0.1006,0.2416,0.141,75.5,74.5,Cyclical Recovery,
HUBS,"HubSpot, Inc.",USD,202.84,10.3835,2026-12-31,9.7,13.2936,16.841,11.73,15.9372,17.2924,12.7275,15.2584,12.0444,0.3705,0.2668,0.3176,0.1765,0.1409,0.3035,0.3435,0.4007,0.003,0.0152,0.0142,0.0786,-0.2071,0.0996,0.2071,0.2312,1.2,0.0153,0.0263,0.1716,0.1452,75.0,72.0,Value Trap Candidate,
SMTC,Semtech Corporation,USD,174.78,16.3115,2027-01-31,1.71,3.4775,5.8359,2.14,5.0347,81.6729,34.7152,50.2604,29.9491,1.0336,0.6782,0.8474,0.4157,0.2924,0.6333,0.3359,0.4097,0.0009,0.3085,0.0,0.5019,0.2271,0.1194,0.1415,0.1645,2.81,0.1499,0.2544,0.3626,0.1082,75.0,74.0,Earnings Revision Play,
EXPE,"Expedia Group, Inc.",USD,264.23,31.7134,2026-12-31,15.86,20.9913,24.466,19.07,23.5806,13.8558,11.2054,12.5876,10.7999,0.3235,0.1655,0.242,0.0996,0.0708,0.2205,0.3463,0.463,0.0056,0.0617,0.0114,0.0592,-0.1715,-0.004,2.5654,0.284,1.91,-0.0617,0.0005,0.1224,0.1218,74.5,72.5,GARP (Buyback 기여),
LRCX,Lam Research Corporation,USD,314.47,393.5354,2027-06-30,5.82,9.4678,11.7395,5.82,10.0342,54.0326,31.3399,33.2147,26.7873,0.6268,0.2399,0.4202,0.4988,0.184,0.5042,0.5,0.7457,0.0009,0.1752,0.0158,0.1921,-0.0129,-0.2347,0.7007,0.2105,0.47,-0.0225,0.229,0.1586,-0.0704,74.5,73.5,Earnings Revision Play (WFE),
FSLR,"First Solar, Inc.",USD,172.97,18.5891,2026-12-31,14.21,17.4896,23.1886,16.22,21.7365,10.664,7.9576,9.8899,7.4593,0.2308,0.3258,0.2774,-0.0351,0.173,0.3005,0.3448,0.2868,0.0008,0.0085,0.0052,-0.0019,-0.1767,-0.257,0.2058,0.2789,0.08,0.0012,-0.0657,0.1998,0.2655,74.0,,,
TOST,"Toast, Inc.",USD,30.38,17.5596,2026-12-31,1.0129,1.3878,1.7349,1.1929,1.6465,25.4678,18.4517,21.8916,17.5109,0.3701,0.2502,0.3087,0.2139,0.184,0.3124,0.4986,0.5976,0.0008,0.0281,0.0013,0.0224,-0.1362,0.0788,1.4613,0.0847,,-0.0227,0.1055,0.1635,0.0581,73.5,74.5,GARP,
FIX,"Comfort Systems USA, Inc.",USD,1658.3,58.3628,2026-12-31,28.88,49.007,60.1785,40.66,57.3321,40.7846,28.9245,33.838,27.5564,0.6969,0.228,0.4435,0.4264,0.1898,0.3243,0.415,0.6522,0.0007,0.1358,0.0023,0.1313,0.0268,-0.149,0.7672,0.1924,0.16,-0.0086,0.2095,0.1528,-0.0567,73.5,75.5,Quality Compounder,
SCHW,Charles Schwab Corporation (The,USD,98.3,169.9937,2026-12-31,4.87,6.4874,7.8304,5.75,7.4883,17.0957,13.1272,15.1524,12.5536,0.3321,0.207,0.268,0.1818,0.1196,0.2657,0.3953,0.4898,-0.0001,0.0546,0.0033,0.0799,-0.0902,0.0856,0.0861,0.4146,,-0.0336,0.0327,0.1426,0.1099,73.0,,,
STRL,"Sterling Infrastructure, Inc.",USD,498.36,15.2441,2026-12-31,10.88,20.0343,25.3962,15.95,24.0301,31.2451,20.739,24.8754,19.6234,0.8414,0.2676,0.5278,0.6487,0.1986,0.372,0.2465,0.3929,-0.0002,0.0589,0.0047,-0.0608,-0.0158,-0.3876,0.4169,0.1402,0.43,0.0042,0.1316,0.1719,0.0403,73,73,GARP (M&A 혼재),
TLN,Talen Energy Corporation,USD,303.5,14.542,2026-12-31,9.0607,22.263,30.7547,14.4314,28.5911,21.0305,10.6152,13.6325,9.8684,1.4571,0.3814,0.8424,0.755,0.1568,0.5308,0.0729,0.126,0.0459,-0.0532,0.0553,-0.0001,-0.0035,-0.24,0.0123,0.1187,16.45,-0.0707,-0.0103,0.2261,0.2363,73,,,
KLIC,"Kulicke and Soffa Industries, I",USD,91.68,4.7975,2026-09-30,0.21,3.8633,5.9033,2.71,5.8977,33.8303,15.5449,23.7308,15.5302,17.3968,0.528,4.302,0.7576,0.3196,0.5409,0.0089,0.0361,0.1413,0.1413,0.3934,0.3934,0.0828,-0.29,,,,,0.0682,0.2943,0.2261,73,,,
APP,Applovin Corporation,USD,308.24,103.55,2026-12-31,9.75,15.6656,20.0032,13.01,18.898,23.6925,16.3107,19.6762,15.4095,0.6067,0.2769,0.4323,0.4783,0.2665,0.3496,0.2688,0.3773,-0.0038,-0.0257,-0.0171,-0.0533,-0.014,-0.382,1.3273,0.663,0.65,-0.0181,0.0785,0.1764,0.0979,73.0,71.0,GARP / Value Trap 경계,
TTMI,"TTM Technologies, Inc.",USD,124.19,13.0833,2026-12-31,2.46,4.85,6.8925,3.11,6.3721,39.9325,19.4897,25.6062,18.0181,0.9715,0.4211,0.6739,0.5116,0.2381,0.5488,0.2006,0.2892,0.0,0.1931,0.0,0.2764,-0.0043,-0.3352,0.1204,,2.18,0.0222,0.1176,0.2447,0.1271,73.0,70.0,Earnings Revision Play,
ADI,"Analog Devices, Inc.",USD,395.43,191.6117,2026-10-31,7.79,12.895,16.3481,11.26,16.0454,35.1181,24.6445,30.6654,24.1881,0.6553,0.2678,0.4487,0.3734,0.2034,0.3112,0.3761,0.5493,0.0039,0.0449,0.0007,0.106,0.0558,0.0093,0.1096,0.3557,1.31,-0.0141,0.1713,0.172,0.0007,72.5,,,
TER,"Teradyne, Inc.",USD,401.3,62.7395,2026-12-31,3.96,9.0913,11.6525,7.68,10.9999,52.2526,36.4822,44.1412,34.4391,1.2958,0.2817,0.7154,0.6119,0.2182,0.3409,0.2815,0.51,0.0,0.2486,0.0,0.2202,0.0786,-0.1337,0.3824,0.1792,0.06,-0.0269,0.2669,0.1787,-0.0882,72.5,,,
LSCC,Lattice Semiconductor Corporati,USD,124.03,17.616,2026-12-31,1.05,2.1324,3.2128,1.54,2.9376,80.539,42.2222,58.1645,38.6044,1.0309,0.5067,0.7492,0.7569,0.4505,0.5207,0.4096,0.5635,0.1679,0.1717,0.3794,0.3901,0.0296,-0.155,0.0693,0.3056,0.38,0.0108,0.3045,0.2845,-0.02,72.5,,,
278470.KS,APR,KRW,362500.0,13571.3312,2026-12-31,7718.0,15591.551,21628.848,,20090.5778,,18.0433,23.2498,16.76,1.0202,0.3872,0.674,1.0158,0.3477,0.6432,0.1769,0.2677,0.0008,0.0705,0.0241,0.1368,-0.1657,-0.0014,,,,,0.1005,0.2288,0.1283,72.5,82.5,High-Growth at Fair Price,
CARG,"CarGurus, Inc.",USD,30.81,2.7444,2026-12-31,2.22,2.6243,3.0234,2.44,2.9217,12.627,10.5451,11.7402,10.1904,0.1821,0.1521,0.167,0.0802,0.0894,0.193,0.579,0.6314,0.0066,0.0475,0.0077,0.0405,-0.1526,-0.0938,0.5854,0.3259,0.62,-0.0876,-0.0116,0.1157,0.1273,72.0,,,
ASX,"ASE Technology Holding Co., Ltd",USD,43.79,114.0145,2026-12-31,0.571,1.1457,1.9532,0.859,1.7475,50.9779,25.0592,38.2212,22.4195,1.0065,0.7048,0.8495,0.2999,0.245,0.5602,0.249,0.295,0.0231,0.0577,0.0611,0.2314,0.1257,0.0394,0.1006,,2.08,0.0157,0.1753,0.3746,0.1994,71.5,,,
CIEN,Ciena Corporation,USD,344.19,48.8091,2026-10-31,2.64,7.1665,10.2352,6.01,9.9662,57.2696,34.5358,48.0276,33.628,1.7146,0.4282,0.969,0.3466,0.3069,0.4128,0.2014,0.3564,0.0949,0.0958,0.2662,0.2844,-0.1392,-0.2813,0.2197,0.1353,3.15,0.0039,0.2531,0.248,-0.0051,71.5,,,
ONON,On Holding AG,USD,30.0,10.0264,2026-12-31,0.9604,1.7071,2.045,1.6807,1.9589,17.85,15.3145,17.5738,14.6696,0.7775,0.198,0.4592,0.1656,0.1886,0.1782,0.197,0.3335,0.0069,0.0095,0.0143,-0.0133,0.0363,-0.153,0.323,0.136,0.97,0.0095,0.065,0.1382,0.0732,71.5,,,
MKSI,MKS Inc.,USD,258.38,17.471,2026-12-31,7.88,13.1464,17.6497,10.0,16.5023,25.838,15.6572,19.654,14.6393,0.6683,0.3425,0.4966,0.2926,0.2069,0.4334,0.2343,0.3153,0.0009,0.1238,0.0083,0.1809,-0.0465,-0.3789,0.0983,0.1047,3.79,0.034,0.0697,0.2077,0.138,71.5,69.5,Cyclical Recovery,
MCHP,Microchip Technology Incorporat,USD,77.97,42.3384,2027-03-31,1.64,3.6461,4.5835,2.12,4.1136,36.7783,18.9544,21.3843,17.0108,1.2233,0.2571,0.6718,0.3572,0.1621,0.5375,0.155,0.2822,-0.0002,0.1532,0.004,0.1145,0.0329,-0.1245,0.0587,0.2169,3.44,0.0188,0.1114,0.1669,0.0554,71.0,69.0,Cyclical Recovery,
PGR,Progressive Corporation (The),USD,209.47,121.5764,2026-12-31,18.2452,18.0867,1012.0,18.5369,758.7563,11.3002,0.2761,11.5814,0.207,-0.0087,54.9527,6.4476,0.0511,0.058,0.9817,,0.0004,0.0108,0.0489,,,-0.0376,-0.0473,,,,,-0.523,15.0858,15.6088,71,,,
BESI.AS,BE Semiconductor Industries N.V,EUR,188.3,14.9,2026-12-31,1.66,4.4105,6.59,2.62,6.0347,71.8702,31.2029,42.6938,28.5735,1.6569,0.4942,0.9925,0.6961,0.3514,0.6024,0.1883,0.3144,0.0077,0.0783,0.0145,0.0467,-0.0481,-0.3324,,,,,0.2279,0.2787,0.0508,71.0,,,
APH,Amphenol Corporation,USD,84.62,208.6701,2026-12-31,1.67,2.669,3.2803,2.155,3.1245,39.2668,27.0823,31.7043,25.7965,0.5982,0.229,0.4015,0.5386,0.1839,0.343,0.4527,0.6745,0.004,0.1084,0.0128,0.1538,0.0487,0.0169,0.2019,0.1625,1.95,0.0155,0.1936,0.1533,-0.0403,71.0,,,
COHR,Coherent Corp.,USD,282.45,55.3128,2027-06-30,5.61,9.4163,13.9553,5.6,10.548,50.4375,26.7777,29.9957,20.2396,0.6785,0.482,0.5772,0.4917,0.382,0.5987,0.3947,0.4639,0.0011,0.152,0.0005,0.115,-0.0438,-0.278,0.0674,,2.39,0.2626,0.1909,0.2731,0.0821,71.0,69.0,Growth Inflection (저품질),
PLTR,Palantir Technologies Inc.,USD,187.48,450.5254,2026-12-31,0.75,1.6116,2.3267,1.2,2.1445,156.2333,87.4255,116.3352,80.579,1.1487,0.4437,0.7613,0.8295,0.4972,0.4842,0.7611,1.1484,0.0055,0.0944,0.0054,0.1175,0.0083,0.6204,3.638,0.5455,0.08,0.0179,0.5089,0.2553,-0.2536,71,,,
PINS,"Pinterest, Inc.",USD,18.41,10.4258,2026-12-31,1.6,2.0215,2.402,1.75,2.305,10.52,7.9868,9.1072,7.6644,0.2634,0.1882,0.2253,0.1639,0.1298,0.2714,0.3032,0.3546,-0.0012,0.0653,-0.0001,0.0754,-0.1954,-0.1586,0.0844,0.2811,3.32,-0.3927,-0.065,0.1335,0.1985,70.5,68.5,Deep Value,
KLAC,KLA Corporation,USD,189.17,246.8681,2027-06-30,3.76,5.4548,6.7054,3.756,5.7666,50.3647,32.8045,34.6795,28.2116,0.4507,0.2293,0.3354,0.3339,0.1823,0.4399,0.7278,0.978,0.001,0.0688,0.0154,0.1175,0.0294,-0.3205,0.6675,0.2774,1.01,-0.0134,0.2403,0.1534,-0.0869,70.5,70.5,Quality Compounder (WFE),
AAON,"AAON, Inc.",USD,85.34,7.0366,2026-12-31,1.35,2.3567,3.4983,1.93,3.2074,44.2176,26.6069,36.2121,24.3945,0.7457,0.4844,0.6098,0.5943,0.1753,0.4483,0.3568,0.4363,-0.0048,0.0428,-0.0084,0.0627,0.092,-0.3211,0.1258,,1.51,-0.0008,0.1894,0.2742,0.0848,70.5,,,
ALNY,"Alnylam Pharmaceuticals, Inc.",USD,255.36,34.1695,2026-12-31,5.08,8.8454,12.4715,7.98,11.5476,32.0,22.1137,28.8692,20.4755,0.7412,0.4099,0.5668,0.4763,0.2674,0.3601,0.2983,0.3901,-0.0079,-0.0611,-0.0092,-0.0812,0.0795,-0.13,0.966,0.1707,2.64,0.0712,0.1462,0.2395,0.0932,70.5,70.5,Growth (Revision 하향),
005930.KS,SamsungElec,KRW,272500.0,1789388.468,2026-12-31,6605.0,48312.18,71421.914,22683.0,65533.6804,12.0134,4.1582,5.6404,3.8154,6.3145,0.4783,2.2884,1.1812,0.3475,0.6824,0.0066,0.0182,-0.0076,0.0432,0.0262,0.1379,0.0244,-0.1973,,,,,-0.1101,0.2714,0.3815,70,79,Cyclical Peak Trap 검증 필요,Y
ADBE,Adobe Inc.,USD,231.01,91.8265,2026-11-30,20.94,24.4808,27.6733,,27.131,,8.5146,9.4364,8.3478,0.1691,0.1304,0.1496,0.1195,0.0918,0.2433,0.5036,0.5692,0.0028,0.0021,0.0067,0.0049,-0.2011,0.1191,0.5722,0.4079,0.68,-0.0622,-0.053,0.1051,0.158,70.0,,,
CDNS,"Cadence Design Systems, Inc.",USD,326.7,89.9709,2026-12-31,4.06,4.8057,9.5576,7.99,8.3469,40.8886,39.1405,67.9821,34.1821,0.1837,0.9888,0.5343,0.1931,0.1343,0.164,2.1311,0.7325,0.0,0.068,0.0015,0.0168,-0.06,-0.1235,0.1723,0.2876,1.17,0.0017,0.2849,0.4998,0.2149,70.0,,,
403870.KQ,HPSP,KRW,61000.0,4966.544,2026-12-31,894.0,1494.3827,2109.4824,1049.0,1952.7584,58.1506,31.2379,40.8195,28.917,0.6716,0.4116,0.5361,0.4293,0.4781,0.5027,0.4651,0.5827,0.0319,0.0182,0.1173,0.127,0.2079,0.1575,,,,,0.2282,0.2403,0.012,70,,,
MRVL,"Marvell Technology, Inc.",USD,251.9,226.3837,2027-01-31,2.84,4.2113,6.7691,3.3,5.9002,76.3333,42.6937,59.8153,37.2131,0.4829,0.6074,0.5439,0.4706,0.5126,0.5125,0.8842,0.785,0.0008,0.0383,0.0159,0.0957,0.0433,-0.0931,0.0694,0.1831,1.8,0.0256,0.3074,0.3306,0.0232,70.0,71.0,Growth,
BABA,Alibaba Group Holding Limited,USD,108.76,270.4174,2027-03-31,3.998,6.5614,9.2004,3.0716,7.8773,35.4085,13.8068,16.5756,11.8212,0.6412,0.4022,0.517,0.0966,0.1276,0.6661,0.2153,0.2671,-0.0115,-0.0064,-0.0168,0.0047,-0.0649,0.1387,0.0308,,2.68,0.0039,0.0432,0.2358,0.1927,69.5,,,
MTZ,"MasTec, Inc.",USD,204.09,16.3894,2026-12-31,6.55,9.3113,12.5376,8.16,11.7156,25.011,17.4204,21.9185,16.2782,0.4216,0.3465,0.3835,0.272,0.1883,0.3492,0.4132,0.4542,-0.0001,0.0535,0.0041,0.0652,-0.1873,-0.5244,0.1064,0.0152,1.34,-0.0068,0.0928,0.2096,0.1168,69.5,,,
FORM,"FormFactor, Inc.",USD,130.97,10.2315,2026-12-31,1.3,2.925,3.545,2.17,3.387,60.3548,38.6681,44.7761,36.945,1.25,0.212,0.6513,0.3072,0.158,0.3879,0.3093,0.5937,0.0,0.2002,0.0,0.27,0.1882,-0.0916,0.165,0.1509,0.15,0.0167,0.2818,0.145,-0.1367,69.5,,,
6323.T,RORZE CORP,JPY,3880.0,672.9152,2027-02-28,109.33,199.9063,250.1905,,229.2502,,16.9247,19.4091,15.5082,0.8285,0.2515,0.5127,1.4281,0.1783,0.563,0.2043,0.3301,0.0114,0.1827,0.1109,0.2944,-0.0472,-0.1977,,,,,0.0865,0.1642,0.0777,69.5,74.5,Earnings Revision Play,
MOD,Modine Manufacturing Company,USD,175.04,9.2968,2027-03-31,5.02,7.6231,11.0076,5.49,9.3108,31.8834,18.7998,22.9617,15.9017,0.5186,0.444,0.4808,0.2758,0.2337,0.5013,0.3625,0.391,-0.0027,-0.0239,-0.0156,-0.0313,-0.0605,-0.3172,0.1623,0.0297,1.34,0.0005,0.1096,0.2554,0.1458,69.0,,,
000660.KS,SK hynix,KRW,1765000.0,1252893.9025,2026-12-31,60372.0,354323.75,472677.44,227520.0,442521.5683,7.7576,3.9885,4.9813,3.734,4.869,0.334,1.7981,2.5671,0.5413,0.5187,0.0082,0.0222,0.0022,0.1377,0.0285,0.0893,0.0202,-0.3397,,,,,-0.1175,0.2037,0.3212,69,80,Cyclical Peak Trap 검증 필요,Y
LLY,Eli Lilly and Company,USD,1184.78,1056.5174,2026-12-31,24.21,36.9322,47.5095,31.49,44.8145,37.624,26.4375,32.0799,24.9378,0.5255,0.2864,0.4009,0.3572,0.1538,0.3372,0.5031,0.6595,0.006,0.0198,0.0058,0.0684,0.0074,-0.0367,0.4224,0.2283,1.31,-0.0062,0.1879,0.1809,-0.007,69.0,71.0,Quality Compounder,
NXPI,NXP Semiconductors N.V.,USD,236.32,59.5914,2026-12-31,11.81,15.0591,18.1349,13.12,17.3512,18.0122,13.6198,15.6928,13.0312,0.2751,0.2042,0.2392,0.161,0.1145,0.2765,0.4951,0.5694,0.0,0.0172,0.0022,0.024,0.0463,-0.1511,0.1799,0.2128,2.14,-0.0061,0.0403,0.1413,0.1009,69.0,,,
PAYC,"Paycom Software, Inc.",USD,220.58,9.9419,2026-12-31,9.24,12.0936,13.9501,10.32,13.4771,21.374,16.3671,18.2395,15.8121,0.3088,0.1535,0.2287,0.0767,0.0741,0.2602,0.53,0.7156,0.0052,0.1074,0.0074,0.1341,-0.0694,0.7344,0.3329,0.2687,1.29,-0.0713,0.0793,0.1165,0.0372,69.0,,,
DELL,Dell Technologies Inc.,USD,543.43,345.5197,2027-01-31,10.3,25.8976,24.6637,18.38,25.0829,29.5664,21.6654,20.9838,22.0336,1.5143,-0.0476,0.5474,0.7044,0.1575,0.2548,0.1431,0.3958,0.3801,0.4095,0.2236,0.3439,0.1507,0.3107,0.2936,0.0566,1.95,-0.0575,0.1415,0.0152,-0.1264,69.0,67.0,Cyclical Peak 의심,
MPWR,"Monolithic Power Systems, Inc.",USD,1351.2,66.402,2026-12-31,17.77,27.4309,34.8707,21.12,32.9751,63.9773,40.9764,49.2583,38.7489,0.5437,0.2712,0.4008,0.4781,0.2815,0.3943,0.7537,1.0223,0.0016,0.1419,0.0022,0.1562,0.0306,0.0293,0.3171,0.1789,0.02,0.0115,0.2967,0.1737,-0.1231,68.5,,,
MTSI,MACOM Technology Solutions Hold,USD,278.56,21.2739,2026-09-30,3.47,5.4798,8.4862,4.45,8.478,62.5978,32.8569,50.8341,32.825,0.5792,0.5486,0.5638,0.369,0.3584,0.4756,0.5673,0.5827,-0.0059,0.0904,0.001,0.2398,0.0051,-0.2524,,,,,0.2407,0.3038,0.0631,68.5,,,
SANM,Sanmina Corporation,USD,220.06,11.7946,2026-09-30,6.04,12.0983,13.9174,10.52,13.9124,20.9183,15.8176,18.1893,15.8119,1.003,0.1504,0.518,0.7408,0.1598,0.2441,0.1577,0.3054,0.0784,0.0784,0.0686,0.0686,0.0822,-0.0846,0.1474,0.0466,2.65,-0.0066,0.0719,0.1149,0.043,68.5,67.5,M&A-driven Growth,
285A.T,KIOXIA HOLDINGS CORPORATION,JPY,17880.0,28563.5689,2027-03-31,341.3532,3464.773,4740.229,843.3516,4100.7538,21.2011,4.3602,5.1605,3.772,9.1501,0.3681,2.7265,100.5819,0.2999,0.8221,0.0048,0.016,-0.0035,0.0766,-0.0051,0.1231,0.0728,-0.4835,,,,,-0.1016,0.2198,0.3214,68.5,76.5,Cyclical Peak Trap 검증 필요,Y
NVT,nVent Electric plc,USD,160.5,25.9782,2026-12-31,3.35,5.1401,6.4818,4.35,6.1399,36.8966,26.1403,31.2251,24.7616,0.5344,0.261,0.391,0.4026,0.1759,0.3289,0.4892,0.6686,0.0015,0.1191,0.0034,0.1502,0.0318,-0.0174,0.1193,0.1195,1.51,-0.0156,0.1852,0.1688,-0.0165,68.0,,,
HPE,Hewlett Packard Enterprise Comp,USD,62.63,83.1391,2026-10-31,1.94,3.8237,4.5974,3.17,4.5296,19.7571,13.8268,16.3796,13.6228,0.971,0.2024,0.5394,0.3553,0.1708,0.3105,0.1424,0.2563,0.111,0.117,0.1196,0.1384,0.1511,0.4103,0.0829,0.0993,2.82,0.06,0.0435,0.1404,0.0969,68.0,67.0,M&A + Cycle,
TXN,Texas Instruments Incorporated,USD,278.31,254.166,2026-12-31,5.45,8.5058,10.1005,6.57,9.6942,42.3607,28.709,32.72,27.5541,0.5607,0.1875,0.3614,0.2393,0.1376,0.3495,0.512,0.7945,0.0,0.1075,0.0,0.1361,0.0442,-0.0251,0.2553,0.2753,1.47,-0.0027,0.2077,0.1331,-0.0745,68.0,,,
WDAY,"Workday, Inc.",USD,188.6,45.4526,2027-01-31,9.23,11.0756,13.233,10.2,12.5001,18.4902,15.0879,17.0284,14.2523,0.2,0.1948,0.1974,0.1167,0.1046,0.2292,0.7545,0.7645,0.0292,0.0328,0.0469,0.0469,-0.0257,0.5261,0.1835,0.2801,2.07,-0.0432,0.0619,0.1367,0.0748,68.0,,,
329180.KS,HD HYUNDAI HEAVY INDUSTRIES,KRW,429000.0,45016.1604,2026-12-31,15702.0,31120.463,35781.816,25334.0,34594.1288,16.9338,12.4009,13.7851,11.9893,0.9819,0.1498,0.5096,0.4211,0.0688,0.292,0.1263,0.2434,-0.0018,0.029,0.0024,0.0584,-0.0872,-0.2394,,,,,0.021,0.1146,0.0936,68.0,74.0,Cyclical Recovery (조선),
XYZ,"Block, Inc.",USD,73.31,44.0443,2026-12-31,2.37,4.0474,5.1862,3.06,4.896,23.9575,14.9734,18.1128,14.1357,0.7078,0.2814,0.4793,0.0774,0.1119,0.41,0.2116,0.3124,-0.0015,0.0386,0.0036,0.0434,-0.136,-0.0604,0.0272,0.155,4.4,-0.0371,0.0602,0.1785,0.1183,67.5,,,
JBL,Jabil Inc.,USD,318.93,33.4197,2026-08-31,9.75,12.7735,16.9155,11.99,16.9155,26.5997,18.8543,24.9682,18.8543,0.3101,0.3243,0.3172,0.1763,0.2245,0.2912,0.608,0.5945,0.0007,0.0009,0.0047,0.0101,0.0215,-0.1463,0.3195,0.0389,1.57,-0.045,0.1102,0.199,0.0888,67.5,67.5,GARP,
IESC,"IES Holdings, Inc.",USD,322.09,12.8349,2026-09-30,7.51,11.57,13.51,11.255,13.5047,28.6175,23.8502,27.8384,23.8409,0.5406,0.1677,0.3412,0.2564,0.4814,0.1669,0.4412,0.6989,0.0,0.1752,0.0037,0.2171,-0.0347,-0.109,0.4101,0.0573,0.13,-0.0013,0.1637,0.1234,-0.0403,67.5,,,
ALAB,"Astera Labs, Inc.",USD,351.31,60.9471,2026-12-31,1.84,4.0322,6.3935,2.48,5.7918,141.6573,60.656,87.1261,54.9482,1.1914,0.5856,0.8641,1.2387,0.5576,0.6121,0.5091,0.702,0.0,0.3421,0.0,0.5052,0.1553,-0.2295,0.6297,0.2302,0.15,0.0776,0.4025,0.3207,-0.0818,67.5,,,
RHM.DE,RHEINMETALL AG                I,EUR,954.5,44.5447,2026-12-31,24.5649,37.2064,53.5079,30.3082,49.3544,31.4931,19.3397,25.6542,17.8385,0.5146,0.4381,0.4759,0.4037,0.337,0.4336,0.3758,0.4064,0.0018,-0.0108,-0.0,-0.0164,-0.1757,-0.0941,,,,,0.1159,0.2527,0.1368,67,68,GARP (Revision 하향),
009540.KS,HDKSOE,KRW,323500.0,22876.1828,2026-12-31,30664.0,51960.484,61477.99,48764.0,59052.9816,6.634,5.4781,6.2259,5.262,0.6945,0.1832,0.4159,0.1676,0.0627,0.2068,0.0789,0.1317,-0.0007,0.0687,0.0219,0.0681,-0.1026,-0.0637,,,,,-0.1329,0.131,0.2639,67.0,,,
DASH,"DoorDash, Inc.",USD,178.39,77.296,2026-12-31,2.13,2.5857,4.4843,1.91,4.0005,93.3979,44.5915,68.9907,39.7812,0.2139,0.7343,0.451,0.3003,0.2067,0.5741,2.0842,0.9888,0.0009,0.0179,0.0045,0.015,-0.2307,-0.0348,0.1057,0.1633,2.1,-0.007,0.3188,0.3878,0.069,67.0,,,
BE,Bloom Energy Corporation,USD,262.87,77.4224,2026-12-31,0.76,2.7058,4.9287,1.82,4.3623,144.4341,60.2591,97.1498,53.3344,2.5603,0.8215,1.5466,1.0335,0.65,0.6307,0.2354,0.3896,-0.002,0.2652,0.0089,0.1295,0.2068,-0.0441,,,,,0.4007,0.4266,0.0259,67,,,
8035.T,TOKYO ELECTRON,JPY,11505.0,26133.4248,2027-03-31,250.914,344.7686,490.0383,271.76,417.2044,42.3351,27.5764,33.3702,23.4778,0.3741,0.4214,0.3975,0.545,0.2519,0.4454,0.7372,0.6937,0.0156,0.0901,0.07,0.1882,0.0365,-0.2365,,,,,0.198,0.2448,0.0469,66.5,,,
DY,"Dycom Industries, Inc.",USD,266.79,8.0466,2027-01-31,11.97,17.0463,20.7822,15.37,19.513,17.3578,13.6724,15.6509,12.8374,0.4241,0.2192,0.3176,0.3669,0.1322,0.2604,0.3224,0.4304,0.0251,0.0279,0.0418,0.041,-0.1338,-0.4736,0.0958,0.0681,2.97,0.0214,0.0411,0.1485,0.1074,66.5,,,
IFX.DE,INFINEON TECHNOLOGIES AG      N,EUR,57.96,75.319,2026-09-30,1.39,1.7432,2.8497,1.47,2.8467,39.4286,20.3606,33.2488,20.3389,0.2541,0.6347,0.4318,0.115,0.2163,0.4842,0.8012,0.4715,0.0042,0.0002,0.0268,0.0747,0.0084,-0.2611,,,,,0.1274,0.343,0.2156,66.5,,,
SE,Sea Limited,USD,98.91,60.5808,2026-12-31,3.1724,3.8291,5.1819,3.179,4.8372,31.1136,20.4476,25.8314,19.0874,0.207,0.3533,0.2781,0.3554,0.2266,0.3865,0.9878,0.7354,0.0221,-0.0193,0.0083,-0.0171,-0.164,0.0641,0.2165,0.1517,1.29,0.0232,0.1284,0.2128,0.0844,66.5,,,
CAMT,Camtek Ltd.,USD,142.61,6.6553,2026-12-31,3.26,3.6188,4.8242,3.11,4.5171,45.8553,31.5714,39.4083,29.5614,0.1101,0.3331,0.2165,0.1957,0.2655,0.3553,2.8687,1.4584,0.0,0.0326,0.0001,0.0769,-0.0152,-0.0935,0.183,0.2554,3.61,0.0335,0.2308,0.2032,-0.0276,66.0,,,
FN,Fabrinet,USD,409.96,14.6909,2027-06-30,14.09,18.1972,21.7877,14.1,19.0924,29.0752,21.4724,22.5287,18.8161,0.2915,0.1973,0.2435,0.315,0.1973,0.3528,0.7366,0.8818,0.0,0.0587,0.0228,0.0252,-0.0526,-0.2239,0.2679,0.0009,0.01,-0.0004,0.1395,0.1379,-0.0016,66.0,67.0,GARP,
FICO,Fair Isaac Corporation,USD,840.89,18.1612,2026-09-30,29.88,43.0229,53.0095,39.75,52.9822,21.1545,15.8712,19.5452,15.863,0.4399,0.2321,0.3319,0.277,0.1377,0.2501,0.3608,0.4781,-0.002,-0.001,-0.0006,-0.0261,-0.2733,-0.2859,0.6503,0.4161,4.39,-0.045,0.0727,0.1548,0.0822,66.0,,,
JD,"JD.com, Inc.",USD,26.61,35.9368,2026-12-31,2.6584,3.343,4.1937,2.3436,3.9769,11.3544,6.6911,7.9599,6.3453,0.2575,0.2545,0.256,0.0364,0.0587,0.4412,0.2598,0.2614,-0.0101,0.0081,-0.0059,-0.0309,-0.066,0.0539,0.0106,0.0217,4.11,-0.0409,-0.0975,0.1656,0.2631,66.0,,,
SITM,SiTime Corporation,USD,656.65,19.6703,2026-12-31,3.2,11.1352,14.9211,6.18,13.9565,106.254,47.0498,58.9707,44.008,2.4797,0.34,1.1594,1.6634,0.5556,0.5858,0.1897,0.4058,-0.0007,0.4185,-0.0002,0.3797,0.0946,-0.0758,-0.0022,0.1806,24.8,0.1344,0.3331,0.2065,-0.1266,66,,,
ANET,"Arista Networks, Inc.",USD,204.92,258.4502,2026-12-31,2.98,4.1122,5.1874,3.46,4.9135,59.2254,41.7059,49.8326,39.5033,0.3799,0.2615,0.3194,0.4063,0.2816,0.333,1.0977,1.3059,-0.0002,0.1337,0.0054,0.1646,0.019,0.2488,2.8477,0.4891,,-0.0026,0.3013,0.169,-0.1323,66.0,68.0,Quality Compounder,
GFS,GlobalFoundries Inc.,USD,47.78,26.6335,2026-12-31,1.72,1.9567,2.6241,1.82,2.4541,26.2527,19.4698,24.4185,18.2081,0.1376,0.3411,0.2352,0.076,0.1252,0.3064,1.4147,0.8279,0.0004,0.0234,-0.001,0.039,0.0311,-0.4101,0.061,0.1147,0.82,0.01,0.1174,0.207,0.0896,65.5,,,
ATI,ATI Inc.,USD,180.67,24.6019,2026-12-31,3.24,5.1169,6.3729,4.01,6.0529,45.0549,29.8486,35.3083,28.3498,0.5793,0.2455,0.4025,0.1213,0.0987,0.3708,0.5153,0.7416,-0.0026,0.1534,0.0239,0.1789,-0.1578,-0.0862,0.1844,0.1116,2.33,-0.04,0.2171,0.1613,-0.0558,65.5,,,
RMBS,"Rambus, Inc.",USD,102.12,11.0761,2026-12-31,2.456,3.0357,3.7212,2.6646,3.5466,38.3247,28.794,33.6396,27.4424,0.236,0.2258,0.2309,0.1686,0.1994,0.284,1.2199,1.2469,0.0011,0.0286,0.0066,0.0143,0.1208,-0.1758,0.3419,0.396,0.07,0.0119,0.2084,0.1518,-0.0566,65.0,,,
AS,"Amer Sports, Inc.",USD,27.62,16.0699,2026-12-31,0.97,1.3259,1.6481,1.24,1.566,22.2742,17.6371,20.831,16.7586,0.3669,0.243,0.3035,0.2497,0.1513,0.2476,0.4807,0.5811,0.023,0.0576,0.0219,0.0503,-0.095,-0.1706,0.0951,0.0934,0.78,0.0643,0.0955,0.1601,0.0645,65.0,,,
402340.KS,SKSQUARE,KRW,1118000.0,147323.4348,2026-12-31,66503.82,363989.75,423431.75,,408286.2541,,2.7383,3.0715,2.6403,4.4732,0.1633,1.5233,-0.0093,0.0204,0.8429,0.0061,0.018,0.2533,0.3621,0.0896,0.3254,0.0468,-0.35,,,,,-0.1814,0.1213,0.3027,65,,,Y
BAP,Credicorp Ltd.,USD,385.95,30.6519,2026-12-31,25.8626,29.783,34.3137,27.3766,33.1593,14.0978,11.6393,12.9587,11.2477,0.1516,0.1521,0.1519,0.1206,0.1093,0.2022,0.7678,0.7665,0.0034,0.0063,0.0092,0.0354,0.0342,0.0031,,,,0.0001,0.0081,0.1158,0.1076,65.0,,,
ENR.DE,Siemens Energy AG             N,EUR,142.86,121.5522,2026-09-30,1.5948,4.472,6.206,3.4782,6.2013,41.0727,23.0373,31.9452,23.0196,1.8041,0.3877,0.9727,0.1298,0.1445,0.4395,0.1277,0.2368,0.0027,0.0278,0.003,0.0342,-0.049,-0.1284,,,,,0.1556,0.229,0.0734,64.5,,,
ASM.AS,ASM International N.V.,EUR,872.2,42.5782,2026-12-31,15.0473,23.364,30.7781,18.6184,28.889,46.8461,30.1914,37.3309,28.3384,0.5527,0.3173,0.4302,0.3073,0.2925,0.3951,0.5462,0.7018,-0.0001,0.0496,0.0085,0.1098,0.0562,-0.1217,,,,,0.2199,0.1957,-0.0242,64.5,,,
ASML.AS,ASML HOLDING,EUR,1582.0,607.6462,2026-12-31,24.71,38.325,51.7225,27.56,48.3089,57.402,32.7476,41.2785,30.5863,0.551,0.3496,0.4468,0.3122,0.2734,0.4672,0.5943,0.733,0.0035,0.2117,0.0006,0.2292,0.0579,-0.0369,,,,,0.2399,0.211,-0.0288,64.5,,,
5803.T,FUJIKURA,JPY,4931.0,8164.2599,2027-03-31,94.93,200.0857,229.8348,124.5916,214.9195,39.5773,22.9435,24.6444,21.4545,1.1077,0.1487,0.556,6.8273,0.1187,0.4579,0.2071,0.4127,0.1276,0.3929,0.0895,0.2789,-0.0705,-0.2338,,,,,0.1547,0.1141,-0.0406,64.0,70.0,Earnings Revision Play,
010140.KS,SamsungHvyInd,KRW,19330.0,16510.7277,2026-12-31,639.0,1178.6111,1698.637,663.0,1566.1373,29.1554,12.3425,16.4007,11.3797,0.8445,0.4412,0.6304,0.2072,0.1492,0.6097,0.1462,0.1958,-0.0099,-0.0705,0.0013,-0.016,-0.0795,-0.1596,,,,,0.02,0.2541,0.2341,64,,,
CRS,Carpenter Technology Corporatio,USD,385.3,19.0949,2027-06-30,10.76,13.3766,15.8804,10.76,14.0008,35.8086,27.5199,28.8041,24.2627,0.2432,0.1872,0.2149,0.1149,0.1025,0.3224,1.1317,1.2809,0.0557,0.0516,0.0459,0.0616,-0.2146,-0.3653,0.2232,0.116,0.87,-0.0059,0.1975,0.133,-0.0645,64.0,,,
NTAP,"NetApp, Inc.",USD,204.41,40.15,2027-04-30,8.13,10.0057,11.1209,9.18,10.4701,22.2669,19.5232,20.4294,18.3806,0.2307,0.1115,0.1696,0.181,0.058,0.1745,0.8462,1.1513,0.109,0.1245,0.1073,0.1279,0.0722,0.3183,3.1321,0.2232,1.17,-0.0314,0.118,0.0957,-0.0223,63.5,,,
AMKR,"Amkor Technology, Inc.",USD,53.18,13.2127,2026-12-31,1.5,2.5722,2.8064,2.23,2.7467,23.8475,19.3616,20.6752,18.9499,0.7148,0.091,0.3678,0.1427,0.1272,0.2054,0.2709,0.5264,-0.0024,0.2323,0.0165,0.1445,0.0278,-0.3541,0.1232,,1.96,0.0065,0.1162,0.0855,-0.0306,63.5,,,
6857.T,ADVANTEST CORP,JPY,33910.0,24481.4247,2027-03-31,515.15,931.4313,1198.654,633.26,1064.6766,53.5483,31.85,36.4063,28.2901,0.8081,0.2869,0.5254,0.7829,0.2743,0.4717,0.3941,0.6062,0.0162,0.2928,0.0517,0.3669,-0.0501,-0.0554,,,,,0.233,0.1812,-0.0518,63.5,,,
VIAV,Viavi Solutions Inc.,USD,40.87,10.0847,2027-06-30,1.0,1.6425,1.9507,0.98,1.7193,41.7041,23.7708,24.883,20.9513,0.6425,0.1877,0.3967,0.2456,0.1318,0.4976,0.37,0.5992,-0.0008,0.3277,0.0,0.0652,0.0629,-0.1379,-0.2042,0.0545,2.38,0.0168,0.1629,0.1332,-0.0297,63.5,,,
039030.KQ,EO Technics,KRW,495500.0,6104.3371,2026-12-31,4689.0,9759.622,13529.475,,12568.9371,,39.4226,50.7704,36.6237,1.0814,0.3863,0.6986,0.3686,0.2827,0.6534,0.3646,0.5643,0.0218,0.0224,0.0294,0.0861,0.2189,0.0216,,,,,0.2867,0.2284,-0.0584,63.5,,,
ANF,Abercrombie & Fitch Company,USD,134.18,5.6938,2027-01-31,10.46,13.5423,13.1761,11.68,13.3005,11.488,10.0883,9.9082,10.1836,0.2947,-0.027,0.1223,0.0499,0.0435,0.1135,0.3424,0.8246,0.263,0.263,0.1113,0.1099,-0.0794,0.5011,0.2666,0.1061,0.89,-0.0981,-0.0203,0.0258,0.0461,63.5,,,
NTES,"NetEase, Inc.",USD,121.04,77.5056,2026-12-31,8.6508,9.2084,10.7565,8.2287,10.3621,14.7096,11.6811,13.1446,11.2527,0.0644,0.1681,0.1151,0.0717,0.076,0.235,1.8125,1.015,-0.0061,-0.0531,0.0035,0.0022,-0.0134,-0.0629,3.6826,0.435,0.29,0.0039,0.0089,0.1236,0.1148,63,,,
NVMI,Nova Ltd.,USD,370.42,11.7816,2026-12-31,8.62,10.6735,13.6602,9.14,12.8992,40.5274,28.7165,34.7048,27.1167,0.2382,0.2798,0.2589,0.2239,0.2621,0.3309,1.2055,1.1094,0.0,0.0213,0.0,0.0559,-0.0013,-0.2882,0.1975,0.2024,2.64,0.0616,0.2077,0.1778,-0.0299,63.0,,,
6526.T,SOCIONEXT INC,JPY,2102.5,368.5454,2027-03-31,49.74,71.8165,119.9596,,95.8221,,21.9417,29.276,17.5267,0.4438,0.6704,0.553,0.1684,0.1866,0.5854,0.4944,0.3968,-0.0204,-0.0594,-0.0057,0.037,0.0492,-0.2206,,,,,0.1444,0.3591,0.2147,63,,,
4478.T,FREEE K K,JPY,3600.0,213.4158,2027-06-30,18.2,54.8133,99.4213,18.2,65.9347,197.8022,54.5995,65.6775,36.2095,2.0117,0.8138,1.3372,0.2385,0.1979,0.8169,0.2714,0.4083,0.0877,-0.0571,0.1288,0.0202,-0.0564,0.9068,,,,,0.3733,0.4232,0.0498,62.5,,,
SAN.MC,BANCO SANTANDER S.A.,EUR,12.624,183.0026,2026-12-31,0.9,1.0419,1.272,0.94,1.2134,13.4298,10.4041,12.1161,9.9246,0.1577,0.2208,0.1888,0.0229,0.0892,0.261,0.6598,0.551,0.0018,0.0362,0.0031,0.0411,-0.0082,0.0406,,,,,-0.0142,0.1493,0.1636,62.0,,,
APO,"Apollo Global Management, Inc. ",USD,119.0,70.2746,2026-12-31,8.38,8.7654,10.7357,8.69,10.2337,13.6939,11.6282,13.576,11.0845,0.046,0.2248,0.1319,0.2123,0.1704,0.1906,2.5281,0.8818,-0.0002,-0.02,0.0002,0.0051,-0.1082,0.0363,0.0555,0.2661,,-0.0048,0.008,0.1513,0.1433,62.0,,,
TEL,TE Connectivity plc,USD,214.71,62.1614,2026-09-30,8.76,11.4549,12.9168,10.83,12.9128,19.8255,16.6277,18.744,16.6225,0.3076,0.1276,0.2143,0.15,0.0919,0.1616,0.5405,0.7759,0.0001,0.019,0.0008,0.0237,0.0577,0.0828,0.1751,0.1716,1.13,-0.0207,0.0827,0.1037,0.021,62.0,,,
003230.KS,SamyangFood,KRW,1225000.0,9227.9407,2026-12-31,52156.0,75145.5,90918.3,64943.0,86899.477,18.8627,14.0967,16.3017,13.4736,0.4408,0.2099,0.3203,0.3363,0.1931,0.2857,0.3198,0.4401,-0.009,0.005,-0.0075,0.0203,-0.1723,0.1026,,,,,0.0475,0.144,0.0965,62.0,,,
EXLS,"ExlService Holdings, Inc.",USD,34.6,5.2458,2026-12-31,1.95,2.2888,2.597,2.15,2.5185,16.093,13.7384,15.1172,13.323,0.1737,0.1347,0.154,0.1542,0.1168,0.1721,0.7908,0.8919,0.0,0.0241,0.0,0.0349,-0.0938,0.3531,0.2409,0.1229,1.19,-0.0373,0.0421,0.1072,0.065,61.5,,,
DXCM,"DexCom, Inc.",USD,86.68,32.7096,2026-12-31,2.09,2.6623,3.1241,2.55,3.0064,33.9922,28.8317,32.5578,27.7459,0.2738,0.1734,0.2226,0.1219,0.1089,0.1838,1.0528,1.2952,0.0,0.0288,-0.0001,0.0169,-0.0292,0.2386,0.4449,0.2827,0.97,-0.0261,0.2087,0.1262,-0.0825,61.5,,,
SMCI,"Super Micro Computer, Inc.",USD,41.78,27.448,2027-06-30,3.63,4.3377,5.3259,3.58,4.584,11.6704,9.1142,9.6319,7.8447,0.1949,0.2278,0.2113,0.7185,0.1733,0.3278,0.4675,0.4314,-0.0001,0.359,0.0,0.4359,0.0863,0.4842,0.1403,,3.21,0.1097,-0.04,0.1527,0.1927,61.0,,,
SNOW,Snowflake Inc.,USD,328.12,115.7607,2027-01-31,1.25,2.2159,3.0184,1.68,2.7458,195.3095,119.4987,148.0726,108.7055,0.7728,0.3621,0.5539,0.3483,0.2847,0.4434,1.5464,2.1572,0.1445,0.1473,0.1152,0.1235,-0.003,0.3039,-0.1526,0.2199,,0.0343,0.6062,0.217,-0.3893,61,,,
ABNB,"Airbnb, Inc.",USD,156.08,93.4585,2026-12-31,4.03,5.3134,6.2449,4.4,6.0076,35.4727,25.9806,29.3747,24.9932,0.3185,0.1753,0.2448,0.1576,0.1161,0.2954,0.8158,1.0612,0.0041,0.0432,0.0095,0.0319,-0.1536,0.0605,0.1681,0.3693,0.88,-0.0386,0.1838,0.1271,-0.0566,61.0,,,
012450.KS,HANWHA AEROSPACE,KRW,1012000.0,52066.1731,2026-12-31,28530.0,47865.61,59474.45,39113.0,56516.5812,25.8738,17.9062,21.1425,17.0157,0.6777,0.2425,0.4438,0.2138,0.0736,0.3424,0.2642,0.4035,0.0142,0.0601,0.0091,0.0582,-0.12,0.001,,,,,0.0989,0.1598,0.061,61.0,64.0,High-Growth at Fair Price (방산),
TPL,Texas Pacific Land Corporation,USD,338.15,23.3238,2026-12-31,6.97,9.3025,10.3244,7.8467,10.0641,43.0947,33.5998,36.3504,32.7524,0.3347,0.1099,0.2171,0.2929,0.125,0.24,1.004,1.5479,0.0679,0.0146,0.0777,0.024,-0.0854,-0.1948,0.3854,0.5868,0.02,-0.0003,0.2463,0.0949,-0.1514,60.5,,,
SOFI,"SoFi Technologies, Inc.",USD,15.93,20.5747,2026-12-31,0.3744,0.5947,0.824,0.4581,0.7656,34.7741,20.8079,26.7853,19.3328,0.5885,0.3855,0.4835,0.3583,0.2553,0.444,0.3536,0.4303,-0.0097,0.0086,0.0022,0.0154,-0.1694,-0.1242,0.0468,,,0.1449,0.1324,0.228,0.0956,60.5,,,
240810.KQ,WONIK IPS,KRW,130300.0,6339.8362,2026-12-31,1727.0,4529.2114,4881.184,3556.0,4791.5033,36.6423,27.194,28.7688,26.6943,1.6226,0.0777,0.6812,0.3582,0.2724,0.2715,0.1676,0.3992,0.0,0.2667,0.0198,0.0681,0.1562,-0.2045,,,,,0.1946,0.0789,-0.1158,60.5,,,
HWM,Howmet Aerospace Inc.,USD,228.32,91.0543,2026-12-31,3.77,5.3375,6.4613,4.55,6.1749,50.1802,36.9752,42.7764,35.3367,0.4158,0.2105,0.3091,0.2248,0.1368,0.2958,0.8893,1.196,0.0007,0.0573,0.0066,0.0733,-0.1469,-0.1499,0.2299,0.1964,1.62,-0.011,0.2703,0.1443,-0.126,60.5,,,
5801.T,FURUKAWA ELECTRIC CO,JPY,3684.0,2591.6809,2027-03-31,103.017,155.8373,200.2677,127.299,177.9916,28.9397,20.6976,23.64,18.3954,0.5127,0.2851,0.3943,,0.1295,0.3644,0.4037,0.5249,0.0068,0.2352,0.021,0.1293,-0.0566,-0.262,,,,,0.1312,0.1803,0.0492,60.5,,,
035720.KS,Kakao,KRW,33700.0,14851.0469,2026-12-31,1134.0,1308.9526,1929.9354,1233.0,1771.7124,27.3317,19.0211,25.7458,17.4617,0.1543,0.4744,0.3046,0.0304,0.0863,0.3611,1.2329,0.6245,-0.0134,-0.1291,0.0437,0.1078,-0.0639,0.0166,,,,,0.1122,0.2695,0.1573,60.5,,,
BKNG,Booking Holdings Inc. Common St,USD,163.87,123.1287,2026-12-31,9.1224,10.4483,12.3683,9.612,11.8791,17.0485,13.7948,15.6838,13.2492,0.1454,0.1838,0.1644,0.0872,0.0943,0.2229,0.9491,0.8391,0.0,-0.0006,-0.0007,0.0045,-0.191,-0.1016,0.9245,0.3378,1.96,-0.0416,0.043,0.1313,0.0883,60.5,,,
EME,"EMCOR Group, Inc.",USD,765.52,33.767,2026-12-31,25.87,32.8506,36.749,29.66,35.7557,25.8098,21.4097,23.3031,20.831,0.2698,0.1187,0.1919,0.1962,0.0987,0.1929,0.7934,1.1159,0.1178,0.1202,0.1161,0.1249,-0.0123,-0.06,0.3681,0.063,0.21,-0.0243,0.1388,0.0992,-0.0396,60.5,,,
298040.KS,HYOSUNG HEAVY,KRW,2804000.0,26110.1212,2026-12-31,55832.0,84715.7,123355.555,62829.0,113510.3317,44.6291,24.7026,33.0989,22.731,0.5173,0.4561,0.4864,0.2017,0.1945,0.4907,0.4775,0.5079,0.0026,-0.0073,0.0001,0.0014,-0.0893,-0.0964,,,,,0.1719,0.261,0.0891,60.5,,,
MGNI,"Magnite, Inc.",USD,23.4,3.3561,2026-12-31,0.87,1.104,1.289,0.93,1.2419,25.1613,18.8427,21.1957,18.1536,0.269,0.1676,0.2172,0.1371,0.0983,0.2785,0.7006,0.8675,0.0,-0.0014,0.0,0.0429,0.0017,0.2251,0.1064,0.2908,2.28,0.0102,0.1101,0.1234,0.0132,60.5,,,
NFLX,"Netflix, Inc.",USD,69.23,288.2696,2026-12-31,2.53,3.5836,3.8089,3.177,3.7515,21.791,18.4539,19.3185,18.1758,0.4165,0.0629,0.227,0.1336,0.1126,0.1659,0.4431,0.813,-0.0002,-0.0024,-0.0019,-0.0047,-0.1329,-0.0617,0.3243,0.2306,1.08,-0.0148,0.1055,0.0714,-0.0341,60.5,,,
UBSG.SW,UBS GROUP N,CHF,40.76,124.7966,2026-12-31,2.3358,3.0062,3.5069,2.7621,3.3793,14.7568,12.0616,13.5588,11.6227,0.287,0.1666,0.2253,0.1322,0.028,0.2124,0.4203,0.5353,0.0074,0.1077,0.006,0.0808,-0.0851,0.0119,,,,,0.0154,0.1229,0.1075,60,,,
PDD,PDD Holdings Inc.,USD,78.49,111.7224,2026-12-31,10.7975,10.2295,12.3187,10.0859,11.7864,7.7821,6.6594,7.6729,6.3716,-0.0526,0.2042,0.0681,0.0791,0.1116,0.1812,,0.9776,0.007,0.0051,0.0007,-0.0117,-0.0732,0.0255,0.1492,0.2457,0.05,-0.0009,-0.0984,0.1413,0.2396,60.0,,,
7832.T,BANDAI NAMCO HOLDINGS INC,JPY,5631.0,3611.5317,2027-03-31,95.05,244.22,264.5152,,254.3398,,22.1397,23.0571,21.288,1.5694,0.0831,0.6682,17.5251,0.0615,0.6407,0.1411,0.3313,0.0452,0.1232,0.0458,0.1075,-0.0048,0.5092,,,,,0.1465,0.0816,-0.0649,60,,,
042660.KS,Hanwha Ocean,KRW,78600.0,24079.7216,2026-12-31,3409.0,6208.51,6347.9307,5673.0,6312.4071,13.8551,12.4517,12.66,12.382,0.8212,0.0225,0.3646,0.255,-0.0186,0.1063,0.1516,0.3415,-0.0012,0.3129,-0.0078,0.0561,-0.1228,-0.198,,,,,0.0218,0.051,0.0292,60.0,,,
DECK,Deckers Outdoor Corporation,USD,78.36,10.6712,2027-03-31,7.02,7.5126,8.3508,7.05,7.9305,11.1149,9.8808,10.4305,9.3835,0.0702,0.1116,0.0907,0.0743,0.0723,0.1558,1.4082,1.0897,-0.0021,0.0029,-0.0054,0.0027,-0.0923,-0.2263,0.9059,0.2022,0.32,-0.0572,-0.0243,0.0957,0.1201,59.5,,,
GOOGL,Alphabet Inc.,USD,342.75,4191.8102,2026-12-31,10.81,20.6375,14.9398,19.91,16.3916,17.215,20.9101,16.6081,22.942,0.9091,-0.2761,0.1756,0.2377,0.2332,-0.3327,0.23,1.1908,0.0017,0.4504,0.0057,0.0288,0.0062,-0.0308,0.2493,0.1195,0.68,-0.0056,0.1335,-0.1069,-0.2404,59.5,,,
PWR,"Quanta Services, Inc.",USD,644.36,96.8753,2026-12-31,10.75,16.7426,19.7739,13.41,19.0016,48.0507,33.9109,38.4863,32.5863,0.5574,0.1811,0.3563,0.3894,0.1546,0.3218,0.6083,0.9519,0.0009,0.1949,0.0068,0.2013,0.0362,-0.0981,0.1002,0.0695,1.37,0.0082,0.2486,0.13,-0.1186,59.5,,,
SHOP,Shopify Inc.,USD,144.01,186.8752,2026-12-31,1.43,1.9107,2.4504,1.6,2.3129,90.0062,62.2648,75.3715,58.7705,0.3361,0.2825,0.309,0.3192,0.258,0.347,1.8524,2.0149,0.0024,0.0398,-0.001,0.0505,-0.0669,0.2609,0.2624,0.1773,0.07,-0.0074,0.4099,0.1791,-0.2308,59.0,,,
6920.T,LASERTEC CORP,JPY,41000.0,3677.9713,2027-06-30,862.99,1120.9929,1486.7477,862.99,1212.1811,47.5092,33.8233,36.5747,27.577,0.299,0.3263,0.3125,0.4816,0.2765,0.4195,1.1314,1.0822,0.0055,0.06,0.0075,0.1015,0.1843,-0.229,,,,,0.2479,0.2,-0.0479,59.0,,,
EPAM,"EPAM Systems, Inc.",USD,107.55,5.5482,2026-12-31,11.5,13.1511,14.0583,12.58,13.8271,8.5493,7.7782,8.178,7.6503,0.1436,0.069,0.1056,0.0366,0.0355,0.1052,0.5417,0.7362,0.0,0.0068,-0.0002,-0.0077,-0.0463,0.3439,0.1652,0.0859,0.19,-0.0484,-0.0699,0.0745,0.1444,59.0,,,
MSFT,Microsoft Corporation,USD,509.22,3781.2364,2027-06-30,17.28,19.7597,23.6759,17.28,20.7361,29.4688,24.5572,25.7706,21.508,0.1435,0.1982,0.1705,0.1784,0.195,0.2701,1.7113,1.4401,0.0003,0.0187,0.0044,0.0463,0.0082,0.3816,0.2618,0.2019,0.64,-0.0016,0.1705,0.1383,-0.0322,59.0,,,
TRMB,Trimble Inc.,USD,57.51,13.4102,2026-12-31,3.13,3.6708,4.137,3.46,4.0182,16.6214,14.3123,15.6669,13.9013,0.1728,0.127,0.1497,0.0958,0.0787,0.1636,0.8284,0.9563,0.0004,0.0232,0.0033,0.0148,-0.0655,0.1328,0.103,0.2044,1.58,-0.0387,0.0507,0.1034,0.0527,59.0,,,
064350.KS,HYUNDAI ROTEM,KRW,112300.0,12256.6801,2026-12-31,7055.0,8043.6025,11099.668,7401.0,10320.9993,15.1736,10.8807,13.9614,10.1174,0.1401,0.3799,0.2543,0.1594,0.1948,0.3332,0.7765,0.4278,-0.0087,-0.0473,-0.0462,-0.1075,-0.1898,-0.3386,,,,,-0.0054,0.2254,0.2307,59.0,,,
FUTU,Futu Holdings Limited,USD,112.27,15.7396,2026-12-31,10.5063,9.4103,12.3472,10.5214,11.5989,10.6706,9.6794,11.9305,9.0928,-0.1043,0.3121,0.0841,0.1094,0.0397,0.1479,,1.1512,-0.0491,0.0377,-0.0,0.0104,-0.0987,0.1554,0.1976,1.8262,,0.0042,-0.0284,0.1932,0.2216,59.0,,,
PRY.MI,PRYSMIAN,EUR,125.15,37.4542,2026-12-31,2.9669,4.7691,6.0909,4.1287,5.7541,30.3122,21.7496,26.2417,20.547,0.6074,0.2772,0.4328,0.1457,0.1111,0.3222,0.3581,0.5025,-0.0112,0.0046,-0.0044,0.039,0.0234,-0.1272,,,,,0.1424,0.1765,0.0341,58.5,,,
259960.KS,KRAFTON,KRW,198700.0,8635.1959,2026-12-31,16299.0,20121.283,25395.879,18822.0,24051.9408,10.5568,8.2613,9.8751,7.8241,0.2345,0.2621,0.2482,0.4537,0.0526,0.2589,0.3523,0.3328,-0.0059,-0.1493,0.0087,-0.0166,-0.0948,-0.026,,,,,-0.0587,0.1693,0.228,58.5,,,
IT,"Gartner, Inc.",USD,185.73,11.7287,2026-12-31,13.17,14.4811,16.3587,14.39,15.8803,12.9069,11.6956,12.8257,11.3536,0.0996,0.1297,0.1145,-0.0125,0.0408,0.1203,1.1748,1.0214,-0.0009,0.0568,-0.0055,0.0684,-0.0553,0.3987,0.3598,0.1994,2.32,-0.0883,0.0091,0.1047,0.0956,58.5,,,
KSPI,Joint Stock Company Kaspi.kz - ,USD,95.82,18.2084,2026-12-31,12.695,13.5593,15.0512,,14.6711,,6.5312,7.0667,6.3663,0.0681,0.11,0.0889,0.1734,0.1709,0.1566,0.9592,0.735,0.0376,0.0276,-0.0083,-0.0842,-0.0875,0.096,0.8196,0.2151,0.24,0.0008,-0.1019,0.095,0.1968,58.5,,,
ZBRA,Zebra Technologies Corporation,USD,371.87,17.5934,2026-12-31,15.84,21.0393,22.2279,19.31,21.9251,19.2579,16.961,17.675,16.7299,0.3282,0.0565,0.1846,0.1534,0.0623,0.1313,0.5167,0.9188,-0.0039,0.1347,-0.0005,0.0736,0.0298,0.4537,0.1185,0.1546,2.38,-0.0371,0.087,0.0682,-0.0188,58.0,,,
6981.T,MURATA MANUFACTURING CO,JPY,8089.0,14662.7111,2027-03-31,177.77,202.3777,290.8182,145.54,246.4768,55.5792,32.8185,39.9698,27.8146,0.1384,0.437,0.279,0.8478,0.1787,0.4995,2.3709,1.1762,0.047,0.1142,0.0737,0.1615,0.1258,-0.3159,,,,,0.2404,0.2521,0.0117,57.5,,,
IBKR,"Interactive Brokers Group, Inc.",USD,87.08,148.3683,2026-12-31,2.19,2.7066,3.1964,2.51,3.0716,34.6932,28.35,32.1733,27.2431,0.2359,0.181,0.2081,0.2123,0.1689,0.2147,1.2019,1.3622,-0.0026,0.0772,0.0041,0.1111,-0.0981,-0.0127,0.0801,2.3166,,0.02,0.2046,0.1299,-0.0747,57.5,,,
IOT,Samsara Inc.,USD,37.93,22.212,2027-01-31,0.56,0.7709,0.9495,0.7,0.8888,54.1857,42.6738,49.2003,39.9473,0.3767,0.2316,0.3021,0.2637,0.2001,0.2628,1.133,1.4124,0.0827,0.086,0.0551,0.0614,-0.0941,0.1816,0.0211,0.1383,1.44,0.0311,0.3073,0.1546,-0.1527,57.5,,,
267260.KS,HD HYUNDAI ELECTRIC,KRW,681000.0,24511.0323,2026-12-31,20354.0,26606.771,34100.816,23637.0,32191.3744,28.8108,21.1547,25.595,19.9702,0.3072,0.2817,0.2944,0.1504,0.1984,0.3068,0.6886,0.7187,-0.0148,-0.0236,-0.0107,-0.0078,-0.1705,-0.2288,,,,,0.1361,0.1787,0.0426,57.5,,,
ESTC,Elastic N.V.,USD,87.94,9.2329,2027-04-30,2.57,3.3594,3.9551,2.68,3.6074,32.8134,24.3774,26.1775,22.2348,0.3071,0.1773,0.2405,0.1529,0.147,0.3224,0.7937,1.0135,0.0356,0.0303,0.0205,0.0276,0.0502,0.5442,-0.0545,0.1937,,0.0221,0.1688,0.1281,-0.0407,57.5,,,
GE,GE Aerospace,USD,318.24,330.1939,2026-12-31,6.37,7.9089,9.8236,7.11,9.3358,44.7595,34.0882,40.2383,32.3953,0.2416,0.2421,0.2418,0.1885,0.1094,0.2762,1.411,1.4095,-0.0006,0.0484,0.0109,0.0323,-0.0715,-0.1484,0.3103,0.1658,1.71,-0.0231,0.2499,0.1596,-0.0902,57.5,,,
CRM,"Salesforce, Inc.",USD,227.27,187.0432,2027-01-31,12.52,16.7553,16.0067,16.84,16.2611,13.4958,13.9763,13.5641,14.1984,0.3383,-0.0447,0.1307,0.1148,0.0971,-0.0521,0.4132,1.0693,0.1853,0.1859,0.0315,0.033,-0.0983,0.4391,0.1096,0.3449,3.14,-0.0744,0.0457,0.0167,-0.029,57.0,,,
NOW,"ServiceNow, Inc.",USD,131.45,135.9012,2026-12-31,3.51,4.0667,5.0055,3.754,4.7663,35.016,27.579,32.3233,26.2611,0.1586,0.2308,0.1942,0.2215,0.1876,0.25,1.7388,1.4203,0.0,-0.0136,0.0,-0.0042,-0.0504,0.3149,0.1028,0.3109,2.77,-0.004,0.198,0.1542,-0.0438,57.0,,,
INTC,Intel Corporation,USD,116.03,613.3468,2026-12-31,0.42,1.5203,2.0621,1.09,1.924,106.4495,60.3058,76.3225,56.2684,2.6197,0.3564,1.2158,0.1934,0.1416,0.4714,0.2302,0.496,0.005,0.3952,0.0105,0.3459,0.26,-0.1191,0.0342,0.0496,2.96,0.1328,0.4009,0.2143,-0.1866,57.0,,,
AEHR,Aehr Test Systems,USD,98.49,3.2166,2027-05-31,0.03,0.75,1.3833,0.03,0.96,3283.0,102.5987,131.32,71.1978,24.0,0.8444,5.7905,1.7251,0.4811,0.9783,0.0427,0.1772,4.0,4.0,3.6111,3.6111,0.0888,0.0393,,,,,0.558,0.4367,-0.1213,57,,,
6532.T,BAYCURRENT INC,JPY,7596.0,1116.4907,2027-02-28,249.16,323.4456,406.1576,,371.7132,,20.4351,23.4846,18.7021,0.2981,0.2557,0.2768,4.3064,0.2488,0.3865,0.6854,0.7384,,,-0.0015,0.0131,-0.0225,0.3796,,,,,0.1283,0.1662,0.0379,57.0,,,
CBK.DE,Commerzbank AG                I,EUR,42.72,46.1738,2026-12-31,2.7651,3.1601,3.9056,3.1367,3.7157,13.6193,11.4972,13.5186,10.9381,0.1429,0.2359,0.1885,0.0935,0.0753,0.1969,0.8048,0.61,0.0129,0.0292,0.0216,0.0388,0.0531,0.1478,,,,,0.0057,0.1566,0.151,57,,,
6146.T,DISCO CORPORATION,JPY,56680.0,6147.951,2027-03-31,1249.84,1755.3003,2162.3958,1346.12,1958.2904,42.1062,28.9436,32.2908,26.2117,0.4044,0.2319,0.3153,0.5933,0.188,0.3775,0.7157,0.9178,0.0211,0.0468,0.0332,0.0744,-0.0648,-0.3407,,,,,0.2096,0.1547,-0.0549,56.5,,,
ARRY,"Array Technologies, Inc.",USD,3.83,0.5892,2026-12-31,0.67,0.7452,0.8906,0.59,0.8536,6.4915,4.4871,5.1395,4.3004,0.1123,0.1951,0.1529,0.122,0.1207,0.3375,0.3997,0.2934,0.0022,0.021,-0.0062,-0.0154,-0.1799,-0.471,,,,,-0.1668,0.1368,0.3037,56.5,,,
ORCL,Oracle Corporation,USD,132.6,401.977,2027-05-31,7.63,8.1414,10.9972,8.08,9.0881,16.4109,14.5905,16.2871,12.0576,0.067,0.3508,0.2005,0.3432,0.4529,0.2653,2.1769,0.7275,0.0104,0.0126,0.0065,0.0072,-0.1273,-0.1026,0.1134,,4.48,0.0195,0.0548,0.2116,0.1568,56.5,52.5,Capex-to-FCF Inflection (고위험),
6098.T,RECRUIT HOLDINGS CO LTD,JPY,16700.0,23194.1236,2027-03-31,479.59,551.1609,693.0445,411.3,621.9083,40.603,26.8528,30.2997,24.0966,0.1492,0.2574,0.2021,4.9983,0.0928,0.4065,1.7994,1.3286,0.0652,0.2195,0.1133,0.3156,-0.0265,0.4858,,,,,0.1916,0.167,-0.0246,56.5,,,
GLW,Corning Incorporated,USD,151.59,130.5779,2026-12-31,2.52,3.2812,4.3642,2.87,4.0883,52.8188,37.0792,46.1996,34.7346,0.3021,0.3301,0.316,0.1736,0.1918,0.3424,1.2275,1.1734,0.0035,0.031,0.0101,0.0384,-0.0079,-0.4071,0.1127,0.1412,2.18,0.0081,0.2711,0.2018,-0.0693,56.5,,,
BX,Blackstone Inc.,USD,114.56,136.9333,2026-12-31,5.57,6.0165,7.4849,6.15,7.1108,18.6276,16.1108,19.041,15.3055,0.0802,0.2441,0.1592,0.1494,0.239,0.1783,2.0098,1.0119,-0.0004,0.0082,-0.0008,-0.0081,-0.2025,-0.0028,0.1703,0.3543,,0.0195,0.0759,0.1606,0.0847,56.0,,,
BIRK,Birkenstock Holding plc,USD,32.97,5.4442,2026-09-30,2.1016,2.22,2.7638,2.2947,2.7624,14.3681,11.9355,14.8512,11.929,0.0564,0.245,0.1468,0.1198,0.1378,0.1698,2.1172,0.8131,0.0001,-0.0188,0.0111,0.0091,-0.0663,-0.2405,0.1039,0.1293,2.79,-0.0224,0.0132,0.161,0.1478,56.0,,,
VST,Vistra Corp.,USD,138.02,46.3244,2026-12-31,2.18,9.4729,10.3811,5.92,10.1497,23.3142,13.5984,14.57,13.2953,3.3454,0.0959,1.1822,0.2665,0.0644,0.4297,0.0406,0.115,-0.0182,-0.01,-0.0127,-0.0646,-0.0128,-0.15,0.0972,0.1174,3.09,0.0045,0.04,0.0879,0.0479,56,,,
PODD,Insulet Corporation,USD,133.11,9.2317,2026-12-31,4.97,6.5016,7.7065,5.87,7.3995,22.6763,17.989,20.4735,17.2724,0.3082,0.1853,0.2452,0.2138,0.1374,0.2383,0.5837,0.7335,-0.0002,0.0031,-0.0006,-0.0467,-0.0718,-0.1561,0.2131,0.0962,1.54,-0.0119,0.0999,0.1321,0.0322,55.5,,,
NTNX,"Nutanix, Inc.",USD,68.7,18.5882,2027-07-31,2.04,2.3141,2.6596,2.04,2.3709,33.6765,28.9768,29.688,25.8313,0.1343,0.1493,0.1418,0.1269,0.1355,0.233,2.1568,2.0435,0.0042,0.0566,0.0031,0.0443,-0.0163,0.3455,0.333,0.2946,3.65,-0.0065,0.2099,0.1144,-0.0955,55.5,,,
KKR,KKR & Co. Inc.,USD,93.24,86.1156,2026-12-31,4.87,6.3213,7.4092,5.55,7.132,16.8,13.0735,14.7501,12.5844,0.298,0.1721,0.2334,0.3757,0.1756,0.2509,0.4387,0.56,0.0012,0.0471,0.0027,0.0019,-0.1471,0.0483,0.0404,0.0906,,0.0003,0.0318,0.1256,0.0937,55.5,,,
CGNX,Cognex Corporation,USD,58.75,9.8832,2026-12-31,1.02,1.6918,2.0218,1.39,1.9377,42.2662,30.3189,34.7267,29.0578,0.6586,0.1951,0.4079,0.1525,0.0968,0.3125,0.4603,0.7433,0.0001,0.1484,-0.0012,0.1471,-0.067,-0.1406,,,,,0.2209,0.1368,-0.0841,55.5,,,
MDB,"MongoDB, Inc.",USD,334.68,26.919,2027-01-31,4.97,6.5283,7.7988,6.19,7.3672,54.0679,45.4286,51.2662,42.9144,0.3135,0.1946,0.2527,0.2258,0.1819,0.2063,1.4489,1.798,0.0646,0.0644,0.0623,0.0628,-0.2404,-0.0103,-0.0171,0.2368,1.55,0.0375,0.3237,0.1366,-0.1872,55.5,,,
SAF.PA,SAFRAN,EUR,333.1,138.0286,2026-12-31,7.6,10.4161,12.9793,,12.3262,,27.0237,31.9794,25.6639,0.3705,0.2461,0.3068,0.1666,0.1026,0.4145,0.7293,0.8807,-0.0003,0.0321,-0.0067,0.0545,-0.0354,-0.0512,,,,,0.1931,0.1616,-0.0316,55.5,,,
ARES,Ares Management Corporation,USD,118.34,39.2624,2026-12-31,4.76,5.8379,7.1906,5.17,6.8459,22.8897,17.2863,20.2711,16.4577,0.2264,0.2317,0.2291,0.1627,0.1715,0.281,0.7634,0.7546,-0.0023,-0.0186,-0.0002,-0.0183,-0.169,0.0998,0.0161,0.1592,,0.0719,0.0911,0.1546,0.0635,55.5,,,
UBER,"Uber Technologies, Inc.",USD,68.16,139.2209,2026-12-31,4.73,3.1924,4.5569,4.55,4.2092,14.9802,16.1931,21.3509,14.9576,-0.3251,0.4274,-0.0185,0.113,0.1538,0.0015,,,-0.013,0.0493,-0.0161,0.0216,-0.1142,-0.0972,0.1918,0.1832,1.87,-0.0228,0.077,0.2477,0.1707,55.5,,,
BBVA.MC,BANCO BILBAO VIZCAYA ARGENTARIA,EUR,25.42,140.2753,2026-12-31,1.76,2.0564,2.304,1.88,2.2409,13.5213,11.3434,12.3612,11.0328,0.1684,0.1204,0.1442,0.1534,0.0636,0.184,0.6735,0.7869,0.0005,0.0424,0.0059,0.0504,0.0128,0.1554,,,,,0.003,0.1001,0.0971,55.0,,,
ALGM,"Allegro MicroSystems, Inc.",USD,36.94,6.8857,2027-03-31,0.54,1.0179,1.4762,0.68,1.2464,54.3235,29.6369,36.29,25.024,0.885,0.4502,0.6534,0.2297,0.169,0.5394,0.3349,0.4536,-0.012,-0.0263,-0.0154,0.0024,-0.0173,-0.4434,,,,,0.2154,0.2583,0.0429,55,,,
079550.KS,LIG Defense&Aerospace,KRW,678000.0,14811.0794,2026-12-31,11604.0,16689.244,24164.562,13112.0,22259.8919,51.7084,30.4584,40.625,28.0576,0.4382,0.4479,0.4431,0.1953,0.1969,0.4574,0.695,0.6874,-0.0513,-0.053,-0.0049,-0.0011,-0.0899,-0.0776,,,,,0.222,0.2572,0.0352,55,,,
NET,"Cloudflare, Inc.",USD,353.99,126.0487,2026-12-31,0.93,1.2632,1.6761,1.09,1.5709,324.7615,225.34,280.2416,211.1936,0.3582,0.3269,0.3425,0.3246,0.2871,0.3497,6.2903,6.5793,0.0004,0.0548,0.0031,0.065,0.1485,0.4522,-0.0249,0.1361,47.28,0.0202,0.8235,0.2003,-0.6232,55.0,,,
FTNT,"Fortinet, Inc.",USD,176.33,129.3757,2026-12-31,2.76,3.4501,3.7778,3.27,3.6943,53.9235,47.7306,51.109,46.6757,0.25,0.095,0.1699,0.1941,0.1135,0.1344,1.909,2.8087,0.0032,0.0944,0.0048,0.1027,0.0205,0.1345,0.5789,0.4141,0.21,-0.034,0.3369,0.0875,-0.2494,54.5,,,
6503.T,MITSUBISHI ELECTRIC CORP,JPY,5131.0,10500.2618,2027-03-31,198.31,263.9063,294.4446,208.08,279.1337,24.6588,18.3819,19.4425,17.426,0.3308,0.1157,0.2185,1.7342,0.0297,0.2933,0.5557,0.8412,0.0203,0.0907,0.0276,0.0924,-0.0868,-0.1428,,,,,0.1046,0.0978,-0.0068,54.5,,,
ENTG,"Entegris, Inc.",USD,150.63,23.0163,2026-12-31,2.75,3.9215,5.0157,3.21,4.7369,46.9252,31.7994,38.4109,30.0319,0.426,0.279,0.3505,0.117,0.1267,0.36,0.7464,0.9072,0.0007,0.077,0.0,0.0849,0.0366,-0.1193,,,,,0.2326,0.1774,-0.0552,54.0,,,
4385.T,MERCARI INC,JPY,3585.0,585.0025,2027-06-30,214.74,228.9546,265.2629,214.74,238.0068,16.6946,15.0626,15.6581,13.5149,0.0662,0.1586,0.1114,1.0528,0.1071,0.1905,2.2755,1.3518,-0.009,0.0511,0.0126,0.0732,-0.2152,-0.0827,,,,,0.0615,0.1189,0.0575,54.0,,,
RR.L,ROLLS-ROYCE HOLDINGS PLC ORD SH,GBP,14.812000000000001,121.9409,2026-12-31,0.2944,0.4318,0.4962,,0.4798,,30.8697,34.2997,29.8491,0.4668,0.1491,0.2983,0.1762,0.1106,0.4067,0.6612,1.0349,0.0028,0.1615,0.0077,0.1432,-0.0352,0.0217,,,,,0.2253,0.1143,-0.111,54.0,,,
KTOS,Kratos Defense & Security Solut,USD,44.07,8.2729,2026-12-31,0.55,0.8115,1.1012,0.69,1.0274,63.8696,42.8951,54.3075,40.0196,0.4754,0.357,0.415,0.3325,0.2349,0.3734,0.9022,1.0336,-0.0073,0.062,-0.0145,0.0227,-0.1792,-0.0613,0.0082,,1.87,0.1514,0.3086,0.2146,-0.0941,54.0,,,
105560.KS,KBFinancialGroup,KRW,173500.0,60916.9095,2026-12-31,15437.0,18664.045,19992.584,17070.0,19654.0795,10.164,8.8277,9.2959,8.6782,0.209,0.0712,0.138,0.1243,0.0269,0.1462,0.4223,0.6396,-0.0007,0.0576,0.0031,0.0575,0.0321,0.1621,,,,,-0.0461,0.0756,0.1217,54.0,,,
AMZN,"Amazon.com, Inc.",USD,246.15,2655.0511,2026-12-31,7.17,12.8792,10.5028,12.43,11.1083,19.8029,22.1591,19.1122,23.4366,0.7963,-0.1845,0.2103,0.1556,0.1445,-0.1835,0.2783,1.0537,0.005,0.4832,0.001,0.0537,-0.0395,0.025,0.1194,,1.35,0.0088,0.1467,-0.0569,-0.2036,54.0,,,
GRAB,Grab Holdings Limited,USD,3.095,12.6626,2026-12-31,0.0688,0.1328,0.1365,0.1482,0.1355,20.891,22.8338,23.3145,22.674,0.9284,0.0282,0.4081,0.2448,0.2367,-0.0853,0.246,0.5595,-0.0075,0.4931,-0.018,-0.0049,-0.1379,-0.1725,,,,,0.1536,0.054,-0.0996,54.0,,,
ARM,Arm Holdings plc,USD,283.33,302.596,2027-03-31,1.77,2.223,3.0548,1.87,2.6378,151.5134,107.4131,127.4516,92.7503,0.256,0.3741,0.3137,0.2289,0.3622,0.3878,4.1966,3.4239,-0.0025,0.0204,-0.002,-0.0102,0.1102,-0.1754,0.1416,0.2921,0.43,0.0066,0.5724,0.2226,-0.3497,54.0,,,
UMC,United Microelectronics Corpora,USD,23.85,59.8136,2026-12-31,0.532,0.9184,0.8782,1.0474,0.8884,22.7713,26.8456,25.9691,27.1591,0.7263,-0.0438,0.2848,0.1895,0.2203,-0.1927,0.3696,0.9427,0.3268,0.3254,0.0771,0.0943,0.2507,-0.1114,,,,,0.1916,0.0172,-0.1744,54.0,,,
NVO,Novo Nordisk A/S,USD,38.71,170.9271,2026-12-31,3.4988,3.4559,3.3486,3.5474,3.3759,10.9122,11.4665,11.2011,11.5601,-0.0123,-0.0311,-0.0217,-0.0288,0.0132,-0.0594,,,-0.0142,0.0557,0.0024,0.0219,-0.1632,-0.1992,0.3922,0.2302,0.8,-0.0014,0.0051,0.0237,0.0186,53.5,,,
272210.KS,HANWHA SYSTEMS,KRW,71900.0,13444.8153,2026-12-31,1244.2163,1029.25,2312.111,,1985.245,,36.2172,69.8567,31.0971,-0.1728,1.2464,0.3632,0.2292,0.1171,0.4619,,0.9972,-0.0106,-0.1018,0.0025,0.007,-0.077,-0.0231,,,,,0.2651,0.61,0.345,53.5,,,
VEEV,Veeva Systems Inc.,USD,279.96,45.328,2027-01-31,8.1,9.2354,10.2506,8.69,9.9057,32.2163,28.2624,30.3138,27.3115,0.1402,0.1099,0.1249,0.1548,0.1225,0.1522,2.0163,2.2619,0.0192,0.0191,0.0222,0.0215,-0.0077,0.5887,3.6383,0.4739,0.14,-0.0014,0.2039,0.0949,-0.109,53.5,,,
CVNA,Carvana Co.,USD,60.47,67.0288,2026-12-31,1.69,1.5673,2.2819,1.808,2.0998,33.4458,28.7976,38.582,26.4998,-0.0726,0.4559,0.162,0.4241,0.2551,0.2077,,1.7777,0.0156,0.0151,0.0189,0.1246,-0.1838,-0.051,0.2973,0.0371,2.21,0.6169,0.2084,0.261,0.0526,53.5,,,
ISRG,"Intuitive Surgical, Inc.",USD,414.79,148.6102,2026-12-31,8.93,10.7795,12.0916,10.23,11.7572,40.5464,35.2795,38.4797,34.3041,0.2071,0.1217,0.1636,0.1681,0.1279,0.154,1.7035,2.156,-0.0013,0.0346,0.0017,0.0259,0.13,0.0217,0.2189,0.2921,,-0.0111,0.2585,0.1008,-0.1577,53.0,,,
207940.KS,SAMSUNG BIOLOGICS,KRW,1385000.0,64112.9691,2026-12-31,26628.0,41170.332,49078.6,36256.0,47063.6166,38.2006,29.4283,33.6407,28.22,0.5461,0.1921,0.3576,-0.041,0.1663,0.2613,0.5389,0.8229,-0.0013,0.018,-0.0049,0.029,-0.1311,0.0313,,,,,0.2136,0.1354,-0.0783,53.0,,,
UCG.MI,UNICREDIT,EUR,84.66,127.6633,2026-12-31,6.5086,7.3477,8.4085,6.6614,8.1382,12.709,10.4028,11.5219,10.0684,0.1289,0.1444,0.1366,0.0769,0.0529,0.2078,0.8069,0.7615,-0.0005,-0.0014,0.0101,0.0164,-0.0006,0.076,,,,,-0.0142,0.1119,0.1262,53.0,,,
POWL,"Powell Industries, Inc.",USD,187.23,6.8213,2026-09-30,4.9533,5.3675,6.8179,5.21,6.8139,35.9367,27.4777,34.8819,27.4617,0.0836,0.2702,0.1732,0.0784,0.2455,0.2358,3.2859,1.5864,0.0,-0.0152,0.0,0.0243,-0.0276,-0.3339,1.2154,0.2108,0.01,0.0006,0.1971,0.1732,-0.0239,53.0,,,
042700.KS,HANMISemi,KRW,252000.0,23902.9568,2026-12-31,2248.0,3196.9177,4999.2744,2331.0,4540.0438,108.1081,55.5061,78.8259,50.4073,0.4221,0.5638,0.4913,0.2846,0.5573,0.5337,1.3149,1.1299,-0.0571,-0.04,-0.0594,-0.0886,0.1351,-0.0214,,,,,0.3779,0.3107,-0.0672,53,,,
SPOT,Spotify Technology S.A.,USD,497.51,102.2802,2026-12-31,11.9391,13.9443,17.5202,15.6424,16.6091,31.8052,29.9541,35.6785,28.3964,0.1679,0.2564,0.2114,0.1368,0.1443,0.1072,1.7835,1.417,-0.001,-0.0399,-0.0032,-0.0288,-0.0564,0.0762,1.2453,0.1804,0.17,0.0007,0.218,0.1666,-0.0514,53.0,,,
GRMN,Garmin Ltd.,USD,294.05,56.7083,2026-12-31,8.56,10.1262,11.1343,9.67,10.8775,30.4085,27.033,29.0387,26.4093,0.183,0.0996,0.1405,0.1179,0.1159,0.1315,1.4775,1.9241,0.0021,0.057,0.0135,0.0785,0.0144,0.2579,0.2621,0.2085,0.1,-0.0003,0.1932,0.0898,-0.1035,52.5,,,
HAG.DE,HENSOLDT AG                   I,EUR,74.74,8.6325,2026-12-31,1.4655,1.893,2.4861,,2.335,,32.0088,39.4829,30.063,0.2917,0.3133,0.3025,0.1397,0.1668,0.4105,1.0974,1.0583,0.0053,0.0674,0.0055,0.0722,-0.1475,0.0485,,,,,0.2342,0.1938,-0.0404,52.5,,,
META,"Meta Platforms, Inc.",USD,715.62,1823.0464,2026-12-31,23.49,31.2129,34.0317,26.55,33.3135,26.9537,21.4814,22.927,21.0281,0.3288,0.0903,0.2036,0.2647,0.2056,0.2198,0.6534,1.0548,-0.0051,-0.0505,0.0025,-0.0255,0.2531,0.272,0.254,0.1795,0.99,-0.0108,0.1396,0.0851,-0.0544,52.5,,,
MA,Mastercard Incorporated,USD,568.26,497.8014,2026-12-31,17.01,19.9264,23.0201,18.78,22.2318,30.2588,25.5607,28.5179,24.6854,0.1715,0.1553,0.1633,0.1363,0.1261,0.1842,1.4908,1.565,0.0,0.0137,-0.0002,0.0105,-0.0397,0.115,0.9378,0.4761,1.11,-0.0235,0.1799,0.1173,-0.0626,52.5,,,
GEV,GE Vernova Inc.,USD,949.77,252.9557,2026-12-31,17.69,30.781,24.8503,34.94,26.3614,27.1829,36.0288,30.8557,38.2197,0.74,-0.1927,0.1852,0.2158,0.1395,-0.406,0.4869,1.9451,-0.0002,0.0002,0.0043,0.02,-0.0043,-0.1385,0.414,0.3007,0.88,-0.0233,0.2638,-0.0613,-0.3251,52.5,,,
NEM.DE,Nemetschek SE                 I,EUR,60.85,7.0276,2026-12-31,1.88,2.3188,2.9091,2.13,2.7587,28.5681,22.0575,26.2424,20.917,0.2334,0.2546,0.2439,0.1925,0.2121,0.2678,0.9451,0.9042,0.0204,-0.0571,0.009,-0.0081,-0.1385,0.0769,,,,,0.1456,0.1657,0.02,52.5,,,
6758.T,SONY GROUP CORPORATION,JPY,3732.0,21814.7827,2027-03-31,77.36,218.3231,231.5757,195.27,224.9313,19.112,16.5917,17.0939,16.1157,1.8222,0.0607,0.7302,15.0531,-0.0048,0.1568,0.0911,0.2272,0.0091,0.0507,0.0095,0.0458,-0.0376,0.1673,,,,,0.0822,0.0703,-0.0119,52.5,,,
OSCR,"Oscar Health, Inc.",USD,29.65,9.1513,2026-12-31,-1.69,1.9129,2.1655,1.4,2.1012,21.1786,14.1113,15.4998,13.6919,,0.132,,0.6008,0.1101,0.3535,,,0.0928,0.8075,0.1507,0.4586,-0.0133,0.0068,,,,,0.0477,0.1059,0.0581,52.5,,,
010120.KS,LS ELECTRIC,KRW,205000.0,30500.9955,2026-12-31,1929.4,3569.5718,5076.9165,5849.4,4692.8533,35.0463,43.6834,57.4299,40.3788,0.8501,0.4223,0.6221,0.3019,0.2167,-0.1522,0.5139,0.7021,0.0015,0.0726,0.008,0.1675,-0.0661,0.0099,,,,,0.3134,0.2453,-0.0682,52.5,,,
095340.KQ,ISC,KRW,209500.0,4429.3439,2026-12-31,2691.0,4312.827,5816.0054,3689.0,5433.0038,56.7905,38.5606,48.576,36.0213,0.6027,0.3485,0.4701,0.4507,0.3308,0.3657,0.6398,0.8202,-0.0106,0.001,0.0188,0.0632,0.2237,0.1386,,,,,0.2811,0.2105,-0.0705,52.5,,,
SN,"SharkNinja, Inc.",USD,181.99,25.7553,2026-12-31,5.28,6.5927,7.6613,5.78,7.389,31.4862,24.6298,27.6046,23.7546,0.2486,0.1621,0.2046,0.1731,0.1294,0.2456,0.9906,1.204,0.0,0.0744,0.0,0.0914,-0.0564,0.2433,,,,,0.1712,0.1207,-0.0505,52,,,
ADYEN.AS,ADYEN,EUR,868.6,27.4188,2026-12-31,33.61,38.5602,46.8012,,44.7014,,19.4311,22.5258,18.5594,0.1473,0.2137,0.18,0.2147,0.2142,0.2819,1.3193,1.0793,0.0012,0.0012,0.0012,-0.0065,-0.2037,0.0224,,,,,0.117,0.1459,0.0289,52.0,,,
WISE.L,WISE GROUP PLC CLS A ORD USD0.0,GBP,8.628,8.4876,2027-03-31,0.3665,0.4104,0.4938,,0.452,,19.0876,21.0213,17.4716,0.12,0.2032,0.1608,0.166,0.1814,0.2579,1.5913,1.1869,-0.0375,-0.0838,-0.0241,0.0872,-0.1175,-0.0434,,,,,0.113,0.1408,0.0278,51.5,,,
006400.KS,"SAMSUNG SDI CO.,LTD.",KRW,511000.0,40212.445,2026-12-31,-8796.0,9941.557,18297.545,306.0,16168.485,1669.9346,31.6047,51.4004,27.9272,,0.8405,,0.1951,0.266,0.9833,,,0.0187,0.8255,-0.0077,0.0677,-0.1019,0.1231,,,,,0.2311,0.435,0.2039,51.5,,,
SAAB-B.ST,SAAB AB ser. B,SEK,611.9,329.5996,2026-12-31,11.7,14.9131,18.9322,13.11,17.9082,46.6743,34.1687,41.0312,32.3205,0.2746,0.2695,0.2721,0.2366,0.2139,0.3075,1.2442,1.2559,0.0001,0.0455,-0.0005,0.0469,-0.0403,0.1815,,,,,0.2504,0.1728,-0.0776,51.5,,,
086790.KS,HANAFINANCIALGR,KRW,135300.0,36139.6122,2026-12-31,13954.0,16463.547,17981.682,14597.0,17594.8695,9.269,7.6897,8.2182,7.5243,0.1798,0.0922,0.1352,0.0658,0.0464,0.1882,0.4276,0.5688,0.0006,0.013,0.0001,0.0245,0.0127,0.2334,,,,,-0.0721,0.0861,0.1582,51.5,,,
ARGX,argenx SE,USD,972.25,60.4621,2026-12-31,19.57,18.36,34.7167,26.04,30.5491,37.3368,31.8258,52.9548,28.0053,-0.0618,0.8909,0.3319,0.475,0.2164,0.2499,,0.9589,-0.3228,-0.291,-0.1175,-0.0713,-0.0818,0.0655,,,,,0.2328,0.4571,0.2243,51.5,,,
CRWD,"CrowdStrike Holdings, Inc.",USD,259.25,265.4551,2027-01-31,0.9325,1.2561,1.6059,1.105,1.4871,234.6154,174.3365,206.3944,161.4349,0.347,0.2785,0.3123,0.2482,0.2259,0.3119,5.0239,5.5822,-0.0186,-0.0191,-0.0149,-0.0125,0.1373,0.3959,-0.141,0.2981,5.44,0.0324,0.7323,0.1772,-0.5551,51.5,,,
V,Visa Inc.,USD,367.74,690.3786,2026-09-30,11.47,13.2282,15.0043,12.78,14.9994,28.7746,24.5169,27.7998,24.509,0.1533,0.1343,0.1437,0.1439,0.11,0.1482,1.5995,1.7057,0.0,0.0063,0.0,0.0089,-0.0314,0.0764,0.5482,0.4723,0.76,-0.0288,0.1701,0.107,-0.0632,51.5,,,
8306.T,MITSUBISHI UFJ FINANCIAL GROUP ,JPY,3592.0,40430.7082,2027-03-31,213.17,250.8156,276.5434,237.39,263.6443,15.1312,13.6244,14.3213,12.9889,0.1766,0.1026,0.139,1.1638,0.1094,0.1416,0.7715,0.9803,0.0099,0.056,0.0106,0.0701,0.0036,0.111,,,,,0.0404,0.0913,0.0509,51.0,,,
CCJ,Cameco Corporation,USD,87.04,37.9088,2026-12-31,1.0153,1.0215,1.8218,0.8602,1.6179,101.1876,53.7991,85.2088,47.7775,0.0061,0.7835,0.3395,-0.0001,0.1351,0.5278,88.2355,1.5845,-0.0221,-0.1081,-0.0088,-0.0286,-0.1814,-0.1588,0.0503,0.16,1.52,-0.0007,0.3693,0.4097,0.0404,51.0,,,
8058.T,MITSUBISHI CORP,JPY,4637.0,16983.9123,2027-03-31,210.92,327.9032,317.4148,240.86,322.6733,19.2518,14.3706,14.1414,14.6086,0.5546,-0.032,0.2267,11.4866,-0.0303,0.2412,0.2591,0.6338,0.013,0.3471,0.0239,0.1357,-0.0172,0.0539,,,,,0.0516,0.0232,-0.0283,50.5,,,
SU.PA,SCHNEIDER ELECTRIC SE,EUR,296.85,167.216,2026-12-31,8.59,10.2902,12.1441,,11.6718,,25.4332,28.848,24.4439,0.1979,0.1802,0.189,0.1187,0.0914,0.2927,1.285,1.3456,-0.0002,0.0358,0.0066,0.0498,-0.0199,0.069,,,,,0.1787,0.1295,-0.0492,50.5,,,
ADP,"Automatic Data Processing, Inc.",USD,261.8,103.7387,2027-06-30,11.12,12.2583,13.3984,11.12,12.5425,23.5432,20.873,21.357,19.5396,0.1024,0.093,0.0977,0.0582,0.0573,0.1701,2.0391,2.1369,0.0001,0.0053,0.0,0.0058,-0.0804,0.1637,0.6049,0.239,0.84,-0.0132,0.1331,0.0865,-0.0466,50.5,,,
MSCI,MSCI Inc.,USD,542.72,39.4557,2026-12-31,17.28,19.7401,22.5018,18.62,21.7981,29.1472,24.8976,27.4933,24.119,0.1424,0.1399,0.1411,0.1218,0.0872,0.1725,1.7489,1.7641,0.004,0.0027,0.0002,-0.0016,-0.0464,-0.0274,0.3993,0.4793,3.28,-0.0485,0.1737,0.1098,-0.064,50.5,,,
NRG,"NRG Energy, Inc.",USD,97.0,20.3904,2026-12-31,8.24,8.8327,11.1892,6.8,10.5888,14.2647,9.1607,10.9819,8.6691,0.0719,0.2668,0.1653,0.157,0.0381,0.3923,1.2736,0.5542,0.0029,-0.0341,0.02,-0.0517,-0.1522,-0.3495,0.0623,0.0105,6.67,-0.0194,-0.039,0.1715,0.2105,50.0,,,
ZETA,Zeta Global Holdings Corp.,USD,28.99,7.226,2026-12-31,0.8899,0.9605,1.2088,1.0663,1.1455,27.1865,25.3075,30.1816,23.9833,0.0794,0.2584,0.1655,0.3947,0.1602,0.1178,3.1891,1.5295,0.0319,0.0126,0.0495,0.017,-0.0407,0.4693,0.0329,0.1429,1.74,0.136,0.1776,0.1675,-0.0101,49.5,,,
EXPN.L,EXPERIAN PLC ORD USD0.10,GBP,25.2,22.1681,2027-03-31,1.3497,1.5225,1.7316,,1.6267,,15.4911,16.5519,14.5534,0.128,0.1373,0.1327,0.087,0.0756,0.2205,1.2102,1.1678,-0.0006,-0.0012,-0.0006,-0.01,-0.1698,-0.009,,,,,0.0675,0.1085,0.041,49.5,,,
TME,Tencent Music Entertainment Gro,USD,8.37,13.6411,2026-12-31,0.9204,0.9331,1.007,0.9398,0.9881,8.9059,8.4704,8.9701,8.3121,0.0138,0.0792,0.046,0.0747,0.0837,0.0667,6.1551,1.8433,0.0,-0.0355,0.0,-0.0599,-0.0335,-0.0095,0.1357,0.3213,1.48,0.0022,-0.0539,0.0796,0.1335,49.5,,,
MCO,Moody's Corporation,USD,460.08,79.6771,2026-12-31,14.94,16.968,18.9242,16.57,18.4257,27.7658,24.9694,27.1146,24.3118,0.1357,0.1153,0.1255,0.0739,0.0724,0.1244,1.8395,1.9901,-0.0003,0.0161,0.0006,0.0175,-0.0961,0.0162,0.3201,0.3636,1.83,-0.0207,0.1744,0.0976,-0.0768,49.5,,,
7735.T,SCREEN HOLDINGS CO LTD,JPY,14530.0,2747.4461,2027-03-31,785.84,626.6794,829.9168,453.84,728.0197,32.0157,19.9583,23.1857,17.5078,-0.2025,0.3243,0.0277,5.7587,0.1987,0.4532,,7.2151,0.0048,0.0215,0.0311,0.1193,0.0999,-0.1756,,,,,0.123,0.199,0.0761,49.5,,,
NXT,Nextpower Inc.,USD,79.13,12.1574,2027-03-31,,4.6827,5.7737,,5.2267,,15.1395,16.8984,13.7051,,0.233,,,0.194,,,,0.005,0.0007,-0.0013,-0.0108,-0.1167,-0.2849,0.4404,0.1512,0.05,0.0272,0.0626,0.1552,0.0927,49.5,,,
LYFT,"Lyft, Inc.",USD,14.88,5.6327,2026-12-31,6.81,0.5466,0.9667,6.87,0.8597,2.1659,17.3092,27.2218,15.3927,-0.9197,0.7685,-0.6232,0.1666,0.1223,-6.1067,,,-0.0231,-0.0387,-0.0037,0.0158,-0.1424,-0.0243,-0.039,0.1643,13.47,-0.0494,0.0914,0.4031,0.3116,49.0,,,
INTU,Intuit Inc.,USD,269.4,71.9934,2027-07-31,24.27,23.774,27.0754,24.32,24.3167,11.0773,11.0788,11.3317,9.95,-0.0204,0.1389,0.0562,0.0914,0.0923,0.1018,,1.9708,-0.1277,-0.1286,-0.1206,-0.1239,-0.2259,0.0113,0.2289,0.4039,1.2,-0.0212,-0.0018,0.1092,0.111,49.0,,,
000270.KS,KIA CORP.,KRW,116000.0,45084.0997,2026-12-31,19382.0,21645.13,23159.639,18186.0,22773.7504,6.3785,5.0936,5.3592,5.0087,0.1168,0.07,0.0931,0.0957,0.0425,0.2148,0.4362,0.547,-0.0093,-0.0011,-0.0272,-0.0193,-0.0801,-0.1426,,,,,-0.1454,0.075,0.2204,48.5,,,
6504.T,FUJI ELECTRIC CO. LTD.,JPY,13665.0,1994.9691,2027-03-31,665.18,782.5765,847.022,732.11,814.711,18.6652,16.7728,17.4616,16.133,0.1765,0.0824,0.1284,0.7784,0.0507,0.1357,0.9504,1.3059,0.0399,0.1177,0.037,0.1116,-0.0215,-0.0437,,,,,0.0846,0.0812,-0.0034,48.5,,,
6273.T,SMC CORP,JPY,70570.0,4409.0576,2027-03-31,2740.06,3490.344,3713.359,3172.26,3601.546,22.246,19.5944,20.2186,19.0044,0.2738,0.0639,0.1641,1.2785,0.09,0.1457,0.7156,1.1938,0.0533,0.2147,0.0574,0.1844,-0.0133,-0.0324,,,,,0.1188,0.0719,-0.0469,48.5,,,
AM.PA,DASSAULT AVIATION,EUR,289.8,22.3283,2026-12-31,13.6,15.4982,18.7334,,17.9091,,16.1818,18.699,15.4697,0.1396,0.2087,0.1737,0.1885,0.1061,0.274,1.1594,0.9319,-0.0045,-0.0163,-0.0076,0.0031,-0.0028,-0.0157,,,,,0.0768,0.1435,0.0666,48.0,,,
TDG,Transdigm Group Incorporated,USD,1109.22,61.3138,2026-09-30,37.33,41.1986,48.3122,39.77,48.2927,27.8909,22.9687,26.9238,22.9594,0.1036,0.1727,0.1376,0.1905,0.1016,0.1768,2.2164,1.6689,0.0002,0.0287,-0.0035,0.0304,-0.0651,-0.1619,0.1542,0.1926,6.57,-0.0022,0.155,0.1259,-0.0291,48.0,,,
LONN.SW,LONZA N,CHF,580.6,40.5516,2026-12-31,15.03,18.5293,22.0563,,21.1576,,27.4416,31.3341,26.3235,0.2328,0.1903,0.2114,0.0916,0.1155,0.3186,1.1786,1.2981,0.0011,0.0259,0.0033,0.0202,-0.0065,0.0309,,,,,0.1968,0.1345,-0.0623,48.0,,,
HUBB,Hubbell Inc,USD,465.72,24.6052,2026-12-31,18.21,20.4727,22.9199,19.35,22.2963,24.0682,20.8877,22.7483,20.3195,0.1243,0.1195,0.1219,0.1756,0.1021,0.1558,1.681,1.7136,0.0007,0.0227,0.0018,0.0209,-0.0097,-0.0952,0.136,0.1448,3.56,-0.0102,0.1332,0.0997,-0.0335,47.5,,,
4062.T,IBIDEN CO LTD,JPY,11020.0,6196.6747,2027-03-31,129.445,148.1578,214.7688,123.3575,181.3721,89.3338,60.7591,74.3802,51.311,0.1446,0.4496,0.2881,1.0023,0.2565,0.4256,4.203,2.1091,0.0341,0.191,-0.0235,0.1319,0.0976,-0.1642,,,,,0.403,0.258,-0.145,47.5,,,
ZAL.DE,Zalando SE                    I,EUR,21.82,5.3289,2026-12-31,1.29,1.5433,1.8554,1.6871,1.7759,12.9334,12.2871,14.1384,11.7605,0.1964,0.2022,0.1993,0.1236,0.0548,0.0907,0.6257,0.6166,0.0,0.0165,0.0032,-0.0019,-0.0971,-0.1498,,,,,0.0191,0.1403,0.1212,47.5,,,
DDOG,"Datadog, Inc.",USD,268.7,96.4835,2026-12-31,2.05,2.5274,2.9735,2.39,2.8598,112.4268,93.9575,106.3165,90.3658,0.2329,0.1765,0.2044,0.3048,0.2253,0.1962,4.035,4.5977,0.0,0.0437,0.0017,0.0413,0.1061,0.081,0.0291,0.298,8.13,0.0166,0.5308,0.1277,-0.4031,47.5,,,
ETN,"Eaton Corporation, PLC",USD,431.41,167.5596,2026-12-31,12.07,13.5634,16.1176,12.36,15.4668,34.9037,27.8926,31.8069,26.7663,0.1237,0.1883,0.1556,0.1907,0.1207,0.2331,2.2544,1.7929,0.0036,0.0167,0.0052,0.0226,0.0369,0.0567,0.1061,0.131,3.07,-0.0133,0.2007,0.1335,-0.0672,47.0,,,
LDO.MI,LEONARDO,EUR,49.155,28.3568,2026-12-31,1.8959,2.3852,2.861,2.1523,2.7398,22.8384,17.9414,20.608,17.1812,0.2581,0.1994,0.2284,0.1448,0.1078,0.2477,0.6951,0.7854,-0.0319,0.0051,0.005,0.0123,-0.0716,0.0067,,,,,0.0993,0.1389,0.0397,47.0,,,
8136.T,SANRIO CO LTD,JPY,1178.0,1428.2428,2027-03-31,45.33,52.9459,60.2948,,56.6103,,20.8089,22.2491,19.5374,0.168,0.1388,0.1533,0.7689,0.1264,0.2482,1.2385,1.3573,0.0015,0.0772,0.0034,0.0544,-0.0264,0.1716,,,,,0.1324,0.1092,-0.0232,47.0,,,
MELI,"MercadoLibre, Inc.",USD,1712.41,86.8137,2026-12-31,39.4,37.8903,55.3817,36.77,50.925,46.5708,33.6261,45.1939,30.9201,-0.0383,0.4616,0.1856,0.4432,0.2794,0.3361,,1.8118,-0.0103,-0.0517,-0.0123,-0.0354,-0.1131,0.0174,0.142,0.3527,2.97,,0.2464,0.2636,0.0172,47.0,,,
ZS,"Zscaler, Inc.",USD,199.39,32.5115,2027-07-31,4.21,4.9082,5.602,4.24,5.0222,47.0259,39.7014,40.6239,35.5926,0.1658,0.1414,0.1535,0.1727,0.1642,0.2431,2.3939,2.5858,0.0675,0.0677,0.0337,0.0291,0.0645,0.4491,-0.0183,0.2542,11.05,0.0377,0.2885,0.1105,-0.1781,47.0,,,
005380.KS,HyundaiMtr,KRW,350000.0,91641.9269,2026-12-31,36088.0,41527.676,47508.95,31020.0,45984.9542,11.283,7.6112,8.4281,7.367,0.1507,0.144,0.1474,0.0333,0.0432,0.3471,0.5049,0.5164,-0.0059,-0.0704,-0.025,-0.0369,-0.1206,-0.2716,,,,,-0.074,0.1118,0.1857,47.0,,,
196170.KQ,Alteogen,KRW,253500.0,17634.2654,2026-12-31,2040.7693,4394.2104,5402.9453,2424.8462,5145.9252,104.5427,49.2623,57.6895,46.9189,1.1532,0.2296,0.6271,1.2592,0.3536,0.5512,0.4272,0.7855,0.0241,0.0452,0.005,-0.1906,-0.1862,-0.0406,,,,,0.3454,0.1536,-0.1918,46.5,,,
CPNG,"Coupang, Inc.",USD,13.75,24.7158,2026-12-31,0.12,-0.4419,0.2725,-0.1989,0.0904,,152.0429,,50.468,-4.6826,,0.5068,0.0704,0.1386,0.5596,,3.0001,0.0192,0.7312,0.0123,-0.0054,-0.1528,-0.2179,,,,,0.6855,,,46.5,,,
ICE,Intercontinental Exchange Inc.,USD,152.91,85.8428,2026-12-31,6.95,8.1282,8.8006,7.67,8.6293,19.9361,17.7198,18.8122,17.3749,0.1695,0.0827,0.1253,0.1076,0.0543,0.1285,1.0452,1.4143,-0.0023,-0.0015,-0.0003,-0.0009,-0.0517,0.2441,0.0861,0.481,3.02,-0.0095,0.0966,0.0814,-0.0152,46.5,,,
SAP.DE,SAP SE                        I,EUR,182.56,210.7115,2026-12-31,6.15,7.1371,8.3695,6.52,8.0555,28.0,22.6628,25.5791,21.8125,0.1605,0.1727,0.1666,0.0941,0.1176,0.221,1.412,1.3605,0.0004,-0.0145,0.0005,-0.0117,-0.0438,0.2986,,,,,0.1519,0.1259,-0.026,46.5,,,
034020.KS,Doosan Enerbility,KRW,79700.0,50938.8826,2026-12-31,132.0,584.0671,1004.2864,283.0,897.2169,281.6254,88.8303,136.4569,79.3598,3.4248,0.7195,1.7583,0.0737,0.1116,0.7182,0.2594,0.5052,-0.0071,-0.0102,-0.0086,0.0234,-0.0722,-0.0173,,,,,0.5137,0.3812,-0.1326,46,,,
DUOL,"Duolingo, Inc.",USD,134.3,6.2575,2026-12-31,11.7656,6.6126,7.6391,11.0802,7.3775,12.1207,18.2039,20.3096,17.5807,-0.438,0.1552,-0.1942,0.1634,0.1328,-0.4505,,,-0.0026,-0.011,-0.0048,-0.0263,-0.0599,0.1575,0.7885,0.3563,0.45,0.026,0.1025,0.1173,0.0148,46.0,,,
AZN.L,ASTRAZENECA PLC ORD SHS $0.25,GBP,127.04,197.0258,2026-12-31,6.9185,7.7446,8.648,7.334,8.4178,17.3221,15.0918,16.4037,14.6901,0.1194,0.1166,0.118,0.0754,0.0609,0.1519,1.264,1.2787,-0.0003,-0.0042,0.0017,-0.0159,0.0512,-0.0969,,,,,0.0619,0.0982,0.0363,46,,,
SNPS,"Synopsys, Inc.",USD,417.61,80.0294,2026-10-31,12.91,15.1388,17.6932,13.93,17.4692,29.9792,23.9055,27.5854,23.6029,0.1726,0.1687,0.1707,0.3784,0.1112,0.2127,1.3847,1.4006,0.0022,0.0251,0.0106,0.025,-0.1017,-0.0663,0.0223,0.2918,4.78,0.2114,0.1642,0.1239,-0.0403,46.0,,,
IPGP,IPG Photonics Corporation,USD,77.23,3.2849,2026-12-31,1.42,1.8629,2.3071,1.68,2.1939,45.9702,35.2015,41.4578,33.4743,0.3119,0.2385,0.2747,0.1184,0.0907,0.2718,1.1287,1.2817,0.0219,0.2269,0.0094,-0.0019,-0.0003,-0.3035,,,,,0.2579,0.1579,-0.1,45.5,,,
HOOD,"Robinhood Markets, Inc.",USD,116.46,104.7071,2026-12-31,2.05,2.1137,2.8353,2.27,2.6515,51.304,43.9231,55.0972,41.0749,0.0311,0.3414,0.176,0.1691,0.2791,0.1994,14.1309,2.495,0.0201,0.132,0.0442,0.1007,0.061,0.1437,0.0701,0.0444,,0.0089,0.3149,0.2072,-0.1077,45.5,,,
REL.L,RELX PLC ORD 14 51/116P,GBP,24.910059999999998,43.2885,2026-12-31,1.2791,1.4185,1.5691,,1.5307,,16.2733,17.561,15.8753,0.109,0.1062,0.1076,0.0506,0.0656,0.1848,1.4933,1.5127,0.0009,0.0037,-0.0013,-0.0009,-0.0585,0.0617,,,,,0.078,0.0931,0.015,45.5,,,
NOVO-B.CO,Novo Nordisk B A/S,DKK,253.65,1120.0119,2026-12-31,23.03,21.655,21.8565,23.35,21.8051,10.863,11.6326,11.7132,11.6053,-0.0597,0.0093,-0.0258,-0.0288,0.0132,-0.0683,,,0.0143,0.031,-0.0013,0.0129,-0.143,-0.2184,,,,,0.008,0.0444,0.0363,45.5,,,
HO.PA,THALES,EUR,225.6,46.3964,2026-12-31,9.76,10.8296,12.3914,,11.9935,,18.8102,20.8318,18.2062,0.1096,0.1442,0.1268,0.0765,0.0888,0.2124,1.7164,1.4838,0.0021,0.0082,-0.0058,0.0081,-0.0809,-0.0196,,,,,0.1097,0.1119,0.0021,45.5,,,
GSK.L,GSK PLC ORD 31 1/4P,GBP,18.89,75.666,2026-12-31,1.72,1.7871,1.9082,1.775,1.8774,10.6423,10.062,10.5703,9.8993,0.039,0.0678,0.0533,0.0384,0.0465,0.0698,2.58,1.888,0.0024,0.0026,-0.0009,-0.0111,0.0235,-0.0432,,,,,-0.0208,0.0739,0.0947,45.0,,,
CELH,"Celsius Holdings, Inc.",USD,28.0,7.085,2026-12-31,1.34,1.4317,1.7311,1.45,1.6548,19.3103,16.9205,19.5568,16.175,0.0685,0.2091,0.1366,0.2607,0.0851,0.1624,2.4718,1.2388,-0.0066,-0.1207,-0.006,-0.1471,-0.1513,-0.0601,0.1885,0.1519,1.0,0.0691,0.0865,0.1436,0.0571,45.0,,,
OKTA,"Okta, Inc.",USD,202.18,35.3453,2027-01-31,3.5,3.929,4.3785,3.68,4.2258,54.9402,47.8445,51.4585,46.1758,0.1226,0.1144,0.1185,0.1045,0.1002,0.1595,3.9035,4.0382,0.0,0.0224,0.0001,0.0232,0.1693,0.5397,0.0456,0.3186,0.15,-0.0321,0.3375,0.0971,-0.2404,45.0,,,
6861.T,KEYENCE CORP,JPY,79480.0,19275.8971,2027-03-31,1835.63,2332.8982,2610.765,2029.5,2471.451,39.1624,32.1592,34.0692,30.4432,0.2709,0.1191,0.1926,0.7255,0.1218,0.2226,1.1871,1.6698,0.0016,0.1147,0.0018,0.1224,-0.0248,0.0273,,,,,0.2354,0.0995,-0.1359,44.5,,,
LSEG.L,LONDON STOCK EXCHANGE GROUP PLC,GBP,81.36,39.2179,2026-12-31,4.182,4.7493,5.4134,,5.2442,,15.5142,17.1308,15.0293,0.1357,0.1398,0.1377,0.0564,0.0658,0.2275,1.1436,1.1263,-0.0045,0.0021,-0.0078,0.0099,-0.0911,0.0,,,,,0.0678,0.1097,0.0419,44.5,,,
7011.T,MITSUBISHI HEAVY INDUSTRIES,JPY,3793.0,12745.2746,2027-03-31,98.86,130.6769,151.5294,118.62,141.0746,31.9761,26.8865,29.0258,25.0314,0.3218,0.1596,0.2381,0.1233,0.0837,0.2172,0.8354,1.1294,0.0164,0.0497,0.015,0.0469,-0.0324,0.0484,,,,,0.1919,0.1194,-0.0725,44.5,,,
HEI,Heico Corporation,USD,304.61,42.5715,2026-10-31,4.9,6.3437,7.2114,6.01,7.1353,50.6839,42.6905,48.0174,42.2402,0.2946,0.1368,0.2131,0.2033,0.115,0.1666,1.4489,2.0029,0.036,0.0457,0.0385,0.053,-0.0961,-0.1308,,,,,0.3074,0.1082,-0.1992,44.5,,,
FOUR,"Shift4 Payments, Inc.",USD,37.03,2.9239,2026-12-31,5.17,5.211,6.2047,5.36,5.9515,6.9086,6.2219,7.1061,5.968,0.0079,0.1907,0.0955,0.2245,0.1403,0.1361,7.8476,0.6514,-0.0009,-0.0672,-0.0055,-0.081,-0.1573,-0.2322,,,,,-0.1105,0.1347,0.2452,44.5,,,
SONY,Sony Group Corporation,USD,23.33,136.3716,2027-03-31,-0.3493,1.3616,1.4076,1.1901,1.3846,19.6041,16.85,17.134,16.5738,,0.0338,,15.0531,-0.0048,0.1546,,,0.04,0.0654,0.0335,0.0286,-0.0307,0.1419,0.1563,0.1253,0.86,-0.0186,0.0856,0.0568,-0.0288,44.5,,,
6954.T,FANUC CORPORATION,JPY,5911.0,5492.5056,2027-03-31,178.47,220.8285,237.8907,192.08,229.3362,30.7736,25.7744,26.7674,24.8475,0.2373,0.0773,0.1545,0.7043,0.0677,0.1926,1.086,1.6679,0.0054,0.0358,0.011,0.0396,-0.0186,-0.1965,,,,,0.1819,0.0786,-0.1033,44.5,,,
6501.T,HITACHI,JPY,5465.0,24404.3062,2027-03-31,176.76,216.7206,259.7021,176.99,238.1525,30.8775,22.9475,25.2168,21.0433,0.2261,0.1983,0.2121,5.4263,0.0755,0.3185,1.015,1.0818,0.0124,0.0552,0.0222,0.0796,0.0298,0.2,,,,,0.1547,0.1384,-0.0163,44.0,,,
058470.KQ,LEENO,KRW,73500.0,5578.3268,2026-12-31,2002.0,2435.04,2845.3838,2474.0,2740.8304,29.709,26.8167,30.1843,25.8313,0.2163,0.1685,0.1922,0.1961,0.1867,0.1305,1.2398,1.3955,-0.0135,0.0003,-0.012,-0.0196,0.1019,-0.1281,,,,,0.1913,0.1238,-0.0675,44.0,,,
GEHC,GE HealthCare Technologies Inc.,USD,66.78,30.1636,2026-12-31,4.59,4.9261,5.4122,4.63,5.2883,14.4233,12.6278,13.5564,12.3388,0.0732,0.0987,0.0859,0.0532,0.046,0.1445,1.7246,1.4704,-0.0003,0.0105,0.0004,0.0082,-0.0786,0.0266,,,,,0.0247,0.0893,0.0646,44.0,,,
ABBN.SW,ABB LTD N,CHF,80.84,146.3348,2026-12-31,2.1654,2.6581,2.9787,2.5471,2.897,31.7375,27.9043,30.4128,27.1389,0.2275,0.1206,0.1729,0.1472,0.1133,0.1449,1.2263,1.6142,0.0012,0.017,0.0002,0.0317,0.0087,-0.0624,,,,,0.2008,0.1002,-0.1006,43.5,,,
SIKA.SW,SIKA N,CHF,185.0,29.6813,2026-12-31,6.6461,7.4197,8.3706,,8.1283,,22.7599,24.9335,22.1011,0.1164,0.1282,0.1223,0.0203,0.0576,0.206,1.9553,1.8615,0.0044,0.0077,0.0004,0.0382,-0.0393,0.0683,,,,,0.1528,0.1039,-0.0489,43.5,,,
TWLO,Twilio Inc.,USD,286.98,44.073,2026-12-31,4.89,5.9293,6.7906,5.55,6.5712,51.7081,43.6727,48.4006,42.2612,0.2125,0.1453,0.1784,0.1841,0.1147,0.1827,2.0549,2.4477,0.0029,0.039,0.0025,0.0243,0.1891,0.4438,0.049,0.1884,2.02,0.0019,0.3133,0.1124,-0.201,43.5,,,
RACE,Ferrari N.V.,USD,398.0,69.8713,2026-12-31,10.1783,11.2299,12.4351,10.4851,12.128,37.9588,32.8165,35.4412,32.0061,0.1033,0.1073,0.1053,0.0699,0.0837,0.1568,3.1766,3.116,0.0021,0.0182,-0.0008,0.0202,-0.0387,0.0805,0.3152,0.2598,1.26,-0.0097,0.2404,0.0936,-0.1468,43.5,,,
TYL,"Tyler Technologies, Inc.",USD,324.02,13.2694,2026-12-31,11.31,13.0989,15.3515,11.78,14.7776,27.5059,21.9264,24.7364,21.1067,0.1582,0.172,0.1651,0.0944,0.1008,0.2327,1.3862,1.3285,0.0,0.0189,0.0,0.041,-0.124,0.1144,,,,,0.1443,0.1255,-0.0188,43.0,,,
TJX,"TJX Companies, Inc. (The)",USD,130.25,143.2716,2027-01-31,4.87,5.3294,5.7944,5.41,5.6365,24.0758,23.1085,24.4397,22.4785,0.0943,0.0872,0.0908,0.0606,0.0626,0.0663,2.4495,2.5453,0.0187,0.0202,0.0094,0.0103,-0.0296,-0.1387,0.3013,0.0942,1.12,-0.011,0.1564,0.0836,-0.0727,43.0,,,
QRVO,"Qorvo, Inc.",USD,116.3,10.2602,2027-03-31,7.0,7.57,7.9064,7.72,7.7377,15.0648,15.0302,15.3633,14.7096,0.0814,0.0444,0.0628,-0.0479,0.034,0.0236,1.8458,2.3944,0.0015,0.0971,-0.0072,0.0099,0.2092,0.2433,,,,,0.061,0.0621,0.0011,42.5,,,
PH,Parker-Hannifin Corporation,USD,969.55,122.2723,2027-06-30,32.31,35.514,39.3781,32.31,36.4774,30.0077,26.5795,27.3005,24.6216,0.0992,0.1088,0.104,0.1356,0.0811,0.1795,2.6803,2.5564,0.0019,0.0415,-0.0004,0.0519,-0.0412,0.006,,,,,0.1892,0.0944,-0.0948,42.5,,,
AFRM,"Affirm Holdings, Inc.",USD,67.21,22.6781,2027-06-30,7.0106,3.831,4.8279,6.9132,4.0795,9.722,16.475,17.5439,13.9212,-0.4535,0.2602,-0.1701,0.2862,0.2478,-0.4319,,,-0.023,0.0143,-0.0046,0.0205,-0.1327,-0.1783,0.0335,0.233,13.4,0.0229,0.0807,0.1684,0.0877,42.5,,,
CME,CME Group Inc.,USD,263.24,94.6556,2026-12-31,11.2,12.2506,12.9264,11.8,12.7542,22.3085,20.6394,21.4879,20.3645,0.0938,0.0552,0.0743,0.0775,0.0468,0.0871,2.2002,2.7774,-0.0013,-0.002,-0.0006,0.0007,-0.063,0.2043,0.1216,0.6234,0.8,0.0031,0.1305,0.0675,-0.063,42.5,,,
SOI.PA,SOITEC,EUR,145.7,5.2135,2027-03-31,-3.2797,0.6884,3.3577,,2.0194,,72.1511,211.6564,43.3931,,3.8777,,0.2462,0.2848,,,,0.0533,-38.0695,0.1856,0.6958,0.3495,0.2495,,,,,0.4521,1.6269,1.1749,42.5,,,
AXON,"Axon Enterprise, Inc.",USD,424.75,34.5056,2026-12-31,6.85,7.6531,10.5439,6.81,9.8073,62.3715,43.3095,55.5005,40.2841,0.1172,0.3777,0.2407,0.3329,0.2933,0.3541,3.6941,1.7996,-0.0078,-0.0046,-0.0015,-0.0028,-0.3051,-0.1681,0.0118,0.0414,9.81,0.0243,0.3112,0.2243,-0.0868,42.0,,,
ACN,Accenture plc,USD,174.47,106.7655,2026-08-31,12.93,13.8669,14.6641,13.7,14.6641,12.735,11.8977,12.5818,11.8977,0.0725,0.0575,0.0649,0.0559,0.0405,0.0657,1.642,1.8318,0.0004,0.0004,0.0006,-0.0006,-0.0689,0.3987,,,,,0.0126,0.0687,0.0561,42.0,,,
BSX,Boston Scientific Corporation,USD,44.11,63.9255,2026-12-31,3.06,3.2693,3.4126,3.21,3.3761,13.7414,13.0655,13.4921,12.9257,0.0684,0.0438,0.056,0.0595,0.046,0.0594,1.9099,2.3315,-0.0104,-0.0279,-0.006,-0.0829,-0.0549,0.0145,0.112,0.1727,2.21,-0.0005,0.0317,0.0618,0.0301,42.0,,,
WWD,"Woodward, Inc.",USD,325.94,19.2454,2026-09-30,6.89,9.4594,10.7436,9.05,10.74,36.0155,30.3481,34.4566,30.3382,0.3729,0.1358,0.2487,0.2151,0.0899,0.1576,0.8138,1.2202,0.0002,0.0052,0.0012,-0.0017,-0.0589,-0.23,,,,,0.2211,0.1077,-0.1134,42,,,
COST,Costco Wholesale Corporation,USD,922.92,409.099,2027-08-31,20.76,22.7673,24.9582,20.76,22.9414,44.4566,40.2295,40.5371,36.9786,0.0967,0.0962,0.0965,0.0833,0.0744,0.1682,4.1606,4.1705,0.0027,0.0042,-0.0001,0.0003,-0.0126,-0.0251,0.3926,0.031,0.58,-0.0009,0.292,0.0881,-0.2039,42.0,,,
7013.T,IHI CORPORATION,JPY,2674.0,2834.8729,2027-03-31,151.88,176.9081,154.5348,191.4114,165.7521,13.9699,16.1325,15.1152,17.3035,0.1648,-0.1265,0.0087,1.4726,0.0602,-0.2386,0.979,18.5392,0.0245,0.0744,0.0328,0.0206,0.0136,-0.0166,,,,,0.0762,-0.026,-0.1021,42.0,,,
PYPL,"PayPal Holdings, Inc.",USD,54.28,46.4344,2026-12-31,5.31,5.3911,5.7853,5.29,5.6849,10.2609,9.5481,10.0685,9.3824,0.0153,0.0731,0.0438,0.0476,0.042,0.0856,6.2524,2.18,0.0008,0.0169,-0.0003,0.0062,-0.117,0.2231,,,,,-0.031,0.0766,0.1076,42.0,,,
AIR.PA,AIRBUS SE,EUR,192.38,152.265,2026-12-31,6.89,7.2903,8.7119,7.35,8.3497,26.1741,23.0404,26.3885,22.0825,0.0581,0.195,0.1245,0.1025,0.118,0.1563,3.9656,1.8511,0.0008,0.0108,0.0011,0.0164,-0.0566,-0.0336,,,,,0.1557,0.1368,-0.0189,41.5,,,
5802.T,SUMITOMO ELECTRIC INDUSTRIES,JPY,2173.5,6780.6198,2027-03-31,118.445,115.636,138.1916,128.4775,126.8829,16.9174,17.13,18.796,15.7282,-0.0237,0.1951,0.0801,0.0761,0.0611,0.0703,,2.1373,0.0223,0.0477,0.0093,0.0298,-0.0172,-0.2897,,,,,0.0892,0.1368,0.0476,41.5,,,
ENPH,"Enphase Energy, Inc.",USD,30.91,4.0846,2026-12-31,2.96,1.9996,2.2655,2.54,2.1978,12.1693,14.0642,15.4577,13.6436,-0.3244,0.133,-0.1251,-0.1931,0.0521,-0.1212,,,-0.0105,-0.0335,-0.0164,-0.0607,-0.2125,-0.3606,0.1156,0.1149,3.03,-0.0469,0.047,0.1063,0.0593,41.5,,,
BA.L,BAE SYSTEMS PLC ORD 2.5P,GBP,19.64,57.4806,2026-12-31,0.752,0.8398,0.9585,,0.9282,,21.1585,23.3851,20.4914,0.1168,0.1412,0.129,0.0821,0.0915,0.2154,1.8112,1.6408,0.0013,0.0064,0.0013,0.0127,-0.0638,0.0621,,,,,0.1361,0.1104,-0.0258,41.5,,,
CHKP,Check Point Software Technologi,USD,129.27,13.1985,2026-12-31,11.89,10.4373,11.2889,12.39,11.0719,10.4334,11.6755,12.3854,11.4511,-0.1222,0.0816,-0.0256,0.0283,0.058,-0.0975,,,0.0002,0.001,-0.0011,-0.0116,-0.0297,0.004,,,,,0.0088,0.0808,0.072,41.0,,,
SPGI,S&P Global Inc.,USD,395.92,116.7172,2026-12-31,17.83,17.8729,20.2192,18.87,19.6214,20.9815,20.1779,22.1519,19.5813,0.0024,0.1313,0.0649,-0.0456,0.0677,0.0667,83.8045,3.1093,-0.0028,-0.0891,-0.001,-0.0899,-0.0907,0.0243,0.1113,0.3457,1.91,-0.0279,0.1254,0.1055,-0.0199,40.5,,,
CEG,Constellation Energy Corporatio,USD,260.43,92.2723,2026-12-31,9.39,12.144,13.3202,10.63,13.0205,24.4995,20.0016,21.4452,19.5516,0.2933,0.0969,0.191,0.3892,0.0341,0.202,0.682,1.047,0.0,0.0364,-0.0016,-0.0151,-0.0778,0.0043,0.0743,0.0094,3.04,0.0685,0.1234,0.0884,-0.035,40.5,,,
RKT.L,RECKITT BENCKISER GROUP PLC ORD,GBP,48.64,30.8431,2026-12-31,3.528,3.3511,3.6034,,3.5391,,13.7435,14.5148,13.4983,-0.0502,0.0753,0.0106,-0.0805,0.0276,0.0209,,12.928,0.0003,0.0073,-0.0022,0.0015,-0.0483,-0.0086,,,,,0.0422,0.0776,0.0354,40.5,,,
CMG,"Chipotle Mexican Grill, Inc.",USD,31.85,40.3036,2026-12-31,1.17,1.1496,1.3713,1.11,1.3148,28.6937,24.2239,27.7046,23.2261,-0.0174,0.1928,0.0826,0.0924,0.1086,0.1905,,2.9322,0.0004,0.0137,0.0016,0.0109,-0.1443,-0.034,,,,,0.1673,0.1357,-0.0316,40.5,,,
4063.T,SHIN-ETSU CHEMICAL CO,JPY,5749.0,10434.8065,2027-03-31,377.34,302.3239,343.4942,256.6,322.8527,22.4045,17.8069,19.016,16.7368,-0.1988,0.1362,-0.0459,2.3062,0.0668,0.253,,,-0.0065,-0.0371,-0.003,-0.0125,-0.0365,-0.1959,,,,,0.0976,0.1079,0.0103,40.5,,,
9697.T,CAPCOM CO LTD,JPY,4357.0,1822.5716,2027-03-31,130.5,153.2756,176.9519,159.0,165.0813,27.4025,26.3931,28.4259,24.6225,0.1745,0.1545,0.1645,0.2062,0.1014,0.1015,1.5123,1.6049,0.0143,0.0337,0.0154,0.0546,0.018,0.5081,,,,,0.1875,0.1169,-0.0706,40.0,,,
RACE.MI,FERRARI,EUR,351.4,61.7093,2026-12-31,8.96,9.8546,11.0034,9.23,10.7107,38.0715,32.8083,35.6586,31.9355,0.0998,0.1166,0.1082,0.0699,0.0837,0.1612,3.2861,3.0328,0.0001,0.0257,0.0,0.0311,-0.028,0.0633,,,,,0.2403,0.0982,-0.1421,40,,,
NOVN.SW,NOVARTIS N,CHF,121.56,231.0509,2026-12-31,7.4803,7.3562,8.1849,7.2304,7.9737,16.8123,15.2451,16.5248,14.8518,-0.0166,0.1126,0.046,0.0188,0.0633,0.1166,,3.3119,0.0052,0.0099,0.001,0.0105,-0.0183,-0.0282,,,,,0.0641,0.0963,0.0322,40.0,,,
CAVA,"CAVA Group, Inc.",USD,51.58,6.0249,2026-12-31,0.54,0.5468,0.743,0.55,0.693,93.7818,74.429,94.3358,69.4203,0.0125,0.3589,0.173,0.2752,0.2084,0.2598,59.3673,4.3021,0.0025,-0.0177,0.0001,-0.0113,-0.2296,-0.37,0.0647,0.0357,2.05,-0.0015,0.4611,0.2155,-0.2457,39.5,,,
ASRNL.AS,ASR NEDERLAND,EUR,73.34,14.7816,2026-12-31,6.356,6.4273,6.4959,,6.4784,,11.3206,11.4107,11.2901,0.0112,0.0107,0.0109,0.176,-0.0212,0.0215,10.0945,10.3398,0.0693,0.0558,0.0331,0.0435,0.0119,0.1083,,,,,0.0026,0.0451,0.0425,39.5,,,
LHX,"L3Harris Technologies, Inc.",USD,237.7,44.2632,2026-12-31,10.73,12.0922,13.5539,12.0963,13.1815,19.6506,18.0329,19.6573,17.5373,0.127,0.1209,0.1239,0.0798,0.0677,0.1075,1.4204,1.4553,0.0079,0.0243,0.0069,-0.0028,-0.0927,-0.1786,,,,,0.1004,0.1003,-0.0001,39.5,,,
MC.PA,LVMH,EUR,398.3,196.348,2026-12-31,21.85,22.3444,24.714,,24.1103,,16.5199,17.8255,16.1164,0.0226,0.1061,0.0635,-0.001,0.0466,0.1159,7.3014,2.6007,-0.0091,0.0171,-0.0293,-0.0349,-0.1321,-0.1733,,,,,0.0813,0.093,0.0117,39.5,,,
GTLB,GitLab Inc.,USD,46.21,7.6993,2027-01-31,0.96,0.8662,1.0384,1.02,0.9799,45.3039,47.1593,53.3473,44.5033,-0.0977,0.1987,0.04,0.1854,0.1573,0.0177,,11.7878,0.0661,0.0661,0.0088,0.0088,0.0312,0.5481,-0.0424,0.2025,,0.0313,0.3337,0.1386,-0.1951,39.5,,,
BWXT,"BWX Technologies, Inc.",USD,134.35,12.3094,2026-12-31,4.01,4.7428,5.253,4.27,5.123,31.4637,26.2248,28.3271,25.5759,0.1827,0.1076,0.1445,0.1917,0.1075,0.1871,1.4351,1.8143,0.0009,0.0064,-0.0002,0.0113,-0.138,-0.2901,0.1078,0.0901,4.16,0.0011,0.186,0.0937,-0.0922,39.5,,,
RTX,RTX Corporation,USD,187.66,252.9203,2026-12-31,6.29,7.2444,7.8574,6.92,7.7012,27.1185,24.3677,25.9041,23.8833,0.1517,0.0846,0.1177,0.0854,0.0738,0.1193,1.606,2.0709,0.0002,0.0482,0.0002,0.0366,-0.1151,0.0018,,,,,0.1687,0.0823,-0.0864,39.0,,,
9983.T,FAST RETAILING CO LTD,JPY,68710.0,21083.7323,2026-08-31,1411.44,1668.6644,1890.9321,1694.7,1890.9321,40.544,36.3366,41.1766,36.3366,0.1822,0.1332,0.1575,6.8565,0.1158,0.1038,1.9939,2.3076,-0.0017,0.0298,0.002,0.0469,-0.0473,-0.1849,,,,,0.2659,0.1064,-0.1595,39.0,,,
ROK,"Rockwell Automation, Inc.",USD,431.22,47.9836,2026-09-30,10.53,13.2295,14.8793,12.88,14.8748,33.4798,28.99,32.5953,28.9811,0.2564,0.1247,0.1887,0.0855,0.0565,0.1344,1.1308,1.5362,0.0011,0.0166,0.0031,0.0185,-0.0041,-0.106,,,,,0.21,0.1022,-0.1078,39.0,,,
035420.KS,NAVER,KRW,194800.0,29181.8848,2026-12-31,12907.0,12831.078,14621.133,13380.0,14165.0368,14.559,13.7522,15.1819,13.3232,-0.0059,0.1395,0.0643,0.1435,0.1406,0.0849,,2.1376,-0.0099,0.02,-0.0089,-0.0134,-0.1002,-0.0081,,,,,0.0423,0.1096,0.0672,38.5,,,
BIDU,"Baidu, Inc.",USD,86.97,29.6194,2026-12-31,7.9676,5.9197,7.7436,6.1193,7.2789,14.2124,11.9483,14.6917,11.2312,-0.257,0.3081,-0.0142,-0.0151,0.0652,0.2098,,,-0.1831,-0.2478,-0.0837,-0.161,-0.1028,-0.2247,0.0344,,4.11,-0.0174,0.0134,0.1913,0.1779,38,,,
7974.T,NINTENDO CO LTD,JPY,7896.0,9103.0867,2027-03-31,364.51,379.1934,408.533,409.91,393.823,19.2628,20.0496,20.8231,19.3277,0.0403,0.0774,0.0587,0.2366,0.0999,-0.0034,4.9772,3.4176,0.0193,0.08,-0.0045,-0.0198,-0.1124,0.1512,,,,,0.124,0.0787,-0.0453,38.0,,,
PRIM,Primoris Services Corporation,USD,71.12,3.8586,2026-12-31,5.62,2.1412,5.2178,3.28,4.4339,21.6829,16.0401,33.2156,13.6303,-0.619,1.4369,-0.0364,-0.0413,0.1132,0.3714,,,0.0003,-0.0166,0.0017,-0.0298,-0.0764,-0.2686,,,,,0.0749,0.6898,0.6149,38,,,
DSY.PA,DASSAULT SYSTEMES,EUR,20.65,27.1352,2026-12-31,1.31,1.3338,1.4078,1.3,1.389,15.8846,14.8671,15.4816,14.6681,0.0182,0.0555,0.0367,0.0203,0.0638,0.0766,8.1694,4.055,0.0011,0.0039,0.0028,-0.0014,-0.1026,0.127,,,,,0.0587,0.0677,0.009,38.0,,,
LULU,lululemon athletica inc.,USD,100.58,11.1352,2027-01-31,13.26,9.6299,8.6361,12.21,8.9737,8.2375,11.2083,10.4446,11.6465,-0.2738,-0.1032,-0.193,-0.0576,-0.0116,-0.4138,,,-0.1272,-0.1282,-0.2462,-0.2532,-0.1254,-0.12,0.237,0.1221,0.71,-0.0431,0.0006,-0.0137,-0.0143,38.0,,,
7012.T,KAWASAKI HEAVY INDUSTRIES,JPY,2354.5,2055.9432,2027-03-31,,142.4298,163.3063,,152.8395,,15.4051,16.5309,14.4177,,0.1466,,0.1119,0.066,,,,0.0062,0.0451,-0.0111,0.0252,-0.0856,-0.1996,,,,,0.0663,0.113,0.0468,37.5,,,
4568.T,DAIICHI SANKYO COMPANY LIMITED,JPY,2784.5,5066.8246,2027-03-31,252.78,150.8527,181.462,132.13,166.1154,21.0739,16.7624,18.4584,15.3448,-0.4032,0.2029,-0.1527,0.3065,0.022,0.2719,,,-0.0177,-0.0416,-0.0058,-0.08,-0.0398,0.0849,,,,,0.0844,0.1406,0.0562,37.0,,,
AMSC,American Superconductor Corpora,USD,29.29,1.4189,2027-03-31,3.6,0.8825,1.355,3.41,1.1181,8.5894,26.1962,33.1898,21.6162,-0.7549,0.5354,-0.3865,0.2295,0.1515,-1.5166,,,-0.1568,-0.1648,-0.0865,-0.0205,-0.0184,-0.2646,,,,,0.1857,0.2977,0.112,36.5,,,
NEX.PA,NEXANS,EUR,134.6,5.871,2026-12-31,8.2105,7.0354,9.1875,,8.6391,,15.5803,19.1318,14.6504,-0.1431,0.3059,0.0578,0.1012,0.0865,0.1063,,2.6945,0.0017,-0.0124,0.0092,0.0287,-0.0561,-0.0399,,,,,0.0687,0.1903,0.1216,36.5,,,
MTX.DE,MTU Aero Engines AG           N,EUR,370.1,19.9375,2026-12-31,17.79,18.9428,20.7375,18.04,20.2802,20.5155,18.2493,19.5378,17.8469,0.0648,0.0947,0.0797,0.1125,0.0999,0.1301,2.8163,2.2907,0.0004,0.0156,0.0015,0.0202,0.0256,-0.0024,,,,,0.103,0.0874,-0.0157,36.5,,,
KNSL,"Kinsale Capital Group, Inc.",USD,324.92,7.4012,2026-12-31,19.51,21.1339,21.6467,21.67,21.5161,14.994,15.1013,15.3743,15.0101,0.0832,0.0243,0.0533,0.0467,0.0105,-0.0011,1.8143,2.8313,0.0,0.0156,0.0,-0.0016,-0.149,-0.0214,,,,,0.062,0.0519,-0.0101,36.5,,,
AAPL,Apple Inc.,USD,338.4,4938.6703,2026-09-30,7.46,8.8194,9.5783,8.72,9.5762,38.8073,35.3376,38.3697,35.3299,0.1822,0.086,0.1331,0.1482,0.1049,0.0896,1.9392,2.6546,0.0008,0.0068,0.0049,-0.0108,0.0757,0.2011,,,,,0.2589,0.083,-0.1759,36.0,,,
RBRK,"Rubrik, Inc.",USD,113.09,23.2772,2027-01-31,-0.01,0.5032,0.7677,0.5,0.6778,226.18,166.8421,224.7193,147.3197,,0.5254,,0.2845,0.2149,0.3487,,,0.5989,0.6027,0.1798,0.1868,0.0567,0.4779,,,,,0.7171,0.2931,-0.424,36.0,,,
RMS.PA,HERMES INTL,EUR,1374.0,143.9149,2026-12-31,43.07,44.4851,50.283,,48.8057,,28.1524,30.8868,27.3253,0.0329,0.1303,0.0805,0.0486,0.0855,0.1434,8.5686,3.4974,-0.0013,0.002,-0.0151,-0.0206,-0.1424,-0.1408,,,,,0.2029,0.105,-0.0979,36.0,,,
9432.T,NTT INC,JPY,171.3,13880.2511,2027-03-31,12.61,12.7268,13.7645,12.85,13.2442,13.3307,12.9339,13.4598,12.4451,0.0093,0.0815,0.0448,12.1348,0.0338,0.0664,13.9614,2.8887,0.0065,0.011,0.0097,0.0072,0.01,0.1912,,,,,0.0296,0.0808,0.0511,35.5,,,
PANW,"Palo Alto Networks, Inc.",USD,392.09,320.7296,2027-07-31,3.84,4.1889,2.2106,3.83,3.8637,102.3734,101.4806,93.6021,177.3705,0.0909,-0.4723,-0.2413,0.2346,0.1449,-0.7326,11.169,,0.0191,0.0165,-0.0316,-0.0306,0.0241,0.181,0.0173,0.3583,1.5,0.0776,0.5546,-0.2208,-0.7753,35.5,,,
MEDP,"Medpace Holdings, Inc.",USD,615.94,17.1919,2026-12-31,15.28,17.7046,19.3101,17.06,18.9011,36.1043,32.5876,34.7898,31.8972,0.1587,0.0907,0.1242,0.1271,0.0614,0.1165,2.0537,2.6245,0.0,0.0345,0.0,0.0292,0.0071,0.1519,,,,,0.2387,0.0853,-0.1533,35.5,,,
LI,Li Auto Inc.,USD,11.71,11.4439,2026-12-31,0.3357,-0.5814,0.5544,-0.5505,0.265,,44.1832,,21.1202,-2.7322,,0.2852,-0.0,0.2564,0.3946,,1.549,71.1759,-19.6662,-0.5145,-0.4663,-0.0386,-0.0151,,,,,0.3164,,,35.5,,,
6367.T,DAIKIN INDUSTRIES,JPY,20705.0,5762.9496,2027-03-31,939.92,994.7961,1140.1564,942.09,1067.2771,21.9777,19.3998,20.8133,18.1598,0.0584,0.1461,0.1014,5.3274,0.0455,0.1737,3.3228,1.9136,-0.0038,-0.009,-0.0004,-0.007,-0.0133,-0.1319,,,,,0.1166,0.1128,-0.0038,35.0,,,
AAOI,"Applied Optoelectronics, Inc.",USD,96.82,8.2206,2026-12-31,-0.26,0.68,4.602,-0.11,3.6027,,26.8743,142.3824,21.0387,,5.7676,,1.2787,1.5648,,,,-0.2345,-0.2345,-0.0356,-0.0356,-0.1453,-0.355,,,,,0.1918,2.2868,2.095,35,,,
GLOB,Globant S.A.,USD,33.79,1.459,2026-12-31,6.14,5.9308,6.2002,5.97,6.1316,5.66,5.5108,5.6974,5.4498,-0.0341,0.0454,0.0049,-0.0032,0.0233,0.0371,,11.2595,-0.0049,-0.0497,-0.0101,-0.0648,-0.1588,0.1233,,,,,-0.1319,0.0626,0.1945,34.0,,,
LOGI,Logitech International S.A. - R,USD,100.33,14.3661,2027-03-31,5.78,5.7574,6.0798,6.36,5.9181,15.7752,16.953,17.4262,16.5023,-0.0039,0.056,0.0256,0.007,0.0615,-0.0461,,6.6215,-0.0136,-0.0255,-0.0147,-0.0225,0.0236,0.0172,,,,,0.0869,0.068,-0.0189,33.5,,,
HIMS,"Hims & Hers Health, Inc.",USD,28.78,6.7148,2026-12-31,0.51,-0.5603,0.4191,-0.63,0.1695,,169.7465,,68.6742,-2.0986,,-0.0935,0.3665,0.2459,-0.217,,,0.2276,6.0034,-0.2373,-0.3745,-0.091,-0.1381,,,,,0.7231,,,33.5,,,
SIE.DE,SIEMENS AG                    N,EUR,280.4,218.7861,2026-09-30,12.95,11.4538,13.033,11.05,13.0287,25.3756,21.5218,24.4809,21.5146,-0.1155,0.1379,0.0032,0.0544,0.0869,0.1522,,67.2657,-0.0043,0.0007,0.0019,0.009,-0.0354,0.0225,,,,,0.14,0.1087,-0.0313,33.5,,,
DOCS,"Doximity, Inc.",USD,26.2,4.67,2027-03-31,1.52,1.352,1.5494,1.46,1.4504,17.9452,18.0636,19.3781,16.9102,-0.1105,0.1459,0.0096,0.0492,0.0666,0.0577,,18.7934,-0.0565,-0.0564,-0.0278,-0.0284,0.0238,0.2725,,,,,0.1008,0.1127,0.012,33.5,,,
INSM,Insmed Incorporated,USD,117.67,25.697,2026-12-31,-6.42,-1.5447,0.7748,-4.11,0.1838,,640.2191,,151.8715,,,,1.9815,0.5904,,,,-0.0063,-0.4242,-0.0342,4.6068,-0.0306,0.1234,,,,,1.247,,,32,,,
TEAM,Atlassian Corporation,USD,178.54,45.1954,2027-06-30,5.85,5.4268,2.1871,5.88,4.6191,30.3639,38.6525,32.8996,81.6332,-0.0723,-0.597,-0.3886,0.1401,0.1434,-1.6885,,,0.0009,-0.1269,0.0632,0.5684,-0.0381,1.2526,,,,,0.2817,-0.269,-0.5507,32.0,,,
TMDX,"TransMedics Group, Inc.",USD,82.73,2.8687,2026-12-31,2.627,1.5201,2.2844,1.927,2.0897,42.932,39.5903,54.4237,36.2154,-0.4214,0.5028,-0.0675,0.225,0.1793,0.1564,,,-0.0249,-0.2299,-0.0092,-0.2861,-0.0983,0.2295,,,,,0.2878,0.2827,-0.0052,31.0,,,
WMT,Walmart Inc.,USD,108.73,865.282,2027-01-31,2.64,2.8863,3.2295,2.83,3.1129,38.4205,34.9291,37.6715,33.6681,0.0933,0.1189,0.106,0.0656,0.0442,0.1237,3.7444,3.2945,0.0014,-0.0066,0.0017,-0.0176,0.0594,-0.0512,,,,,0.256,0.0994,-0.1566,30.5,,,
3659.T,NEXON CO LTD,JPY,2625.5,2044.9429,2026-12-31,220.25,145.9699,143.2579,171.59,143.9489,15.301,18.2391,17.9866,18.3271,-0.3373,-0.0186,-0.1935,78.4347,0.0239,-0.1978,,,-0.0223,0.0264,0.0024,-0.0252,-0.1588,0.2303,,,,,0.1029,0.0301,-0.0728,30.5,,,
QCOM,QUALCOMM Incorporated,USD,187.48,200.24,2026-09-30,12.03,10.4842,10.204,11.36,10.2048,16.5035,18.3718,17.8821,18.3732,-0.1285,-0.0267,-0.079,-0.0286,0.0475,-0.1133,,,-0.0037,-0.0293,0.0002,-0.0699,0.1378,-0.0066,,,,,0.1045,0.0259,-0.0786,30.5,,,
ELF,"e.l.f. Beauty, Inc.",USD,101.8,6.007,2027-03-31,3.13,3.6204,3.8536,3.99,3.7367,25.5138,27.2433,28.1181,26.4169,0.1567,0.0644,0.1096,0.2031,0.0845,-0.0354,1.7386,2.486,0.0033,0.092,0.0073,0.0547,-0.0412,0.4562,,,,,0.1951,0.0722,-0.1229,30.0,,,
VRTX,Vertex Pharmaceuticals Incorpor,USD,527.67,133.7437,2026-12-31,18.4,16.1714,20.1061,19.03,19.1036,27.7283,27.6215,32.6298,26.2442,-0.1211,0.2433,0.0453,0.1039,0.0983,0.0535,,6.0928,-0.1505,-0.1554,-0.086,-0.0636,-0.0363,0.0561,,,,,0.1984,0.1602,-0.0381,29.5,,,
SWKS,"Skyworks Solutions, Inc.",USD,87.59,13.1799,2026-09-30,5.93,5.0409,4.9627,5.53,4.9629,15.8391,17.6491,17.3759,17.6498,-0.1499,-0.0155,-0.0852,-0.0341,0.0229,-0.1143,,,-0.0003,0.006,-0.0021,-0.0356,0.3003,0.2936,,,,,0.0957,0.0317,-0.064,28.5,,,
TTD,"The Trade Desk, Inc.",USD,12.34,5.8343,2026-12-31,1.77,1.158,1.0019,1.66,1.0417,7.4337,11.8462,10.6563,12.3165,-0.3458,-0.1348,-0.2476,-0.0496,-0.0481,-0.6568,,,-0.0026,-0.3711,0.0066,-0.5339,-0.0805,-0.3383,,,,,0.0117,-0.0304,-0.0421,26.0,,,
TSLA,"Tesla, Inc.",USD,357.45,1411.7658,2026-12-31,1.66,1.7515,2.163,1.74,2.0582,205.431,173.6746,204.0787,165.2566,0.0551,0.2349,0.1415,0.1215,0.1384,0.1956,31.4978,12.2742,-0.0119,-0.1456,0.002,-0.141,0.0074,-0.1321,,,,,0.731,0.1562,-0.5748,24.5,,,
XPEV,XPeng Inc.,USD,9.95,9.5319,2026-12-31,-0.0716,-0.5157,0.1842,-0.4013,0.0059,,1684.8163,,54.0071,,,,0.1353,0.2873,,,,0.6102,0.9752,-0.5951,-0.7361,-0.1218,-0.2227,,,,,1.7268,,,23.5,,,
373220.KS,LG Energy Solution,KRW,352500.0,82484.9979,2026-12-31,-4585.0,-1782.7738,7846.409,-7193.0,5392.946,,65.3632,,44.925,,,,0.3333,0.2767,,,,-0.0913,-2.2455,0.0057,-0.0917,-0.0486,0.0633,,,,,0.4237,,,22,,,
COIN,"Coinbase Global, Inc.",USD,191.79,50.6013,2026-12-31,4.45,-2.0264,2.8352,-3.84,1.5965,,120.1317,,67.6458,-1.4554,,-0.2018,-0.2568,0.2954,-0.5695,,,0.0158,-4.2475,-0.0073,-0.4078,0.0056,0.2647,,,,,0.6079,,,15.5,,,
RIVN,"Rivian Automotive, Inc.",USD,14.79,21.4139,2026-12-31,-3.07,-2.4393,-2.1675,-2.58,-2.2368,,,,,,,,0.3817,0.5826,,,,-0.009,-0.0966,,,-0.1196,-0.1202,,,,,,,,,,,
IREN,IREN LIMITED,USD,41.72,16.4401,2027-06-30,-0.4726,-3.4211,-3.9826,-0.4353,-3.5611,,,,,,,,2.9729,1.5885,,,,2.4098,2.6395,,,0.0294,-0.0913,,,,,,,,,,,
HLMA.L,HALMA PLC ORD 10P,GBP,35.06,0.0,2027-03-31,1.1405,1.3333,1.4716,,1.4023,,25.0025,26.2961,23.8241,0.169,0.1038,0.1359,0.1519,0.0936,0.225,1.4792,1.8394,0.0294,0.0361,0.0339,0.0434,-0.0458,-0.1093,,,,,0.1747,0.0918,-0.0829,,,,
ASTS,"AST SpaceMobile, Inc.",USD,61.0,23.7392,2026-12-31,-1.34,-2.2839,-1.1016,-2.14,-1.4028,,,,,,,,1.3808,2.8543,,,,0.6475,0.5174,,,-0.0072,-0.297,,,,,,,,,,,
LMND,"Lemonade, Inc.",USD,43.91,3.3985,2026-12-31,-2.24,-1.865,-1.1025,-1.83,-1.2968,,,,,,,,0.6499,0.3487,,,,0.0792,0.0791,,,-0.1858,-0.2938,,,,,,,,,,,
POET,POET Technologies Inc.,USD,7.41,1.2824,2026-12-31,-0.402,-0.23,-0.17,-0.5424,-0.1853,,,,,,,,2.112,28.6445,,,,-0.0417,0.5333,,,-0.0952,-0.2477,,,,,,,,,,,
AOSL,Alpha and Omega Semiconductor L,USD,27.36,0.8279,2027-06-30,-0.43,-0.5525,0.315,-0.44,-0.3362,,,,86.8571,,,,0.0283,0.1135,,,,0.151,0.1199,-0.7955,-0.7955,0.0431,-0.3948,,,,,,,,,,,
NBIS,Nebius Group N.V.,USD,231.88,63.0378,2026-12-31,,-2.3398,-5.2292,-0.0315,-4.493,,,,,,,,5.295,2.7004,,,,-0.0072,0.4413,,,0.0613,-0.1121,,,,,,,,,,,
RKLB,Rocket Lab Corporation,USD,72.19,46.1591,2026-12-31,-0.37,-0.2738,-0.0873,-0.27,-0.1349,,,,,,,,0.5924,0.4218,,,,-0.0319,0.0577,,,0.069,-0.2634,-0.0551,,,0.1568,,,,,,,
OKLO,Oklo Inc.,USD,37.11,6.9031,2026-12-31,-0.72,-0.9718,-1.0099,,-1.0002,,,,,,,,,2.5135,,,,0.0343,0.3973,,,-0.1274,-0.2966,,,,,,,,,,,
CIFR,Cipher Digital Inc.,USD,16.74,6.9476,2026-12-31,0.06,-0.6721,0.1318,-0.3777,-0.073,,,,127.001,-12.2013,,0.4822,-0.0334,2.9065,0.5448,,,0.1628,1.1168,-0.5494,-0.8033,-0.0018,-0.3258,,,,,,,,,,,
CPRT,"Copart, Inc.",USD,27.22,25.2006,2027-07-31,,,1.7506,,,,,,15.5488,,,,-0.0005,0.0977,,,,,,-0.0544,-0.0544,-0.1691,-0.0313,,,,,,,,,,,
NVTS,Navitas Semiconductor Corporati,USD,11.73,3.0798,2026-12-31,-0.2,-0.15,-0.126,-0.18,-0.1321,,,,,,,,0.0387,0.5568,,,,-0.1141,-0.1206,,,-0.0624,-0.3388,,,,,,,,,,,
WOLF,"Wolfspeed, Inc.",USD,27.58,1.4598,2027-06-30,-12.18,-7.515,-5.83,-12.18,-7.0949,,,,,,,,0.1487,0.0407,,,,0.0,0.5015,,,0.0234,-0.3766,,,,,,,,,,,
S,"SentinelOne, Inc.",USD,22.74,7.9146,2027-01-31,-1.37,-0.7905,-0.5774,-1.01,-0.6498,,,,,,,,0.2033,0.1786,,,,0.0827,0.0877,,,0.0013,0.3592,,,,,,,,,,,
WULF,TeraWulf Inc.,USD,15.12,7.5444,2026-12-31,-0.4064,-0.5613,-0.2396,-0.8345,-0.3216,,,,,,,,0.5652,2.426,,,,0.1693,0.1942,,-2.1862,-0.0831,-0.4089,,,,,,,,,,,
CRWV,"CoreWeave, Inc.",USD,85.07,46.9192,2026-12-31,-2.75,-5.1163,-4.3573,-3.65,-4.5507,,,,,,,,1.5086,1.04,,,,-0.0137,0.1089,,,-0.0199,-0.1093,,,,,,,,,,,
