rank,sym,name,country,sector,industry,cur,price,price_date,mcap_usd_b,score,grade,A_growth,B_valuation,C_revision,D_quality,E_expect_gap,F_catalyst,G_risk,alpha,cyclical_flag,turnaround_flag,excluded_reason,fy1_end,rev_g_fy1,rev_g_fy2,rev_cagr_2y,ntm_rev_g,eps_fy0,eps_ttm_adj,eps_fy1,eps_fy2,eps_fy3,eps_g_fy1,eps_g_fy2,eps_cagr_2y,eps_cagr_3y,pe_current,pe_current_basis,pe_ttm_gaap,pe_ntm,pe_fy1,pe_fy2,pe_fy3,compression_fy1,compression_fy2,compression_fy3,peg_1y,peg_2y,peg_3y,peg_fwd,ev_ebitda_ttm,roic,ronic,fcf_margin_ttm,fcf_conversion,sbc_rev,share_growth,net_debt_ebitda,eps_rev_1m_fy1,eps_rev_3m_fy1,eps_rev_1m_fy2,eps_rev_3m_fy2,revision_state,up30_fy2,down30_fy2,n_analysts_fy2,px_ret_1m,px_ret_3m,px_ret_12m,implied_eps_cagr,consensus_fwd_growth,expectation_gap,px_12m_eps_x_pe,upside_12m,bear_px,bear_downside,risk_reward
1,CLS,"Celestica, Inc.",Canada,Technology,Electronic Components,USD,363.12,2026-09-23,45.79,94.5,S+,20,19,15,11.5,10,9.0,10,★,,,,2026-12-31,0.6598,0.7112,0.6853,0.7018,6.05,8.17,11.223,19.3605,,0.855,0.7251,0.7889,,44.45,adjTTM,37.79,21.17,32.35,18.76,,0.272,0.578,,0.292,0.268,,0.423,26.5,0.3884,1.8974,0.0333,0.465,0.005,-0.0211,0.12,-0.0013,0.0906,0.302,0.3382,5,6,0,9,0.2212,0.0312,0.4056,0.19,0.7251,0.31,484.51,0.3343,246.97,-0.3199,1.045
2,NVDA,NVIDIA Corporation,United States,Technology,Semiconductors,USD,225.34,2026-09-23,5441.16,90.3,S+,17,19.5,14,11.8,10,9.0,9,★★,,,,2027-01-31,0.9059,0.6589,0.7781,0.7145,4.77,7.01,9.3071,15.6826,22.1378,0.9512,0.685,0.8132,0.668,32.14,adjTTM,28.49,16.8,24.21,14.37,10.18,0.2468,0.553,0.6833,0.245,0.207,0.252,0.336,27.29,1.4575,1.0638,0.4192,0.658,0.0239,-0.0117,-0.22,0.0365,0.0428,0.2171,0.2374,5,42,0,53,0.0503,0.1273,0.2655,0.1232,0.5423,0.3768,333.31,0.4792,119.94,-0.4677,1.025
3,CRDO,Credo Technology Group Holding ,United States,Technology,Semiconductors,USD,194.49,2026-09-23,36.55,84.5,A+,17,16.5,13,12.0,10,8.0,8,,,,,2027-04-30,0.8736,0.5496,0.7039,0.6937,3.46,4.1,6.3051,9.7049,,0.8223,0.5392,0.6748,,47.44,adjTTM,68.72,25.37,30.85,20.04,,0.3497,0.5775,,0.471,0.376,,0.507,65.26,0.7709,0.7591,0.2757,0.815,0.1478,0.039,-2.56,0.025,0.0328,0.0641,0.0969,4,14,1,19,-0.1552,-0.2839,0.2004,0.2452,0.5392,0.2548,270.87,0.3927,134.43,-0.3088,1.272
4,FLEX,Flex Ltd.,Singapore,Technology,Electronic Components,USD,112.56,2026-09-23,41.58,84.5,A+,18.5,18,10,11.0,10,7.0,10,★,,,,2027-03-31,0.2403,0.2992,0.2694,0.2718,3.3,3.59,4.7243,7.1111,,0.4316,0.5052,0.468,,31.36,adjTTM,42.32,19.16,23.83,15.83,,0.2401,0.4952,,0.379,0.409,,0.383,21.37,0.1599,0.9424,0.0377,1.195,0.0051,-0.0503,1.0,0.0,0.0403,0.0,0.0229,4,8,1,11,0.015,-0.2617,0.8896,0.1607,0.5052,0.3393,152.67,0.3563,75.18,-0.3322,1.073
5,AEIS,"Advanced Energy Industries, Inc",United States,Technology,Electrical Equipment & Parts,USD,277.73,2026-09-23,11.12,81.5,A+,15.5,15.5,15,8.5,10,8.0,9,★,,,,2026-12-31,0.3479,0.2407,0.2932,0.2639,6.41,8.51,11.2445,15.3397,,0.7542,0.3642,0.547,,32.64,adjTTM,51.34,19.52,24.7,18.1,,0.2432,0.4452,,0.536,0.357,,0.536,30.97,0.1329,0.2747,0.0358,0.359,0.0319,0.0201,-0.39,0.1935,0.206,0.0099,0.3023,5,11,0,12,-0.0307,-0.2409,0.5706,0.1661,0.3642,0.1981,339.14,0.2211,193.67,-0.3027,0.731
6,SMTC,Semtech Corporation,United States,Technology,Semiconductors,USD,168.0,2026-09-23,15.68,81.0,A+,17,15.5,15,8.5,10,8.0,7,,,,,2027-01-31,0.4157,0.2924,0.3527,0.3271,1.71,2.14,3.4775,5.8359,,1.0336,0.6782,0.8474,,78.5,adjTTM,113.51,33.63,48.31,28.79,,0.3846,0.6333,,0.496,0.397,,0.673,92.51,0.0828,,0.1566,1.194,0.0714,0.2345,2.83,0.313,0.3085,0.4983,0.5019,5,13,0,15,0.3511,0.0268,1.7355,0.336,0.6782,0.164,227.83,0.3562,111.14,-0.3385,1.052
7,278470.KS,APR,KS,INTL,Household & Personal Products,KRW,368500.0,2026-09-22,10.1,80.7,A+,15,17,11.5,13.2,10,4.0,10,★,,,,2026-12-31,1.0158,0.3477,0.6482,0.4518,7718.0,,15591.551,21628.848,,1.0202,0.3872,0.674,,27.39,estTTM,,18.43,23.63,17.04,,0.137,0.3779,,0.476,0.273,,0.476,23.01,0.9994,1.1478,0.1238,0.657,0.0003,-0.0227,-0.29,0.0008,0.0705,0.0241,0.1368,5,18,2,25,-0.1172,0.025,0.6792,0.1495,0.3872,0.2377,454936.67,0.2346,213186.3,-0.4215,0.557
8,TSEM,Tower Semiconductor Ltd.,Israel,Technology,Semiconductors,USD,230.45,2026-09-23,26.05,80.0,A+,20,13.5,13.5,6.0,8,9.0,10,,,,,2026-12-31,0.2608,0.372,0.3153,0.3467,2.29,2.86,3.8801,6.642,,0.6943,0.7118,0.7031,,80.58,adjTTM,91.09,39.11,59.39,34.7,,0.2629,0.5694,,0.549,0.556,,0.782,42.53,0.1005,-0.0131,0.1758,1.038,,0.0112,-1.53,0.0063,0.161,0.0209,0.1576,5,5,0,9,0.0364,-0.1838,2.3663,0.3874,0.7118,0.1126,307.07,0.3325,151.59,-0.3422,0.972
9,AMD,"Advanced Micro Devices, Inc.",United States,Technology,Semiconductors,USD,614.2,2026-09-23,1002.67,78.5,A,20,13.5,10.5,9.5,6,9.0,10,,,,,2026-12-31,0.4687,0.7312,0.5946,0.6781,4.17,5.76,7.5758,15.5707,23.5109,0.8167,1.0553,0.9324,0.7798,106.63,adjTTM,156.29,45.83,81.07,39.45,26.12,0.2397,0.6301,0.755,0.434,0.492,0.588,0.917,105.57,0.0526,0.8201,0.2034,1.306,0.0459,-0.0006,-0.63,0.0012,0.026,0.014,0.1828,5,33,3,50,0.2961,0.18,2.8123,0.4435,0.7617,0.0565,978.77,0.5936,305.72,-0.5022,1.182
10,MKSI,MKS Inc.,United States,Industrials,Scientific & Technical Instruments,USD,261.91,2026-09-23,17.71,78.0,A,15.5,16.0,13.5,7.5,10,8.0,7.5,★★,,,,2026-12-31,0.2926,0.2069,0.249,0.226,7.88,10.0,13.1464,17.6497,21.3154,0.6683,0.3425,0.4966,0.3933,26.19,adjTTM,41.77,15.94,19.92,14.84,12.29,0.2393,0.4334,0.5309,0.465,0.321,0.405,0.583,20.04,0.0856,,0.1047,1.034,0.0127,0.0015,3.68,0.0009,0.1238,0.0083,0.1809,5,12,0,13,-0.0637,-0.3285,1.0399,0.1086,0.2733,0.1647,323.98,0.237,185.29,-0.2925,0.81
11,TSM,Taiwan Semiconductor Manufactur,Taiwan,Technology,Semiconductors,USD,446.48,2026-09-23,2315.66,77.7,A,16,13,11.5,14.2,6,7.0,10,,,,,2026-12-31,0.4288,0.3455,0.3865,0.3627,10.65,13.86,16.9339,21.9251,26.7813,0.59,0.2947,0.4348,0.3599,32.21,adjTTM,33.27,21.7,26.37,20.36,16.67,0.1815,0.3678,0.4825,0.736,0.499,0.603,0.843,5.16,0.5207,1.3234,0.2533,0.507,0.0002,0.0,-0.61,0.0021,0.0739,0.0066,0.115,5,9,0,13,0.0672,0.0245,0.5939,0.1975,0.2576,0.0601,552.67,0.2378,299.52,-0.3292,0.723
12,TTMI,"TTM Technologies, Inc.",United States,Technology,Electronic Components,USD,125.72,2026-09-23,13.24,77.5,A,15,18,13,7.5,10,7.0,7,,,,,2026-12-31,0.5116,0.2381,0.368,0.2921,2.46,3.11,4.85,6.8925,,0.9715,0.4211,0.6739,,40.42,adjTTM,56.63,19.83,25.92,18.24,,0.3588,0.5488,,0.471,0.294,,0.471,28.71,0.1034,0.6335,-0.0045,-0.064,0.0182,,1.14,0.0,0.1931,0.0,0.2764,5,4,0,4,0.1338,-0.412,1.2167,0.1708,0.4211,0.2503,157.69,0.2543,83.85,-0.3331,0.763
13,298040.KS,HYOSUNG HEAVY,KS,INTL,Electrical Equipment & Parts,KRW,2896000.0,2026-09-22,19.74,77.5,A,15.5,15.5,8,12.0,10,6.5,10,,,,,2026-12-31,0.2017,0.1945,0.1981,0.1962,55832.0,62829.0,84715.7,123355.555,,0.5173,0.4561,0.4864,,46.09,adjTTM,,25.66,34.18,23.48,,0.2584,0.4907,,0.563,0.527,,0.563,29.7,0.1945,0.4446,0.0801,0.878,,0.0,0.67,0.0026,-0.0073,0.0001,0.0014,3,8,4,19,0.039,-0.1977,1.0855,0.2486,0.4561,0.2075,3690896.35,0.2745,1702317.35,-0.4122,0.666
14,JBL,Jabil Inc.,United States,Technology,Electronic Components,USD,307.74,2026-09-23,32.25,77.0,A,17.0,14.5,10,7.5,10,8.0,10,,,,,2026-08-31,0.1756,0.2201,0.1977,0.2201,9.75,11.99,12.7651,16.8361,,0.3092,0.3189,0.3141,,25.67,adjTTM,38.47,18.28,24.11,18.28,,0.0607,0.2878,,0.573,0.582,,0.573,14.59,0.3681,,0.0389,1.515,0.0032,-0.1078,0.71,0.0003,0.033,0.0053,0.1539,5,1,0,10,-0.0202,-0.1771,0.3104,0.1471,0.3189,0.1718,356.81,0.1595,218.66,-0.2895,0.551
15,HALO,"Halozyme Therapeutics, Inc.",United States,Health Care,Biotechnology,USD,112.81,2026-09-23,12.8,75.2,A,12.5,17.5,9,14.0,10,4.2,8,★★,,,,2026-12-31,0.3272,0.1061,0.2116,0.1545,4.15,5.36,8.5769,10.3931,,1.0667,0.2117,0.5825,,21.05,adjTTM,33.08,11.39,13.15,10.85,,0.3751,0.4843,,0.538,0.196,,0.538,14.29,0.3279,0.3937,0.3116,1.254,0.0379,-0.0427,2.78,0.0,0.0509,0.0,0.0506,4,3,1,5,0.0411,0.6176,0.4518,0.0193,0.2117,0.1924,127.56,0.1307,80.61,-0.2854,0.458
16,DLO,DLocal Limited,Uruguay,Consumer Discretionary,Software - Infrastructure,USD,14.21,2026-09-23,4.18,75.0,A,14,15.0,8,14.0,10,5.0,9,,,,,2026-12-31,0.4578,0.2975,0.3753,0.3301,0.8066,0.7869,0.8522,1.1437,1.2906,0.0566,0.3421,0.1908,0.1696,18.05,adjTTM,20.89,13.34,16.67,12.42,11.01,0.0767,0.312,0.3903,0.39,0.699,0.787,0.579,13.48,1.1765,,0.2865,1.904,0.019,-0.0111,-1.72,-0.009,-0.01,0.0114,0.0358,3,3,1,4,-0.0643,0.1683,-0.0293,0.0603,0.2306,0.1703,16.69,0.1748,10.21,-0.2812,0.622
17,AVGO,Broadcom Inc.,United States,Technology,Semiconductors,USD,355.44,2026-09-23,1696.74,75.0,A,18.5,18,4,10.0,10,6.5,8,★,,,,2026-10-31,0.6586,0.6369,0.6477,0.6383,6.82,9.76,11.6577,19.3839,31.1741,0.7093,0.6628,0.6859,0.6596,36.42,adjTTM,45.39,19.13,30.49,18.34,11.4,0.1628,0.4965,0.6869,0.289,0.279,0.29,0.383,33.98,0.1515,0.0882,0.4422,1.03,0.0952,0.0157,0.94,0.0028,0.0034,-0.0109,-0.0017,3,11,25,47,-0.034,-0.0637,0.056,0.1603,0.6353,0.3397,572.9,0.6118,241.47,-0.3206,1.908
18,IFX.DE,INFINEON TECHNOLOGIES AG      N,DE,INTL,Semiconductors,EUR,58.57,2026-09-23,86.72,74.7,B+,18.5,17,11.5,4.5,10,3.2,10,,,,,2026-09-30,0.1149,0.2103,0.1616,0.2086,1.39,1.47,1.7414,2.8151,,0.2528,0.6166,0.4231,,39.84,adjTTM,71.43,20.96,33.63,20.81,,0.1559,0.4778,,0.34,0.495,,0.419,20.05,0.0671,-0.4073,0.0818,1.068,0.0121,0.0018,1.33,0.0039,0.0005,0.0155,0.0892,4,11,3,22,0.0678,-0.252,0.7462,0.1871,0.6166,0.3129,73.47,0.2544,37.32,-0.3628,0.701
19,MRVL,"Marvell Technology, Inc.",United States,Technology,Semiconductors,USD,259.31,2026-09-23,233.05,74.3,B+,20,11.5,13,8.8,6,7.0,8,,,,,2027-01-31,0.4706,0.5105,0.4904,0.4996,2.84,3.3,4.2113,6.7572,11.0276,0.4829,0.6046,0.5425,0.5718,78.58,adjTTM,85.87,44.32,61.58,38.38,23.52,0.2164,0.5116,0.7008,0.733,0.817,0.775,0.886,81.19,0.0705,,0.1823,0.653,0.0877,0.0049,0.45,0.0358,0.0388,0.0749,0.0945,4,33,1,42,0.0931,-0.0712,2.4797,0.4315,0.6182,0.0685,421.37,0.6249,179.54,-0.3076,2.031
20,PENG,"Penguin Solutions, Inc.",United States,Technology,Information Technology Services,USD,54.16,2026-09-23,2.78,74.0,B+,17.5,14.5,15,4.5,10,6.5,6,,,,,2026-08-31,0.2303,0.3054,0.2673,0.3054,1.9,2.28,2.6147,3.3441,,0.3762,0.279,0.3267,,23.75,adjTTM,38.96,16.2,20.71,16.2,,0.128,0.3182,,0.581,0.496,,0.581,18.31,0.0833,,-0.0462,-0.915,0.022,0.037,0.4,0.1451,0.1999,0.1903,0.2993,5,7,0,7,0.0284,-0.1918,0.9628,0.113,0.279,0.166,61.71,0.1395,36.79,-0.3207,0.435
21,LFST,"LifeStance Health Group, Inc.",United States,Health Care,Medical Care Facilities,USD,11.98,2026-09-23,4.56,73.3,B+,14,15.5,11,8.0,10,5.8,9,,,,,2026-12-31,0.1992,0.144,0.1713,0.1571,0.1824,0.2779,0.3955,0.5308,0.7846,1.1684,0.3419,0.7058,0.6263,43.13,adjTTM,92.19,24.26,30.3,22.58,15.28,0.2974,0.4764,0.6458,0.709,0.344,0.387,0.594,37.35,0.0107,,0.1097,3.437,0.0441,0.0316,1.72,-0.0456,0.2699,0.0153,0.3539,5,5,0,5,-0.0401,0.268,1.2374,0.2312,0.4085,0.1772,17.36,0.4487,6.62,-0.4479,1.002
22,YOU,"Clear Secure, Inc.",United States,Technology,Software - Application,USD,38.53,2026-09-23,5.23,73.0,B+,11.5,15.0,9,15,8,6.5,8,★★,,,,2026-12-31,0.2334,0.1449,0.1883,0.1654,1.5303,1.8772,2.1001,2.6053,,0.3724,0.2406,0.3048,,20.53,adjTTM,26.21,15.61,18.35,14.79,,0.1061,0.2795,,0.649,0.512,,0.649,11.67,,,0.508,3.438,0.0432,-0.3232,-2.05,0.0261,0.0422,0.0435,-0.0224,3,2,1,4,-0.1069,-0.2667,0.0577,0.1028,0.2406,0.1378,44.23,0.148,22.24,-0.4228,0.35
23,RDDT,"Reddit, Inc.",United States,Technology,Internet Content & Information,USD,150.62,2026-09-23,28.98,73.0,B+,17,13,12,12.0,6,6.0,7,,,,,2026-12-31,0.5375,0.3181,0.4236,0.3609,2.62,4.3,5.3784,7.0685,9.0546,1.0528,0.3142,0.6425,0.5119,35.03,adjTTM,35.03,22.79,28.0,21.31,16.63,0.2005,0.3917,0.5251,0.725,0.355,0.445,0.766,33.92,0.8816,0.2216,0.3666,1.169,0.1216,0.3893,-3.06,-0.0029,0.0828,0.0066,0.0924,5,23,2,29,-0.017,-0.0902,-0.3654,0.2121,0.2975,0.0854,194.05,0.2883,76.24,-0.4938,0.584
24,ENVA,"Enova International, Inc.",United States,Finance,Credit Services,USD,169.87,2026-09-23,4.23,73.0,B+,13.0,17,11.5,6,10,6.5,9,,,,,2026-12-31,0.2243,0.1764,0.2001,0.1875,12.96,15.0,17.27,20.955,,0.3326,0.2134,0.2716,,11.32,adjTTM,12.81,8.51,9.84,8.11,,0.1314,0.2842,,0.399,0.313,,0.399,,0.0595,0.0842,0.5667,5.494,0.01,-0.0506,8.83,0.0039,0.0548,0.0176,0.0727,4,5,0,4,-0.3019,-0.1963,0.353,-0.0524,0.2134,0.2657,192.25,0.1317,124.8,-0.2653,0.497
25,007660.KS,ISUPETASYS,KS,INTL,Electronic Components,KRW,118900.0,2026-09-22,6.39,72.5,B+,17,19,9,8.5,10,4.0,5,★,,,,2026-12-31,0.5169,0.4054,0.4601,0.4274,2278.0,2738.0,3755.5884,6090.263,,0.6486,0.6217,0.6351,,43.43,adjTTM,,21.79,31.66,19.52,,0.271,0.5504,,0.35,0.343,,0.436,29.71,0.2827,0.5401,-0.086,-0.562,,0.0638,-0.32,0.0212,0.0117,0.0504,0.0534,4,9,0,12,0.1223,0.0444,0.5084,0.1986,0.6217,0.3014,156873.68,0.3194,66510.21,-0.4406,0.725
26,GNRC,Generac Holdlings Inc.,United States,Consumer Discretionary,Specialty Industrial Machinery,USD,203.9,2026-09-23,12.04,72.5,B+,17.5,14.5,13,4.5,8,5.0,10,,,,,2026-12-31,0.1731,0.2692,0.2202,0.2461,6.34,8.15,9.7184,12.4418,15.2704,0.5329,0.2802,0.4009,0.3405,25.02,adjTTM,46.66,17.42,20.98,16.39,13.35,0.1614,0.3449,0.4663,0.622,0.435,0.512,0.687,20.91,0.0626,,0.0854,1.469,0.0115,-0.0178,1.87,-0.003,0.0796,0.0526,0.1133,5,15,4,19,-0.0122,-0.2589,0.22,0.1335,0.2535,0.12,252.69,0.2393,134.95,-0.3381,0.708
27,010140.KS,SamsungHvyInd,KS,INTL,Aerospace & Defense,KRW,20250.0,2026-09-22,12.66,72.5,B+,14,20,5,12.0,10,1.5,10,,,,,2026-12-31,0.2072,0.1492,0.1778,0.1629,639.0,663.0,1178.6111,1698.6846,,0.8445,0.4413,0.6304,,30.54,adjTTM,,13.0,17.18,11.92,,0.4375,0.6097,,0.295,0.206,,0.295,11.53,0.1237,,0.2914,5.983,,0.0024,1.01,-0.0099,-0.0705,0.0013,-0.0159,2,4,7,21,0.0249,-0.1523,-0.0329,0.0535,0.4413,0.3878,25634.69,0.2659,10118.53,-0.5003,0.531
28,329180.KS,HD HYUNDAI HEAVY INDUSTRIES,KS,INTL,Aerospace & Defense,KRW,441000.0,2026-09-22,33.87,72.3,B+,10.5,13.5,11,13.5,8,5.8,10,★★,,,,2026-12-31,0.4211,0.0688,0.2324,0.1419,15702.0,25334.0,31120.463,35781.816,,0.9819,0.1498,0.5096,,17.41,adjTTM,,12.78,14.17,12.32,,0.1859,0.292,,0.853,0.251,,0.853,11.97,0.2682,,0.1616,1.404,,0.0155,-0.76,-0.0018,0.029,0.0024,0.0584,4,11,3,20,0.0,-0.2158,-0.0613,0.0489,0.1498,0.1009,482103.92,0.0932,275738.17,-0.3747,0.249
29,LITE,Lumentum Holdings Inc.,United States,Telecommunications,Communication Equipment,USD,943.24,2026-09-23,84.61,72.0,B+,15,14,13,8.5,8,6.5,7,,,,,2027-06-30,1.0958,0.5219,0.786,0.8727,8.67,8.37,21.6706,34.5204,49.026,1.4995,0.593,0.9954,0.7816,112.69,adjTTM,,38.25,43.53,27.32,19.24,0.6138,0.7575,0.8293,0.645,0.384,0.489,0.765,104.61,0.1611,0.9177,0.0996,,0.0565,0.0718,,0.0022,0.1952,0.0457,0.2207,5,12,0,19,0.0858,0.1367,4.7386,0.3797,0.5041,0.1203,1449.43,0.5367,614.23,-0.3488,1.539
30,LGN,Legence Corp.,United States,Consumer Discretionary,Engineering & Construction,USD,53.23,2026-09-23,8.74,71.8,B+,12,18,15,6,10,5.8,5,,,Y,,2026-12-31,0.876,0.1382,0.4613,0.2604,0.1393,0.9167,1.4907,2.4348,,9.7011,0.6334,3.1808,,58.07,adjTTM,,24.43,35.71,21.86,,0.385,0.6235,,0.386,0.077,,0.489,21.13,0.0414,0.208,0.0863,,0.0429,-0.4177,5.93,0.0207,0.0216,0.3467,0.3462,5,11,0,12,-0.1059,-0.3449,0.5892,0.2334,0.6334,0.2666,70.32,0.3211,16.62,-0.6877,0.467
31,U,Unity Software Inc.,United States,Technology,Software - Application,USD,43.71,2026-09-23,19.24,71.8,B+,17.0,14.5,13,5.5,10,5.8,6,,,,,2026-12-31,0.2009,0.2066,0.2038,0.2053,0.86,0.95,1.2113,1.7409,2.8855,0.4085,0.4373,0.4228,0.4971,46.01,adjTTM,,27.37,36.09,25.11,15.15,0.2157,0.4543,0.6708,0.626,0.647,0.551,0.547,131.42,-0.0967,,0.2639,,0.1686,0.063,,0.1717,0.1708,0.3294,0.308,5,14,0,15,-0.0682,0.5838,-0.0177,0.2689,0.5434,0.2311,70.47,0.6121,20.77,-0.5247,1.167
32,MTZ,"MasTec, Inc.",United States,Industrials,Engineering & Construction,USD,217.26,2026-09-23,17.45,71.3,B+,15.5,14.5,11,5.5,10,4.8,10,,,,,2026-12-31,0.2718,0.1893,0.2299,0.208,6.55,8.16,9.3113,12.5524,16.1503,0.4216,0.3481,0.3843,0.351,26.62,adjTTM,34.65,18.61,23.33,17.31,13.45,0.1236,0.3499,0.4947,0.535,0.484,0.53,0.587,15.76,0.0976,9.3743,0.0152,0.495,0.0023,-0.0024,1.83,-0.0001,0.0535,0.0053,0.0664,4,11,0,19,-0.1841,-0.4436,0.0533,0.1523,0.317,0.1647,282.42,0.2999,138.64,-0.3619,0.829
33,ATAT,Atour Lifestyle Holdings Limite,China,Consumer Discretionary,Lodging,USD,32.22,2026-09-23,4.45,70.8,B+,11.5,14,10,14.5,8,4.8,8,,,,,2026-12-31,0.3106,0.1928,0.2503,0.2189,1.8712,1.8388,2.3096,2.8053,3.0289,0.2343,0.2146,0.2244,0.1741,17.52,adjTTM,15.2,12.06,13.95,11.49,10.64,0.2039,0.3445,0.3929,0.562,0.538,0.693,0.831,0.02,,,0.1965,1.172,0.0112,0.005,-1.52,0.0122,0.0127,0.0307,0.0336,4,7,2,14,-0.0724,-0.0169,-0.1247,0.0339,0.1452,0.1112,35.81,0.1113,21.37,-0.3367,0.331
34,6981.T,MURATA MANUFACTURING CO,T,INTL,Electronic Components,JPY,7763.0,2026-09-18,88.95,70.7,B+,14.0,11,13,9.5,8,5.2,10,,,,,2027-03-31,0.1746,0.1673,0.171,0.1708,177.77,145.54,200.6682,286.0187,,0.1288,0.4253,0.2684,,53.34,adjTTM,60.98,32.1,38.69,27.14,,0.2747,0.4912,,0.755,1.196,,0.755,24.74,0.1051,0.664,0.1232,0.921,,-0.0197,-1.28,0.0381,0.1048,0.056,0.1423,5,7,0,19,0.0774,-0.3393,1.9873,0.3206,0.4253,0.1048,10123.3,0.304,4473.39,-0.4238,0.718
35,NDX1.DE,Nordex SE                     I,DE,INTL,Specialty Industrial Machinery,EUR,40.72,2026-09-23,10.99,70.5,B+,11,13,11,14.0,6,6.5,9,,,,,2026-12-31,0.1621,0.0927,0.1269,0.1095,1.13,1.64,2.0518,2.5029,,0.8157,0.2199,0.4883,,24.83,adjTTM,24.83,17.11,19.85,16.27,,0.2007,0.3448,,0.778,0.35,,0.778,10.62,4.7903,,0.0971,2.089,,0.0272,-1.8,-0.0028,0.0415,0.0029,0.0644,4,9,2,14,0.05,-0.0758,0.939,0.1283,0.2199,0.0916,46.24,0.1356,24.23,-0.405,0.335
36,ENR.DE,Siemens Energy AG             N,DE,INTL,Specialty Industrial Machinery,EUR,144.54,2026-09-23,140.12,70.5,B+,9,14.5,9,13.5,10,4.5,10,,,Y,,2026-09-30,0.1305,0.144,0.1372,0.1438,1.5948,3.4782,4.468,6.2094,,1.8016,0.3898,0.9732,,41.56,adjTTM,46.78,23.4,32.35,23.28,,0.2215,0.4398,,0.6,0.24,,0.6,25.21,0.2308,,0.1862,2.892,,0.0098,-1.08,0.0038,0.0261,0.0046,0.0351,4,14,1,21,-0.0538,-0.0609,0.5048,0.2202,0.3898,0.1695,173.1,0.1976,94.14,-0.3487,0.567
37,TOST,"Toast, Inc.",United States,Technology,Software - Infrastructure,USD,29.59,2026-09-23,17.11,70.5,B+,11.5,14.5,8,14.0,8,5.5,9,,,,,2026-12-31,0.2139,0.1839,0.1988,0.191,1.0129,1.1929,1.3872,1.7356,2.3184,0.3695,0.2512,0.309,0.3179,24.81,adjTTM,37.46,18.03,21.33,17.05,12.77,0.1401,0.3127,0.4855,0.718,0.584,0.567,0.616,32.34,1.5748,9.3378,0.0847,1.185,0.0348,0.0271,-4.06,0.002,0.0277,-0.0018,0.0228,4,13,3,17,-0.1904,0.2103,-0.2185,0.1433,0.2928,0.1495,38.96,0.3164,17.67,-0.4029,0.785
38,VACN.SW,VAT GROUP N,SW,INTL,Specialty Industrial Machinery,CHF,662.0,2026-09-23,24.08,70.5,B+,20,10.5,10.5,11.0,6,2.5,10,,,,,2026-12-31,0.2357,0.4127,0.3212,0.3717,7.14,,10.5571,16.8367,,0.4786,0.5948,0.5356,,68.74,estTTM,95.66,43.74,62.71,39.32,,0.0878,0.428,,0.735,0.817,,0.875,74.16,0.251,0.5111,0.2151,1.077,,,0.35,0.0008,0.0274,0.0102,0.1574,5,2,1,18,0.0852,-0.0116,0.9151,0.4268,0.5948,0.0732,870.69,0.3152,380.36,-0.4254,0.741
39,VRT,"Vertiv Holdings, LLC",United States,Technology,Electrical Equipment & Parts,USD,250.36,2026-09-23,96.39,70.5,B+,17,12,8,13.0,4,6.5,10,,,,,2026-12-31,0.3704,0.2971,0.3332,0.3128,4.2,5.29,6.7349,9.1224,11.9731,0.6035,0.3545,0.4738,0.4179,47.33,adjTTM,56.13,29.54,37.17,27.44,20.91,0.2145,0.4201,0.5582,0.833,0.624,0.707,0.886,36.51,0.2993,0.7642,0.2547,1.688,0.0045,0.0112,0.55,0.0041,0.0392,0.0026,0.0362,4,2,1,28,-0.0447,-0.2138,0.7562,0.2934,0.3333,0.0399,330.86,0.3216,173.36,-0.3076,1.045
40,COHR,Coherent Corp.,United States,Technology,Scientific & Technical Instruments,USD,301.7,2026-09-23,59.08,70.5,B+,17,16.5,12,5.5,8,6.5,5,,,,,2027-06-30,0.4917,0.382,0.4358,0.4575,5.61,5.6,9.4163,13.9553,18.8056,0.6785,0.482,0.5772,0.4966,53.88,adjTTM,73.05,28.81,32.04,21.62,16.04,0.4053,0.5987,0.7022,0.598,0.499,0.58,0.697,44.04,0.0691,0.4937,-0.1448,-1.339,0.0262,0.2622,0.99,0.0112,0.152,0.0007,0.115,5,10,0,19,0.041,-0.2094,1.7577,0.2853,0.4132,0.1279,434.55,0.4403,194.16,-0.3565,1.235
41,TVTX,"Travere Therapeutics, Inc.",United States,Health Care,Biotechnology,USD,59.18,2026-09-23,5.58,70.5,B+,18.5,20,9.5,2.5,10,4.0,6,★★,,,,2026-12-31,0.4765,0.4939,0.4852,0.4904,0.91,0.91,1.7415,5.6724,8.5194,0.9138,2.2571,1.4967,1.1076,65.03,adjTTM,,12.85,33.98,10.43,6.95,0.4775,0.8396,0.8932,0.057,0.086,0.116,0.257,253.56,-0.471,3.0235,0.0256,,0.1026,0.1309,1.03,-0.0107,0.0671,0.0332,0.1511,5,3,3,8,-0.1021,0.0545,1.435,0.0504,1.2118,0.4496,99.53,0.6819,27.09,-0.5422,1.258
42,MNDY,monday.com Ltd.,Israel,Technology,Software - Application,USD,86.63,2026-09-23,3.66,70.0,B+,10,15.0,13,6.5,10,6.5,9,,,,,2026-12-31,0.1938,0.152,0.1727,0.1619,4.4,4.83,5.4659,6.6832,,0.2423,0.2227,0.2324,,17.94,adjTTM,36.71,13.64,15.85,12.96,,0.1163,0.2773,,0.612,0.587,,0.612,54.24,,,0.2156,2.43,0.117,0.0127,-27.39,0.2277,0.2277,0.2419,0.2255,5,23,0,24,-0.0425,0.2409,-0.5967,0.0661,0.2227,0.1566,98.53,0.1373,55.06,-0.3644,0.377
43,ONON,On Holding AG,,Consumer Discretionary,Footwear & Accessories,USD,30.34,2026-09-23,10.14,70.0,B+,13.5,14.0,5,14.0,8,5.5,10,,,,,2026-12-31,0.1644,0.187,0.1757,0.1815,0.9709,1.699,1.7193,2.028,2.6457,0.7709,0.1795,0.4453,0.3968,17.86,adjTTM,21.22,15.61,17.65,14.96,11.47,0.0118,0.1622,0.3578,0.869,0.35,0.393,0.649,18.65,0.3246,0.5165,0.1332,1.083,0.0225,-0.0014,-0.94,0.0034,0.0069,-0.0048,-0.0314,3,1,15,23,0.0148,-0.133,-0.3357,0.1027,0.2405,0.1378,38.67,0.2746,20.31,-0.3305,0.831
44,APP,Applovin Corporation,United States,Technology,Advertising Agencies,USD,311.31,2026-09-23,104.58,70.0,B+,16,14.5,3,15,8,3.5,10,,,,,2026-12-31,0.4783,0.2665,0.3683,0.3091,9.75,13.01,15.6656,20.0032,24.8237,0.6067,0.2769,0.4323,0.3655,23.93,adjTTM,23.91,16.54,19.87,15.56,12.54,0.1695,0.3496,0.4759,0.597,0.382,0.452,0.639,20.4,1.0101,,0.6588,1.02,0.0308,-0.0168,0.19,-0.0038,-0.0257,-0.0171,-0.0533,2,5,19,27,0.0182,-0.3333,-0.5219,0.1188,0.2588,0.1401,388.85,0.2491,189.08,-0.3926,0.634
45,GLBE,Global-E Online Ltd.,Israel,Technology,Internet Retail,USD,41.59,2026-09-23,6.98,69.8,B,16,12,10,12.0,6,5.8,8,,,,,2026-12-31,0.39,0.2841,0.336,0.3064,1.0732,1.3286,1.592,2.0017,,0.4834,0.2573,0.3657,,31.3,adjTTM,47.26,22.0,26.12,20.78,,0.1655,0.3363,,0.855,0.601,,0.855,32.38,0.1789,,0.2616,1.887,0.0374,0.0518,-2.41,0.0613,0.0613,0.0415,0.0436,4,4,0,6,0.0259,0.2931,0.128,0.2015,0.2573,0.0559,48.16,0.1581,29.66,-0.2868,0.551
46,RHM.DE,RHEINMETALL AG                I,DE,INTL,Aerospace & Defense,EUR,1025.0,2026-09-23,54.5,69.8,B,17,17,4,8.8,10,3.0,10,,,,,2026-12-31,0.4037,0.337,0.37,0.351,24.5649,30.3082,37.2064,53.5079,,0.5146,0.4381,0.4759,,33.82,adjTTM,39.32,20.88,27.55,19.16,,0.1854,0.4336,,0.477,0.439,,0.477,21.55,0.2352,1.1248,0.0375,0.547,,0.0,-0.16,0.0018,-0.0049,-0.0,-0.0199,3,6,4,20,-0.0833,0.0828,-0.4586,0.186,0.4381,0.2522,1295.71,0.2641,658.08,-0.358,0.738
47,064350.KS,HYUNDAI ROTEM,KS,INTL,Railroads,KRW,115900.0,2026-09-22,9.26,69.7,B,15.5,17,2,15,10,2.2,8,,,,,2026-12-31,0.1594,0.1948,0.177,0.1862,7055.0,7401.0,8043.6025,11099.668,,0.1401,0.3799,0.2543,,15.66,adjTTM,,11.28,14.41,10.44,,0.0799,0.3332,,0.297,0.444,,0.297,9.53,0.4392,0.9419,0.259,2.023,,-0.0001,-1.0,-0.0087,-0.0473,-0.0462,-0.1075,1,0,11,17,-0.1274,-0.3951,-0.4744,0.0168,0.3799,0.3631,142594.25,0.2303,52245.99,-0.5492,0.419
48,STRL,"Sterling Infrastructure, Inc.",United States,Industrials,Engineering & Construction,USD,517.37,2026-09-23,15.83,69.5,B,14,13,7,14.0,6,6.5,9,,,,,2026-12-31,0.6487,0.1986,0.4057,0.2815,10.88,15.95,20.0343,25.3962,,0.8414,0.2676,0.5278,,32.44,adjTTM,36.95,21.61,25.82,20.37,,0.2039,0.372,,0.807,0.409,,0.807,22.0,0.3925,0.3057,0.1402,1.117,0.008,-0.0064,-0.06,-0.0002,0.0589,0.0047,-0.0608,3,1,0,8,-0.0013,-0.4215,0.3881,0.1962,0.2676,0.0715,602.32,0.1642,354.73,-0.3144,0.522
49,CORT,Corcept Therapeutics Incorporat,United States,Health Care,Biotechnology,USD,112.58,2026-09-23,12.17,69.5,B,15.5,15.5,15,2.5,10,5.0,6,,,Y,,2026-12-31,0.5053,0.4875,0.4964,0.491,0.82,0.42,2.15,4.4025,7.8056,1.622,1.0477,1.3171,1.1193,62.92,estTTM,250.18,29.69,52.36,25.57,14.42,0.1678,0.5936,0.7708,0.283,0.225,0.265,0.594,1534.31,0.121,-0.3449,0.1287,1.973,0.1157,0.0573,-41.48,2.8623,3.5026,0.3729,1.7009,5,2,0,4,-0.0827,0.4044,0.346,0.2951,0.9054,0.2049,204.36,0.8152,41.14,-0.6346,1.285
50,VIK,Viking Holdings Ltd,United States,Consumer Discretionary,Travel Services,USD,80.7,2026-09-23,36.05,69.3,B,15.5,14.5,6,12.5,8,4.8,8,,,,,2026-12-31,0.1363,0.2126,0.1738,0.1937,2.61,3.07,3.2607,4.419,5.5061,0.2493,0.3552,0.3012,0.2825,26.29,adjTTM,26.81,19.66,24.75,18.26,14.66,0.0585,0.3053,0.4424,0.553,0.653,0.696,0.657,20.12,0.3811,0.1259,0.1656,0.857,0.0129,0.2174,1.04,-0.0052,-0.0107,-0.0035,0.0172,3,5,11,17,-0.1297,-0.2016,0.3185,0.1682,0.2995,0.1312,102.46,0.2695,56.46,-0.3004,0.897
51,FTAI,FTAI Aviation Ltd.,United States,Industrials,Aerospace & Defense,USD,189.25,2026-09-23,19.44,69.3,B,20,19,5,7.5,10,3.8,4,,,,,2026-12-31,0.5546,0.6439,0.5986,0.6266,4.6797,5.1248,5.69,12.0133,,0.2159,1.1113,0.6022,,36.93,adjTTM,41.41,18.38,33.26,15.75,,0.0993,0.5734,,0.165,0.305,,0.368,22.74,0.1846,0.3875,-0.2863,-1.866,0.008,0.0227,2.89,-0.2282,-0.2282,0.0407,0.0407,2,1,0,3,-0.0993,-0.2778,0.0489,0.1487,1.1113,0.3513,260.99,0.3791,127.6,-0.3257,1.164
52,BMRN,BioMarin Pharmaceutical Inc.,United States,Health Care,Biotechnology,USD,62.18,2026-09-23,12.04,69.2,B,14,20,7,6.0,10,3.2,9,★★,,,,2026-12-31,0.213,0.1436,0.1778,0.1599,3.15,2.54,4.9412,6.6197,7.6945,0.5686,0.3397,0.4497,0.3468,24.48,adjTTM,168.05,10.09,12.58,9.39,8.08,0.486,0.6163,0.6699,0.297,0.224,0.291,0.407,24.17,0.0577,1.0188,0.2128,9.936,0.0632,0.0035,-2.48,-0.0169,0.0008,0.0135,0.0242,3,9,4,18,-0.0702,0.0977,0.1612,-0.0113,0.2479,0.2592,74.67,0.2009,38.87,-0.3749,0.536
53,CIEN,Ciena Corporation,United States,Utilities,Communication Equipment,USD,358.85,2026-09-23,50.89,69.0,B,14,11.5,15,6.0,6,6.5,10,,,Y,,2026-10-31,0.3466,0.3069,0.3266,0.31,2.64,6.01,7.1665,10.2352,15.1312,1.7146,0.4282,0.969,0.7896,59.71,adjTTM,79.74,36.19,50.07,35.06,23.72,0.1614,0.4128,0.6028,0.845,0.373,0.458,0.799,51.6,0.0786,,0.1353,1.244,0.0352,-0.0049,0.33,0.0949,0.0958,0.2662,0.2844,5,7,0,7,-0.0937,-0.2199,1.5718,0.3607,0.4531,0.0923,529.15,0.4746,258.54,-0.2795,1.698
54,GIL,"Gildan Activewear, Inc.",Canada,Consumer Discretionary,Apparel Manufacturing,USD,46.11,2026-09-23,8.54,69.0,B,11.5,17,12,8.0,10,6.5,4,,,,,2026-12-31,0.6639,0.0406,0.3158,0.1545,3.51,3.67,4.6725,5.5307,,0.3312,0.1837,0.2553,,12.56,adjTTM,35.74,8.7,9.87,8.34,,0.2146,0.3364,,0.474,0.341,,0.474,11.95,0.1134,0.0322,0.1099,8.602,0.0107,-0.0619,6.96,0.0875,0.0871,0.0281,0.028,4,10,2,13,-0.18,-0.1232,-0.1865,-0.0471,0.1837,0.2307,51.36,0.1138,32.93,-0.2857,0.398
55,SEZL,Sezzle Inc.,United States,Finance,Credit Services,USD,106.35,2026-09-23,3.58,69.0,B,14.5,14.5,10.5,6,8,6.5,9,★,,,,2026-12-31,0.3524,0.2434,0.2967,0.2669,3.59,4.48,5.26,6.6467,,0.4652,0.2636,0.3607,,23.74,adjTTM,24.73,16.96,20.22,16.0,,0.1483,0.326,,0.643,0.47,,0.643,11.87,0.7264,0.5846,0.5112,1.684,0.0135,-0.0041,0.38,0.0267,0.0318,0.0161,0.0273,4,4,2,6,-0.1091,-0.3001,0.2349,0.1259,0.2636,0.1378,123.56,0.1618,77.12,-0.2749,0.589
56,RSI,"Rush Street Interactive, Inc.",United States,Consumer Discretionary,Gambling,USD,20.02,2026-09-23,4.89,68.7,B,13.5,14,9,12.0,8,4.2,8,,,,,2026-12-31,0.3994,0.1595,0.2738,0.2099,0.37,0.46,0.62,0.8397,,0.6757,0.3543,0.5065,,43.52,adjTTM,64.58,25.66,32.29,23.84,,0.2581,0.4522,,0.724,0.507,,0.724,12.62,,,0.1064,4.556,0.0186,1.6706,-1.84,0.0,0.0318,-0.0013,0.0072,3,5,3,10,-0.2238,-0.3214,-0.0898,0.2487,0.3543,0.1056,24.33,0.2154,13.7,-0.3154,0.683
57,NU,Nu Holdings Ltd.,Cayman Islands,Finance,Banks - Regional,USD,13.73,2026-09-23,66.35,68.5,B,14,16.5,8.5,6,10,4.5,9,★★,,,,2026-12-31,0.4472,0.2222,0.33,0.2683,0.5846,0.7348,0.8529,1.1019,1.4692,0.459,0.2919,0.3729,0.3596,18.69,adjTTM,18.82,13.28,16.1,12.46,9.35,0.1385,0.3332,0.4999,0.455,0.356,0.369,0.425,,,,-0.1268,-0.463,0.0269,0.0038,,0.0131,0.0442,0.0009,0.0196,4,7,0,16,-0.0586,0.0902,-0.1502,0.059,0.3125,0.2534,18.19,0.3241,7.61,-0.4456,0.727
58,CXW,"CoreCivic, Inc.",United States,Real Estate,Security & Protection Services,USD,32.38,2026-09-23,3.2,68.3,B,14,18.5,10,5.5,10,4.8,5.5,★★,,,,2026-12-31,0.2227,0.0836,0.151,0.1161,1.1,1.29,1.6825,2.37,,0.5295,0.4086,0.4678,,25.1,adjTTM,25.69,14.83,19.24,13.66,,0.2333,0.4557,,0.363,0.317,,0.363,11.36,0.0645,0.3834,0.0231,0.448,0.0106,-0.0364,3.27,-0.0025,0.0499,0.041,0.191,5,1,1,3,-0.0485,0.0885,0.5243,0.0887,0.4086,0.32,40.37,0.247,20.62,-0.3632,0.68
59,SNDK,Sandisk Corporation,United States,Technology,Computer Hardware,USD,1830.73,2026-09-23,268.05,68.1,B,11,20,12,15,10,5.5,7,★★,Memory/Storage cycle,Y,,2027-06-30,1.4176,0.1828,0.6911,0.895,70.88,70.08,213.903,263.4855,,2.0178,0.2318,0.928,,26.12,adjTTM,24.81,8.12,8.56,6.95,,0.6724,0.734,,0.35,0.088,,0.35,21.54,1.0485,,0.5677,1.005,0.0115,,-0.35,-0.0009,0.1325,-0.0047,0.3287,5,7,4,20,0.144,-0.0701,16.1603,-0.0635,0.2318,0.1635,2197.35,0.2003,895.53,-0.5108,0.392
60,ALGM,"Allegro MicroSystems, Inc.",United States,Technology,Semiconductors,USD,35.57,2026-09-23,6.63,68.0,B,14,15.5,8,5.0,10,5.5,10,,,,,2027-03-31,0.2297,0.169,0.199,0.1973,0.54,0.68,1.0179,1.4762,,0.885,0.4502,0.6534,,52.31,adjTTM,508.14,28.71,34.94,24.1,,0.332,0.5394,,0.638,0.439,,0.638,50.14,0.0174,,0.0929,6.186,0.0542,-0.0142,1.36,-0.012,-0.0263,-0.0154,0.0024,3,8,2,11,-0.0463,-0.3617,0.1283,0.2842,0.4502,0.166,46.98,0.3209,24.52,-0.3106,1.033
61,003230.KS,SamyangFood,KS,INTL,Packaged Foods,KRW,1215000.0,2026-09-22,6.7,67.7,B,13.0,15.0,7,11.5,8,4.2,9,★★,,,,2026-12-31,0.3338,0.1934,0.2617,0.224,52156.0,64943.0,74852.766,91059.42,,0.4352,0.2165,0.3213,,18.71,adjTTM,,14.02,16.23,13.34,,0.1324,0.2868,,0.648,0.436,,0.648,12.98,0.3509,0.3941,0.0768,0.434,,0.0012,0.18,-0.0128,0.0011,-0.0059,0.0219,3,8,3,16,-0.1063,0.1705,-0.1662,0.0735,0.2165,0.143,1377345.89,0.1336,821893.08,-0.3235,0.413
62,MYRG,"MYR Group, Inc.",United States,Industrials,Engineering & Construction,USD,291.49,2026-09-23,4.54,67.5,B,12,10,14,11.0,4,6.5,10,,,,,2026-12-31,0.1998,0.1547,0.177,0.1653,7.53,10.54,12.185,14.5717,,0.6182,0.1959,0.3911,,27.66,adjTTM,27.63,20.93,23.92,20.0,,0.135,0.2767,,1.069,0.535,,1.069,15.23,0.1794,,0.0483,1.17,0.0045,-0.0482,-0.16,0.0627,0.0627,0.0956,0.1056,5,6,0,6,-0.0623,-0.3772,0.5882,0.1867,0.1959,0.0092,326.81,0.1212,203.12,-0.3032,0.4
63,WK,Workiva Inc.,United States,Technology,Software - Application,USD,70.96,2026-09-23,3.86,67.5,B,14.5,13,11,7.5,6,6.5,9,,,,,2026-12-31,0.1781,0.1545,0.1662,0.1602,1.78,2.87,3.3587,4.0498,,0.8869,0.2058,0.5084,,24.72,adjTTM,84.48,18.37,21.13,17.52,,0.1455,0.2913,,0.893,0.361,,0.893,89.86,,4.0262,0.2073,4.255,0.1294,0.0166,-1.25,0.0,0.1539,0.0002,0.1562,5,10,0,11,-0.0502,0.5129,-0.1475,0.1486,0.2058,0.0572,79.98,0.1271,48.03,-0.3232,0.393
64,LSCC,Lattice Semiconductor Corporati,United States,Technology,Semiconductors,USD,121.16,2026-09-23,17.21,67.5,B,17,12.5,15,3.5,6,6.5,7,,,,,2026-12-31,0.7569,0.4505,0.5964,0.5041,1.05,1.54,2.1324,3.2128,,1.0309,0.5067,0.7492,,78.68,adjTTM,484.64,41.5,56.82,37.71,,0.2778,0.5207,,0.819,0.554,,0.83,187.41,0.0151,-2.8238,0.2504,4.488,0.2206,-0.0006,-0.93,0.1679,0.1717,0.3794,0.3901,5,8,0,13,0.0269,-0.1642,0.6249,0.4081,0.5067,0.0919,157.61,0.3008,77.26,-0.3623,0.83
65,DAVE,Dave Inc.,United States,Finance,Software - Application,USD,326.7,2026-09-23,4.17,67.3,B,13.0,15.0,10.5,4,10,5.8,9,,,,,2026-12-31,0.3173,0.2242,0.2699,0.2447,13.18,15.69,17.3293,22.0987,29.5622,0.3148,0.2752,0.2949,0.309,20.82,adjTTM,21.05,15.7,18.85,14.78,11.05,0.0946,0.29,0.4693,0.571,0.533,0.508,0.513,19.47,0.6208,0.9308,0.4959,1.434,0.0583,0.0479,-0.21,-0.0009,0.0429,0.0203,0.0696,4,9,2,14,-0.0795,0.0269,0.4113,0.1044,0.3061,0.2017,432.42,0.3236,223.93,-0.3146,1.029
66,FLYW,Flywire Corporation - Voting,United States,Consumer Discretionary,Software - Infrastructure,USD,16.82,2026-09-23,2.05,67.3,B,14.5,17.5,9,4.5,10,4.8,7,★★,,,,2026-12-31,0.2625,0.1537,0.2069,0.1785,0.4679,0.8279,1.053,1.3433,1.9162,1.2505,0.2757,0.6944,0.5999,20.32,adjTTM,62.31,13.3,15.98,12.52,8.78,0.2138,0.3837,0.5679,0.483,0.192,0.222,0.381,28.46,0.0367,0.075,0.2154,4.515,0.0993,-0.0123,-4.89,-0.0,0.0299,-0.0017,0.0712,4,7,0,7,-0.1397,0.0769,0.2881,0.0596,0.349,0.2894,23.43,0.3924,11.05,-0.3433,1.143
67,PINS,"Pinterest, Inc.",United States,Technology,Internet Content & Information,USD,18.32,2026-09-23,10.38,67.0,B,7,17,11,10.0,10,4.0,8,,,,,2026-12-31,0.1639,0.1298,0.1468,0.1381,1.6,1.75,2.0215,2.402,4.8707,0.2634,0.1882,0.2253,0.4493,10.47,adjTTM,53.9,7.97,9.07,7.63,3.76,0.1343,0.2714,0.6407,0.423,0.354,0.177,0.159,32.65,0.1199,0.2349,0.2811,5.144,0.2243,-0.0152,-6.9,-0.0012,0.0653,-0.0001,0.0754,4,21,3,24,-0.2167,-0.0614,-0.4803,-0.0678,0.5523,0.5678,33.49,0.8275,11.99,-0.3456,2.394
68,HUBS,"HubSpot, Inc.",United States,Technology,Software - Application,USD,228.18,2026-09-23,11.68,67.0,B,11.5,15.0,9.5,6.5,10,6.5,8,★★,,,,2026-12-31,0.1766,0.1409,0.1586,0.1495,9.7,11.73,13.2941,16.8264,20.664,0.3705,0.2657,0.3171,0.2867,19.45,adjTTM,81.2,14.38,17.16,13.56,11.04,0.1177,0.3029,0.4323,0.541,0.454,0.502,0.583,62.32,0.0125,,0.1907,4.48,0.1492,0.0265,-4.33,0.0031,0.0152,0.0133,0.0777,4,28,2,32,-0.0476,0.3191,-0.5545,0.0804,0.2467,0.1664,282.17,0.2366,162.23,-0.289,0.819
69,000660.KS,SK hynix,KS,INTL,Semiconductors,KRW,1862000.0,2026-09-22,967.34,66.8,B,12,19,10.5,14.2,10,6.5,7,★★,Memory/Storage cycle,Y,,2026-12-31,2.5666,0.5415,1.3447,0.7328,60372.0,227520.0,354199.94,472526.75,,4.867,0.3341,1.7977,,8.18,adjTTM,,4.23,5.26,3.94,,0.3577,0.5185,,0.127,0.024,,0.127,8.76,0.4111,1.4044,0.478,0.558,0.0022,0.0209,-0.05,0.0018,0.1443,0.0281,0.0985,5,4,3,39,0.1014,-0.2797,4.112,-0.2045,0.3341,0.3045,2240858.7,0.2035,794844.64,-0.5731,0.355
70,EDU,New Oriental Education & Techno,China,Real Estate,Education & Training Services,USD,56.08,2026-09-23,8.69,66.8,B,9,14,8,13.0,8,4.8,10,,,,,2027-05-31,0.1654,0.1229,0.1439,0.1506,3.57,3.56,4.3404,5.0414,,0.2158,0.1615,0.1883,,15.75,adjTTM,18.69,12.29,12.92,11.12,,0.1798,0.2938,,0.761,0.653,,0.761,5.85,3.9273,1.7281,0.1378,1.642,0.0156,,-5.84,0.0,0.0098,0.0,0.0279,4,8,2,14,0.0038,0.2436,0.1137,0.0389,0.1615,0.1226,63.56,0.1334,36.45,-0.3501,0.381
71,R3NK.DE,RENK Group AG                 I,DE,INTL,Aerospace & Defense,EUR,41.9,2026-09-23,4.77,66.8,B,13,13,8,12.0,6,4.8,10,,,,,2026-12-31,0.1349,0.1822,0.1583,0.1705,1.4176,1.3644,1.7357,2.1903,,0.2244,0.2619,0.243,,30.71,adjTTM,42.32,20.27,24.14,19.13,,0.2139,0.3771,,0.774,0.834,,0.774,18.36,0.1666,1.5975,0.0888,1.239,,0.0,1.54,-0.0016,-0.0001,-0.0014,0.0134,3,5,0,15,-0.1027,-0.0073,-0.4165,0.1772,0.2619,0.0847,48.64,0.1608,29.72,-0.2908,0.553
72,5803.T,FUJIKURA,T,INTL,Conglomerates,JPY,4952.0,2026-09-18,51.83,66.5,B,11.5,12,15,12.2,0,5.8,10,,,,,2027-03-31,0.4382,0.1269,0.2731,0.26,94.93,124.5916,196.0607,227.8264,,1.0653,0.162,0.5492,,39.75,adjTTM,52.08,23.43,25.26,21.74,,0.3645,0.4531,,1.446,0.427,,1.446,29.14,0.3223,0.9206,0.0794,0.597,,0.0002,-0.34,0.2271,0.6417,0.1709,0.4671,5,7,0,12,-0.0728,-0.0405,1.2091,0.2206,0.162,-0.0585,5545.83,0.1199,2075.41,-0.5809,0.206
73,SMCI,"Super Micro Computer, Inc.",United States,Technology,Computer Hardware,USD,41.49,2026-09-23,27.26,66.3,B,11,17,13,6.5,10,4.8,4,,,,,2027-06-30,0.7185,0.1733,0.42,0.5316,3.63,3.58,4.3377,5.3259,,0.1949,0.2278,0.2113,,11.59,adjTTM,12.73,9.08,9.57,7.79,,0.1747,0.3278,,0.399,0.43,,0.399,11.77,0.2051,0.1276,-0.1785,-3.175,0.0105,0.1097,0.4,-0.0001,0.359,0.0,0.4359,5,8,0,17,0.1115,0.2423,-0.1191,-0.0368,0.2278,0.2647,49.67,0.1969,23.89,-0.4242,0.464
74,FIX,"Comfort Systems USA, Inc.",United States,Industrials,Engineering & Construction,USD,1625.58,2026-09-23,57.21,66.0,B,14,9,12,14.5,0,6.5,10,,,,,2026-12-31,0.4264,0.1898,0.3027,0.2388,28.88,40.66,49.007,60.1785,,0.6969,0.228,0.4435,,39.98,adjTTM,40.01,28.44,33.17,27.01,,0.1703,0.3243,,1.248,0.641,,1.248,27.75,0.6083,1.1424,0.1924,1.506,0.0034,-0.0101,-0.25,0.0007,0.1358,0.0023,0.1313,5,7,0,10,-0.0184,-0.1479,1.0248,0.2812,0.228,-0.0533,1853.95,0.1405,1081.53,-0.3347,0.42
75,MCHP,Microchip Technology Incorporat,United States,Technology,Semiconductors,USD,75.33,2026-09-23,40.9,66.0,B,12.5,15,12,5.5,8,6.5,6.5,,,,,2027-03-31,0.3572,0.1621,0.2558,0.2483,1.64,2.12,3.6461,4.5835,,1.2233,0.2571,0.6718,,35.53,adjTTM,110.78,18.38,20.66,16.43,,0.4186,0.5375,,0.715,0.274,,0.715,30.74,0.0376,,0.2169,3.025,0.0542,0.0147,3.63,-0.0002,0.1532,0.004,0.1145,5,20,1,25,-0.004,-0.1875,0.1944,0.1487,0.2571,0.1084,89.47,0.1878,52.11,-0.3083,0.609
76,STM,STMicroelectronics N.V.,Switzerland,Technology,Semiconductors,USD,52.27,2026-09-23,46.63,66.0,B,12.5,18,10,1.5,10,4.0,10,,,Y,,2026-12-31,0.2227,0.1899,0.2062,0.1976,0.53,0.84,1.3395,2.5343,,1.5274,0.892,1.1867,,62.23,adjTTM,,23.65,39.03,20.63,,0.3729,0.6686,,0.265,0.199,,0.473,16.61,0.0177,-2.0486,0.0165,6.0,0.0137,-0.0172,-1.11,-0.0101,0.0524,0.0004,0.0375,4,1,0,9,0.0346,-0.2778,0.8388,0.2235,0.892,0.2765,70.86,0.3555,28.84,-0.4483,0.793
77,TIGO,Millicom International Cellular,Luxembourg,Telecommunications,Telecom Services,USD,91.47,2026-09-23,15.34,65.8,B,12.0,17.5,3,11.5,10,4.8,7,★★,,,,2026-12-31,0.5058,0.0425,0.2529,0.1343,3.8942,3.9113,4.544,7.0485,8.8674,0.1669,0.5512,0.3454,0.3156,23.39,adjTTM,22.81,14.36,20.13,12.98,10.32,0.1392,0.4451,0.5589,0.261,0.416,0.455,0.362,8.75,0.1161,0.5246,0.1682,1.83,0.001,-0.0264,2.33,-0.0373,-0.1301,-0.0407,0.078,3,2,2,5,-0.0198,0.0536,0.9979,0.08,0.3969,0.3169,120.26,0.3148,31.3,-0.6579,0.478
78,FICO,Fair Isaac Corporation,United States,Consumer Discretionary,Software - Application,USD,889.13,2026-09-23,19.2,65.5,B,13.0,13,5,14.0,6,5.5,9,,,,,2026-09-30,0.277,0.1377,0.2053,0.1398,29.88,39.75,43.0229,53.0095,62.3272,0.4399,0.2321,0.3319,0.2777,22.37,adjTTM,25.72,16.83,20.67,16.77,14.27,0.0761,0.2501,0.3622,0.725,0.507,0.606,0.827,19.87,0.6571,2.0321,0.4014,1.179,0.0728,-0.0207,2.32,-0.002,-0.001,-0.0006,-0.0261,3,2,5,21,-0.2418,-0.1912,-0.4207,0.1238,0.2036,0.0799,1046.2,0.1767,623.45,-0.2988,0.591
79,ORCL,Oracle Corporation,United States,Technology,Software - Infrastructure,USD,145.88,2026-09-23,441.1,65.5,B,17,15.5,8.5,2.5,10,6.5,5.5,,,,,2027-05-31,0.3432,0.4529,0.397,0.3851,7.63,8.08,8.1414,10.9972,15.4659,0.067,0.3508,0.2005,0.2656,18.05,adjTTM,22.83,16.14,17.92,13.27,9.43,0.0075,0.2653,0.4776,0.46,0.805,0.608,0.427,17.09,0.1395,0.0736,-0.4001,-1.533,0.0671,0.0167,3.3,0.011,0.012,0.0075,0.0077,3,4,0,39,-0.0044,-0.114,-0.53,0.1119,0.3783,0.2664,200.16,0.3721,101.2,-0.3063,1.215
80,MTSI,MACOM Technology Solutions Hold,United States,Technology,Semiconductors,USD,276.11,2026-09-23,21.09,65.2,B,18.5,10.5,13,7.2,0,6.0,10,,,,,2026-09-30,0.3689,0.3586,0.3638,0.3587,3.47,4.45,5.5123,8.4902,8.9701,0.5886,0.5402,0.5642,0.3724,62.05,adjTTM,88.21,32.74,50.09,32.52,30.78,0.1927,0.4759,0.5039,0.606,0.58,0.879,1.188,76.47,0.097,0.1108,0.1063,0.514,0.0719,0.0056,-0.69,0.0001,0.0969,0.0011,0.2404,5,13,0,16,0.0326,-0.2603,1.1373,0.3271,0.2757,-0.0514,293.39,0.0626,198.61,-0.2807,0.223
81,SE,Sea Limited,United States,Consumer Discretionary,Internet Retail,USD,103.12,2026-09-23,63.16,65.2,B,14.0,14.5,3,13.5,10,2.2,8,,,,,2026-12-31,0.3566,0.2265,0.2899,0.2545,3.1724,3.179,3.8196,5.1903,7.1928,0.204,0.3589,0.2791,0.3137,32.44,adjTTM,39.82,21.4,27.0,19.87,14.34,0.1677,0.3875,0.558,0.596,0.767,0.682,0.575,22.78,0.301,,0.1692,2.859,0.0225,0.0554,-2.9,-0.0137,-0.0268,-0.0115,-0.0207,2,3,3,10,-0.1229,0.123,-0.4436,0.1933,0.3723,0.179,142.31,0.38,62.02,-0.3986,0.953
82,COMP,"Compass, Inc.",United States,Finance,Real Estate Services,USD,9.12,2026-09-23,7.0,65.0,B,9,16,13,6.0,10,5.0,6,★★,,Y,,2026-12-31,1.0754,0.0849,0.5005,0.2355,0.3103,0.6812,0.8727,0.845,1.4552,1.8128,-0.0317,0.6503,0.6739,13.4,adjTTM,152.08,10.7,10.46,10.8,6.27,0.2195,0.1939,0.5319,,0.165,0.159,0.367,30.89,-0.0255,0.7626,0.0122,1.921,0.0252,0.1209,2.62,0.0445,0.0445,0.0827,0.0827,4,3,0,3,-0.2264,-0.0809,0.1448,0.0035,0.2913,0.2879,13.81,0.5129,3.17,-0.6524,0.786
83,ALNY,"Alnylam Pharmaceuticals, Inc.",United States,Health Care,Biotechnology,USD,247.66,2026-09-23,33.14,65.0,B,17,15.5,2,11.5,8,4.0,7,,,,,2026-12-31,0.4763,0.2674,0.3678,0.3094,5.08,7.98,8.8454,12.4715,15.5829,0.7412,0.4099,0.5668,0.453,31.03,adjTTM,43.15,21.56,28.0,19.86,15.89,0.0978,0.3601,0.4879,0.526,0.38,0.476,0.659,31.63,,1.4814,0.1707,1.015,0.0701,0.0551,-1.38,-0.0079,-0.0694,-0.0092,-0.094,1,4,11,14,0.0473,-0.1415,-0.4556,0.1954,0.3273,0.1318,317.74,0.283,135.76,-0.4518,0.626
84,LIFE,Ethos Technologies Inc.,United States,Finance,Insurance Brokers,USD,33.56,2026-09-23,3.22,65.0,B,15,17.5,13,0,10,2.5,7,★★,,,,2026-12-31,0.8837,0.2843,0.5553,0.3831,1.4,,1.7534,2.6313,,0.2525,0.5007,0.371,,20.25,estTTM,,14.02,19.14,12.75,,0.0547,0.3701,,0.28,0.378,,0.28,-21.84,,0.51,0.1213,,0.3555,0.0,,0.3025,0.1613,0.3667,0.3609,5,3,0,4,-0.019,1.1959,0.9887,0.0736,0.5007,0.4264,43.62,0.2998,21.73,-0.3525,0.85
85,MMYT,MakeMyTrip Limited,India,Consumer Discretionary,Travel Services,USD,47.09,2026-09-23,4.43,64.5,C,12.5,12,13,12.0,4,4.5,6.5,,,,,2027-03-31,0.0545,0.1739,0.1126,0.1136,1.56,1.74,2.0065,2.4825,,0.2862,0.2372,0.2615,,27.06,adjTTM,204.72,21.06,23.47,18.97,,0.1328,0.2991,,0.888,0.805,,0.888,30.49,0.1623,,0.1441,4.466,0.0217,-0.0425,3.19,0.024,0.1153,0.0252,0.1335,5,4,0,6,-0.2212,0.0111,-0.5131,0.1884,0.2372,0.0488,55.26,0.1737,29.75,-0.3681,0.472
86,APH,Amphenol Corporation,United States,Technology,Electronic Components,USD,82.27,2026-09-23,202.88,64.5,C,14,9,9.5,13.5,2,6.5,10,,,,,2026-12-31,0.5386,0.1839,0.3496,0.253,1.67,2.155,2.669,3.2803,,0.5982,0.229,0.4015,,38.18,adjTTM,41.13,26.42,30.82,25.08,,0.1926,0.343,,1.153,0.658,,1.153,23.02,0.2963,0.4011,0.2006,1.085,0.0062,0.011,0.59,0.004,0.1084,0.0128,0.1538,5,2,1,18,0.0491,0.0379,0.3206,0.2577,0.229,-0.0287,93.88,0.1411,58.06,-0.2943,0.48
87,ADI,"Analog Devices, Inc.",United States,Technology,Semiconductors,USD,383.06,2026-09-23,185.62,64.5,C,14.5,10,14,8.0,2,6.0,10,,,,,2026-10-31,0.3734,0.2034,0.2856,0.2166,7.79,11.26,12.895,16.3481,18.8139,0.6553,0.2678,0.4487,0.3417,34.02,adjTTM,45.44,23.96,29.71,23.43,20.36,0.1268,0.3112,0.4015,0.895,0.534,0.701,1.152,28.31,0.0633,,0.3557,1.194,0.0252,-0.004,0.71,0.037,0.0449,0.0854,0.106,5,23,0,30,0.0303,-0.0561,0.5724,0.2274,0.2079,-0.0195,444.6,0.1606,254.01,-0.3369,0.477
88,FPS,"Forgent Power Solutions, Inc.",United States,Energy,Electrical Equipment & Parts,USD,39.75,2026-09-23,12.68,64.5,C,15,16.5,11,5.5,10,1.5,5,,,,,2027-06-30,0.791,0.3281,0.5423,0.628,0.68,,1.3445,1.9811,,0.9773,0.4734,0.7069,,47.62,estTTM,132.5,26.63,29.56,20.06,,0.3792,0.5786,,0.562,0.377,,0.562,45.3,0.1281,0.448,-0.0048,-0.083,0.0071,0.0561,2.45,0.1603,0.113,0.1196,0.1373,5,0,1,10,0.1992,-0.329,0.3721,0.2603,0.4734,0.2132,55.66,0.4003,26.66,-0.3292,1.216
89,MU,"Micron Technology, Inc.",United States,Technology,Semiconductors,USD,1075.21,2026-09-23,1214.33,64.4,C,12,20,9.5,12.2,10,5.5,8,★★,Memory/Storage cycle,Y,,2026-08-31,2.4765,0.9049,1.5734,0.9049,8.29,45.12,73.5338,158.9068,164.405,7.8702,1.161,3.3782,1.7068,23.83,adjTTM,23.13,6.77,14.62,6.77,6.54,0.3864,0.7161,0.7256,0.058,0.02,0.04,0.137,17.86,0.1574,1.2596,0.2899,0.519,0.0133,0.0063,0.07,0.0013,0.005,0.0199,0.1576,5,2,2,36,0.1099,0.0204,5.4587,-0.1052,0.4953,0.2052,1112.41,0.0346,534.1,-0.5033,0.069
90,LLY,Eli Lilly and Company,United States,Health Care,Drug Manufacturers - General,USD,1148.9,2026-09-23,1024.52,64.3,C,12.5,10,10.5,13.8,2,6.5,9,,,,,2026-12-31,0.3567,0.1547,0.2516,0.1981,24.21,31.49,36.9067,47.5425,57.4197,0.5244,0.2882,0.4013,0.3336,36.48,adjTTM,38.5,25.73,31.13,24.17,20.01,0.1468,0.3376,0.4516,0.893,0.641,0.771,1.04,26.11,0.4477,0.5431,0.1702,0.508,0.0081,-0.0053,0.81,0.0053,0.0193,0.0065,0.0694,4,19,4,27,-0.0854,0.0386,0.5467,0.2495,0.2473,-0.0021,1408.3,0.2258,758.72,-0.3396,0.665
91,005930.KS,SamsungElec,KS,INTL,Consumer Electronics,KRW,285500.0,2026-09-22,1372.07,64.0,C,12,20,10,12.0,10,4.8,8,★★,Memory/Storage cycle,Y,,2026-12-31,1.1785,0.3449,0.7117,0.4666,6605.0,22683.0,48201.977,71093.63,,6.2978,0.4749,2.2808,,12.59,adjTTM,,4.4,5.92,4.02,,0.5294,0.6809,,0.093,0.019,,0.093,7.58,0.1236,0.6537,0.2895,0.939,,-0.0131,-0.42,-0.007,0.0458,0.0347,0.1443,5,5,7,33,0.0759,-0.1071,2.3054,-0.1965,0.4749,0.2965,366953.65,0.2853,123808.48,-0.5663,0.504
92,214450.KQ,PharmaResearch,KQ,INTL,Biotechnology,KRW,322500.0,2026-09-22,2.45,63.8,C,12.0,12.5,8,12.8,8,2.5,8,,,,,2026-12-31,0.3112,0.1983,0.2535,0.2233,14933.0,,20066.87,23685.621,,0.3438,0.1803,0.2594,,17.27,estTTM,,14.2,16.07,13.62,,0.0694,0.2116,,0.788,0.548,,0.788,11.92,1.2516,,0.2257,0.734,0.0002,0.0741,-2.25,0.0032,0.0459,0.0052,0.0195,4,8,1,14,-0.2212,0.1571,-0.4359,0.077,0.1803,0.1033,358549.98,0.1118,195437.52,-0.394,0.284
93,UPST,"Upstart Holdings, Inc.",United States,Finance,Credit Services,USD,24.82,2026-09-23,2.41,63.8,C,17,19,8,0,10,3.8,6,,,,,2026-12-31,0.3596,0.3107,0.3349,0.3212,1.8875,1.889,2.2952,3.476,,0.216,0.5145,0.357,,13.14,adjTTM,46.82,7.86,10.81,7.14,,0.177,0.4566,,0.153,0.22,,0.157,35.87,,,-0.2488,-5.057,0.119,0.2017,,0.0004,-0.0401,0.0616,0.0176,3,3,3,9,-0.181,-0.2112,-0.6022,-0.071,0.5145,0.571,32.31,0.3022,13.58,-0.4528,0.667
94,6532.T,BAYCURRENT INC,T,INTL,Consulting Services,JPY,7932.0,2026-09-18,7.37,63.5,C,13.0,12,9,13.0,6,1.5,9,,,,,2027-02-28,0.3009,0.2488,0.2746,0.268,249.16,,323.4456,406.1576,,0.2981,0.2557,0.2768,,27.23,estTTM,31.85,21.42,24.52,19.53,,0.0994,0.2828,,0.838,0.774,,0.838,20.13,0.8666,1.1198,0.2143,0.84,0.005,-0.0019,-1.35,0.1221,0.1221,-0.0015,0.0131,4,4,0,14,0.0366,0.4709,-0.0741,0.1935,0.2557,0.0622,9329.61,0.1762,5536.4,-0.302,0.583
95,SANM,Sanmina Corporation,United States,Technology,Electronic Components,USD,219.27,2026-09-23,11.75,63.5,C,13,10,13,8.0,4,6.5,9,,,,,2026-09-30,0.7408,0.1598,0.4209,0.1663,6.04,10.52,12.0983,13.9174,,1.003,0.1504,0.518,,20.84,adjTTM,39.23,15.79,18.12,15.76,,0.1305,0.2441,,1.05,0.305,,1.05,14.27,0.1563,,0.0466,1.928,0.007,-0.0315,-0.87,0.0784,0.0784,0.0686,0.0686,4,4,1,5,0.1604,-0.1127,0.8656,0.106,0.1504,0.0444,236.03,0.0764,151.34,-0.3098,0.247
96,267260.KS,HD HYUNDAI ELECTRIC,KS,INTL,Electrical Equipment & Parts,KRW,708000.0,2026-09-22,18.65,63.5,C,14.5,11,4,13.8,6,4.2,10,,,,,2026-12-31,0.1504,0.1984,0.1742,0.1867,20354.0,23637.0,26606.771,34100.816,,0.3072,0.2817,0.2944,,29.95,adjTTM,,22.08,26.61,20.76,,0.1116,0.3068,,0.784,0.75,,0.784,20.7,0.5904,,0.1509,0.769,,-0.0,-0.58,-0.0148,-0.0236,-0.0107,-0.0078,3,4,11,21,-0.0083,-0.2463,0.2111,0.2026,0.2817,0.0791,830145.57,0.1725,477817.38,-0.3251,0.531
97,AS,"Amer Sports, Inc.",,Consumer Discretionary,Leisure,USD,27.01,2026-09-23,15.72,63.5,C,11.5,12,12,5.5,8,6.5,8,,,,,2026-12-31,0.2493,0.1488,0.198,0.1719,0.97,1.24,1.3249,1.6392,2.039,0.3659,0.2372,0.2999,0.281,21.78,adjTTM,28.14,17.38,20.39,16.48,13.25,0.0641,0.2435,0.3918,0.733,0.58,0.619,0.723,13.63,0.0771,0.3215,0.018,0.245,0.0063,0.1222,1.1,0.0317,0.0568,0.0255,0.0446,4,13,0,21,-0.1724,-0.2231,-0.2127,0.1328,0.2405,0.1077,33.56,0.2423,18.35,-0.3207,0.756
98,AAMI,Acadian Asset Management Inc.,United Kingdom,Finance,Asset Management,USD,92.22,2026-09-23,3.27,63.5,C,12.5,13.5,9,6,8,5.5,9,★★,,,,2026-12-31,0.409,0.1772,0.2879,0.2256,3.25,4.46,5.36,6.4667,,0.6492,0.2065,0.4106,,20.68,adjTTM,32.58,14.95,17.2,14.26,,0.1679,0.3103,,0.724,0.364,,0.724,20.14,0.34,,-0.0749,-0.494,,-0.0548,0.81,-0.0028,0.1178,-0.0072,0.1042,5,2,0,3,0.0002,0.2644,0.9124,0.091,0.2065,0.1155,103.98,0.1276,67.39,-0.2692,0.474
99,LPLA,LPL Financial Holdings Inc.,United States,Finance,Capital Markets,USD,305.72,2026-09-23,24.07,63.5,C,10,17,8,4,10,5.5,9,,,,,2026-12-31,0.2408,0.1435,0.1912,0.1659,20.09,21.87,24.0159,29.827,36.1237,0.1954,0.242,0.2185,0.216,13.98,adjTTM,24.48,10.82,12.73,10.25,8.46,0.0894,0.2668,0.3946,0.447,0.495,0.501,0.478,,0.1205,-0.0095,-0.0475,-0.925,0.0044,0.0482,2.56,-0.0009,0.0352,-0.001,0.0483,4,3,2,17,-0.1535,0.0374,-0.0983,0.0062,0.2264,0.2202,372.44,0.2182,215.76,-0.2943,0.742
100,285A.T,KIOXIA HOLDINGS CORPORATION,T,INTL,Semiconductors,JPY,54570.0,2026-09-18,183.69,63.1,C,12,20,12.5,12.2,10,3.2,6,★★,Memory/Storage cycle,Y,,2027-03-31,3.3274,0.2999,1.3717,0.9018,1024.07,2530.08,10432.475,14353.53,,9.1873,0.3759,2.7438,,21.57,adjTTM,54.05,4.43,5.23,3.8,,0.7575,0.8237,,0.118,0.016,,0.118,12.64,0.3292,2.4711,0.1424,0.6,,0.04,0.65,0.0035,0.1028,0.0274,0.1718,5,11,2,17,0.0306,-0.4975,11.073,-0.1952,0.3759,0.2952,69320.54,0.2703,25239.43,-0.5375,0.503
101,VICR,Vicor Corporation,United States,Technology,Electronic Components,USD,276.46,2026-09-23,12.75,63.0,C,20,7,10,11.5,0,5.5,9,,,,,2026-12-31,0.3746,0.5192,0.4451,0.4884,2.9965,3.4759,3.73,5.62,7.0379,0.2448,0.5067,0.3695,0.3293,79.54,adjTTM,88.9,54.13,74.12,49.19,39.28,0.0681,0.3815,0.5061,1.068,1.465,1.644,1.449,103.89,0.2097,2.6534,0.1082,0.353,0.0354,0.0062,-3.61,0.0677,0.215,0.012,-0.0035,4,1,1,3,0.3786,-0.1775,4.1368,0.5048,0.3736,-0.1312,360.15,0.3027,193.91,-0.2986,1.014
102,ARGX,argenx SE,Netherlands,Health Care,Biotechnology,USD,941.52,2026-09-23,58.55,63.0,C,13.5,10.5,3,11.5,10,5.5,9,,,,,2026-12-31,0.475,0.2164,0.3395,0.2685,19.57,26.04,18.36,34.7167,44.9817,-0.0618,0.8909,0.3319,0.3197,36.16,adjTTM,35.91,31.09,51.28,27.12,20.93,-0.4183,0.2499,0.4211,0.349,0.937,0.973,0.622,931.05,0.3274,0.5849,0.1097,0.334,0.0475,0.0131,-2.51,-0.3421,-0.2881,-0.1166,-0.0696,1,8,4,3,-0.095,0.1027,0.2814,0.3101,0.5652,0.1899,1312.07,0.3936,468.64,-0.5023,0.784
103,IVZ,Invesco Ltd,United States,Finance,Asset Management,USD,30.79,2026-09-23,13.59,62.8,C,10.5,14.5,10,2,10,5.8,10,,,,,2026-12-31,0.2518,0.0881,0.1671,0.1256,2.03,2.51,2.8114,3.2691,3.7446,0.3849,0.1628,0.269,0.2264,12.26,adjTTM,,9.79,10.95,9.42,8.22,0.1072,0.2322,0.3297,0.601,0.364,0.432,0.635,12.35,-0.0244,,0.2783,,0.0154,-0.0059,4.43,0.0016,0.0854,0.0024,0.0965,5,9,4,14,-0.0401,0.1451,0.4138,-0.0187,0.1541,0.1728,35.39,0.1497,22.22,-0.2783,0.538
104,MXL,"MaxLinear, Inc",United States,Technology,Semiconductors,USD,83.75,2026-09-23,7.6,62.5,C,14,13.5,13.5,0,8,6.5,7,,,Y,,2026-12-31,0.5782,0.2988,0.4317,0.3521,0.31,0.9,1.75,2.613,,4.6452,0.4932,1.9033,,93.05,adjTTM,,35.2,47.85,32.05,,0.4857,0.6556,,0.714,0.185,,0.714,-357.21,-0.1854,,0.0011,,0.1557,0.0357,,0.0,0.3084,0.0116,0.3934,5,7,0,11,0.2567,-0.0603,4.0641,0.3514,0.4932,0.1418,108.52,0.2958,49.9,-0.4041,0.732
105,STX,Seagate Technology Holdings PLC,Ireland,Technology,Computer Hardware,USD,922.59,2026-09-23,209.79,62.1,C,17,19,15,14.0,0,6.5,5,★,Memory/Storage cycle,,,2027-06-30,0.5404,0.3365,0.4348,0.4754,15.58,15.53,35.7809,55.3714,,1.2966,0.5475,0.8852,,59.41,adjTTM,66.42,22.87,25.78,16.66,,0.566,0.7195,,0.418,0.258,,0.457,46.8,0.8797,2.1937,0.2546,0.975,0.0175,0.0553,0.51,0.0,0.346,0.2746,0.4228,5,15,0,19,0.0805,-0.1151,3.0592,0.2132,0.5475,-0.1132,1339.98,0.4524,450.06,-0.5122,0.883
106,ARW,"Arrow Electronics, Inc.",United States,Technology,Electronics & Computer Distribution,USD,229.49,2026-09-23,11.68,62.0,C,11,14,13,2.5,8,6.5,7,★★,,,,2026-12-31,0.2979,0.0779,0.1828,0.127,11.02,17.47,21.635,23.925,,0.9632,0.1058,0.4734,,13.14,adjTTM,14.67,9.85,10.61,9.59,,0.1925,0.2698,,0.93,0.208,,0.93,9.04,0.0818,,0.023,1.017,0.0006,-0.0287,2.04,0.0923,0.0927,0.1219,0.123,5,4,0,4,0.0848,0.0146,0.8897,-0.0172,0.1058,0.1231,244.69,0.0663,162.71,-0.291,0.228
107,6526.T,SOCIONEXT INC,T,INTL,Electrical Equipment & Parts,JPY,2000.0,2026-09-18,2.22,62.0,C,15.5,18,8,2,10,1.5,7,,,,,2027-03-31,0.1684,0.1866,0.1774,0.1779,49.74,,71.8165,119.9596,,0.4438,0.6704,0.553,,33.12,estTTM,40.49,21.05,27.85,16.67,,0.1592,0.4966,,0.314,0.381,,0.421,11.26,0.1192,-0.683,-0.0758,-1.742,,,-1.52,-0.0204,-0.0594,-0.0057,0.037,3,2,0,5,0.0341,-0.2395,-0.2798,0.1883,0.6704,0.3117,2828.99,0.4145,1284.6,-0.3577,1.159
108,WDC,Western Digital Corporation,United States,Technology,Computer Hardware,USD,470.26,2026-09-23,169.55,61.9,C,17,19.5,15,12.5,0,6.5,6,★★,Memory/Storage cycle,,,2027-06-30,0.4856,0.3677,0.4254,0.4489,10.22,10.19,20.0914,31.7495,,0.9659,0.5803,0.7626,,46.15,adjTTM,17.46,20.62,23.41,14.81,,0.4928,0.6791,,0.355,0.27,,0.412,33.41,0.5304,,0.2718,0.378,0.0158,0.0669,-0.05,0.089,0.1644,0.1695,0.2916,5,10,0,20,0.0233,-0.2991,3.271,0.1822,0.5803,-0.0822,692.78,0.4732,212.81,-0.5475,0.864
109,6098.T,RECRUIT HOLDINGS CO LTD,T,INTL,Internet Content & Information,JPY,17350.0,2026-09-18,152.32,61.5,C,8,8,13,14.0,2,6.5,10,,,,,2027-03-31,0.1442,0.0928,0.1182,0.1177,479.59,411.3,551.1609,693.0445,,0.1492,0.2574,0.2021,,42.18,adjTTM,50.0,28.0,31.48,25.03,,0.2538,0.4065,,1.088,1.386,,1.088,29.34,0.489,,0.1474,1.097,0.0218,-0.061,-0.94,0.0652,0.2195,0.1133,0.3156,5,14,0,15,0.0746,0.5969,1.1213,0.2762,0.2574,-0.0188,20611.85,0.188,11000.68,-0.366,0.514
110,EQH,"Equitable Holdings, Inc.",United States,Finance,Asset Management,USD,52.88,2026-09-23,14.42,61.5,C,11.0,17,8.5,2,10,4.0,9,,,,,2026-12-31,0.3258,0.1149,0.2158,0.1612,5.64,6.53,7.1817,9.0227,10.594,0.2734,0.2563,0.2648,0.2338,8.1,adjTTM,,6.2,7.36,5.86,4.99,0.0907,0.2763,0.3836,0.242,0.234,0.265,0.289,10.99,,-0.055,0.1244,,0.0272,-0.0822,,0.0066,0.0179,0.0099,0.0268,4,9,1,14,0.0804,0.1833,0.0039,-0.1244,0.2146,0.339,63.08,0.1929,38.3,-0.2757,0.7
111,LAZ,"Lazard, Inc.",Bermuda,Finance,Capital Markets,USD,36.97,2026-09-23,3.6,61.5,C,15.5,19,0,5,10,3.0,9,,,,,2026-12-31,0.0991,0.202,0.1494,0.1759,2.44,1.9,2.2299,3.8481,,-0.0861,0.7257,0.2558,,19.46,adjTTM,18.21,10.84,16.58,9.61,,0.1479,0.5062,,0.149,0.424,,0.217,,0.1987,,0.158,2.154,,0.0385,1.19,-0.1533,-0.2172,-0.1042,-0.1246,1,0,7,10,-0.1644,-0.1177,-0.315,0.0068,0.7257,0.4932,49.33,0.3344,22.58,-0.3894,0.859
112,INOD,Innodata Inc.,United States,Technology,Information Technology Services,USD,72.35,2026-09-23,2.49,61.3,C,16,8.5,12,13.0,0,4.8,7,,,,,2026-12-31,0.4287,0.2795,0.352,0.3103,0.92,1.32,1.645,2.0877,,0.788,0.2691,0.5064,,54.81,adjTTM,56.09,36.77,43.98,34.66,,0.1976,0.3677,,1.366,0.726,,1.366,36.44,1.2292,2.4385,0.5797,3.955,0.0588,0.0885,-1.22,0.0,0.1955,0.0,0.0438,5,1,0,3,0.126,-0.1693,-0.0211,0.3662,0.2691,-0.0971,84.29,0.1651,48.46,-0.3302,0.5
113,SCHW,Charles Schwab Corporation (The,United States,Finance,Capital Markets,USD,100.34,2026-09-23,173.52,61.2,C,11.5,13.5,7,6,8,5.2,10,,,,,2026-12-31,0.1818,0.1196,0.1503,0.1345,4.87,5.75,6.4872,7.8303,8.8703,0.3321,0.207,0.268,0.2212,17.45,adjTTM,18.28,13.44,15.47,12.81,11.31,0.1136,0.2657,0.3518,0.649,0.501,0.607,0.794,,,,0.4146,1.11,0.0134,-0.0136,,-0.0001,0.0546,0.0033,0.0798,4,1,0,22,-0.1071,0.0794,0.0814,0.0622,0.1693,0.1071,115.42,0.1503,69.57,-0.3067,0.49
114,ADMA,ADMA Biologics Inc,United States,Health Care,Biotechnology,USD,9.54,2026-09-23,2.14,61.1,C,10,14.5,1,13.8,10,3.8,8,,,,,2026-12-31,0.0493,0.1759,0.1108,0.1428,0.6567,0.7133,0.7967,0.9433,,0.2131,0.1841,0.1985,,13.37,adjTTM,13.62,10.55,11.97,10.11,,0.1046,0.2438,,0.573,0.532,,0.573,10.1,0.386,0.5588,0.2269,0.688,0.0447,0.0064,-0.03,0.0,-0.0103,-0.0399,-0.0543,2,0,3,3,-0.033,0.0949,-0.4046,-0.0001,0.1841,0.1842,10.62,0.1141,6.32,-0.3367,0.339
115,ECG,"Everus Construction Group, Inc.",United States,Consumer Discretionary,Engineering & Construction,USD,116.72,2026-09-23,5.96,61.0,C,8,7.5,15,12.0,2,6.5,10,,,,,2026-12-31,0.2443,0.1166,0.1787,0.146,3.95,4.97,5.3367,6.015,,0.3511,0.1271,0.234,,23.48,adjTTM,23.44,20.02,21.87,19.4,,0.0687,0.1737,,1.575,0.855,,1.575,16.8,0.2545,0.3373,0.0587,0.984,0.002,0.001,0.53,0.1555,0.1555,0.1748,0.1903,5,5,0,6,-0.0741,-0.2544,0.4339,0.1735,0.1271,-0.0464,125.98,0.0793,81.46,-0.3021,0.263
116,BDC,Belden Inc,United States,Industrials,Communication Equipment,USD,114.98,2026-09-23,4.49,61.0,C,8.5,12,12,7.0,8,5.5,8,,,,,2026-12-31,0.2419,0.1722,0.2066,0.1883,7.54,8.16,8.644,10.0462,,0.1464,0.1622,0.1543,,14.09,adjTTM,18.67,11.9,13.3,11.45,,0.056,0.1877,,0.733,0.771,,0.733,11.9,0.1262,0.0222,0.074,0.869,0.0117,-0.0264,2.14,0.0,0.074,0.0,0.1328,5,4,0,4,-0.0617,-0.0298,-0.1234,0.0303,0.1622,0.1319,126.57,0.1008,83.14,-0.2769,0.364
117,HPE,Hewlett Packard Enterprise Comp,United States,Technology,Communication Equipment,USD,62.62,2026-09-23,83.12,61.0,C,12.5,13.5,12,3.5,6,6.5,7,★★,,,,2026-10-31,0.3553,0.1708,0.2596,0.1853,1.94,3.17,3.8237,4.5974,5.2155,0.971,0.2024,0.5394,0.3905,19.75,adjTTM,32.28,13.86,16.38,13.62,12.01,0.1709,0.3105,0.3922,0.685,0.257,0.355,0.826,13.81,0.0356,-0.0501,0.0993,1.554,0.019,-0.0097,2.7,0.111,0.117,0.1196,0.1384,5,15,0,20,0.1725,0.281,1.5764,0.0705,0.1679,0.0974,71.41,0.1404,45.07,-0.2801,0.501
118,NXPI,NXP Semiconductors N.V.,Netherlands,Technology,Semiconductors,USD,235.56,2026-09-23,59.4,60.8,C,8,15.0,10,6.0,8,3.8,10,,,,,2026-12-31,0.161,0.1132,0.1369,0.1248,11.81,13.12,15.0591,18.0951,,0.2751,0.2016,0.2378,,17.95,adjTTM,20.12,13.64,15.64,13.02,,0.1288,0.2749,,0.677,0.574,,0.677,13.42,0.1313,-0.1395,0.2009,0.89,0.0328,-0.0136,1.84,0.0,0.0205,0.0,0.0265,4,17,4,26,0.0491,-0.2084,0.0626,0.0662,0.2016,0.1354,264.93,0.1246,160.83,-0.3172,0.393
119,NBIX,"Neurocrine Biosciences, Inc.",United States,Health Care,Drug Manufacturers - Specialty & Generic,USD,141.06,2026-09-23,14.34,60.8,C,11.5,14,3,10.5,8,4.8,9,,,,,2026-12-31,0.3638,0.1658,0.2609,0.2082,6.39,8.84,10.1968,11.9737,14.0747,0.5957,0.1743,0.3689,0.3011,15.96,adjTTM,20.96,12.27,13.83,11.78,10.02,0.1331,0.2617,0.3719,0.704,0.333,0.408,0.702,15.91,0.2078,0.2933,0.258,1.234,0.0695,-0.0116,-1.23,0.0026,-0.0067,-0.0164,-0.0576,2,1,2,16,-0.0783,-0.129,-0.0395,0.0384,0.1749,0.1364,165.77,0.1752,77.88,-0.4479,0.391
120,KVYO,"Klaviyo, Inc. Series A",United States,Technology,Software - Application,USD,16.57,2026-09-23,4.96,60.8,C,13.0,14.5,6,5.5,10,4.8,7,,,,,2026-12-31,0.2407,0.1957,0.218,0.2061,0.67,0.78,0.8245,1.0577,,0.2306,0.2828,0.2564,,21.25,adjTTM,552.5,16.67,20.1,15.67,,0.054,0.2625,,0.589,0.65,,0.589,-336.87,-0.22,7.9406,0.1701,34.816,0.1234,0.0922,,0.0,-0.0292,0.0,0.0222,3,10,6,21,-0.093,0.2324,-0.5251,0.121,0.2828,0.1618,19.45,0.1732,11.36,-0.3148,0.55
121,LFUS,"Littelfuse, Inc.",United States,Energy,Electronic Components,USD,422.37,2026-09-23,10.73,60.5,C,12,10,15,6.0,2,6.5,9,,,,,2026-12-31,0.2361,0.0987,0.1654,0.1305,10.68,13.14,17.015,20.0925,,0.5932,0.1809,0.3716,,32.14,adjTTM,,21.93,24.82,21.02,,0.2277,0.346,,1.213,0.59,,1.213,18.78,0.0992,,0.17,,0.011,-0.0089,1.31,0.1528,0.3071,0.1638,0.2955,5,4,0,4,0.0236,-0.0945,0.6216,0.2006,0.1809,-0.0197,469.72,0.1121,287.61,-0.3191,0.351
122,BE,Bloom Energy Corporation,United States,Energy,Electrical Equipment & Parts,USD,275.13,2026-09-23,81.03,60.5,C,14,11,13.5,7.5,0,6.5,8,,,Y,,2026-12-31,1.0335,0.65,0.8317,0.7093,0.76,1.82,2.7058,4.9287,7.9679,2.5603,0.8215,1.5466,1.1887,151.17,adjTTM,357.31,63.6,101.68,55.82,34.53,0.3274,0.6307,0.7716,0.774,0.411,0.535,1.272,194.93,0.0435,11.1025,0.2007,2.55,0.0586,0.0573,1.54,-0.002,0.2652,0.0089,0.1295,5,19,4,28,0.3623,-0.1476,2.5467,0.5667,0.716,-0.0667,454.35,0.6514,134.03,-0.5128,1.27
123,ADYEN.AS,ADYEN,AS,INTL,Software - Infrastructure,EUR,860.6,2026-09-23,30.95,60.5,C,13.0,10,6,14.0,6,2.5,9,,,,,2026-12-31,0.2147,0.2142,0.2144,0.2143,33.61,,38.5643,46.8094,,0.1474,0.2138,0.1801,,23.12,estTTM,24.19,19.31,22.32,18.39,,0.0348,0.2048,,0.903,1.072,,0.903,12.79,,,0.3418,0.851,0.0153,0.0111,-6.58,0.0013,0.0006,0.0013,-0.0065,3,8,5,28,-0.2024,0.0433,-0.3739,0.1629,0.2138,0.0509,974.19,0.132,576.44,-0.3302,0.4
124,NVT,nVent Electric plc,United Kingdom,Industrials,Electrical Equipment & Parts,USD,163.19,2026-09-23,26.41,60.5,C,12.5,9,12,7.5,4,6.5,9,,,,,2026-12-31,0.4017,0.1741,0.2829,0.2219,3.35,4.35,5.1364,6.4806,,0.5332,0.2617,0.3909,,37.51,adjTTM,45.46,26.68,31.77,25.18,,0.1531,0.3288,,1.02,0.683,,1.02,26.39,0.091,0.3529,0.1195,0.966,0.0084,-0.0214,1.37,0.0008,0.1188,0.0045,0.1505,5,15,0,15,0.073,-0.0302,0.6803,0.2609,0.2617,0.0008,189.41,0.1607,113.75,-0.303,0.53
125,EMBJ,Embraer S.A.,Brazil,Industrials,Aerospace & Defense,USD,76.36,2026-09-23,13.59,60.5,C,11,14,10,7.5,4,4.0,10,,,,,2026-12-31,0.1317,0.1148,0.1232,0.119,1.3812,2.5087,3.2199,3.9749,4.7405,1.3312,0.2345,0.6964,0.5084,30.44,adjTTM,30.91,20.25,23.72,19.21,16.11,0.2209,0.3689,0.4708,0.864,0.291,0.398,0.949,3.81,0.1051,8.4053,0.0451,0.902,,-0.003,0.1,0.0438,0.1365,0.0086,0.0316,4,5,0,5,0.0061,0.2553,0.263,0.1769,0.2134,0.0364,91.81,0.2023,51.6,-0.3243,0.624
126,TPG,TPG Inc.,United States,Finance,Asset Management,USD,45.74,2026-09-23,17.86,60.5,C,11.5,14.0,8.5,5,10,2.5,9,,,,,2026-12-31,0.1994,0.188,0.1937,0.1907,2.41,,2.8587,3.6269,4.2115,0.1862,0.2687,0.2268,0.2045,16.71,estTTM,69.3,13.38,16.0,12.61,10.86,0.0426,0.2454,0.3501,0.498,0.59,0.654,0.626,,,,0.2688,3.51,,0.0258,,0.0157,0.0097,0.0074,0.0191,3,10,3,15,-0.1269,0.1684,-0.2567,0.0611,0.2138,0.1527,54.23,0.1856,31.53,-0.3107,0.597
127,FITB,Fifth Third Bancorp,United States,Finance,Banks - Regional,USD,52.4,2026-09-23,47.52,60.5,C,8.5,18,8,3,10,3.0,10,,,,,2026-12-31,0.4229,0.0872,0.2438,0.1568,3.53,2.93,3.069,4.8916,5.1216,-0.1306,0.5939,0.1772,0.1321,17.88,adjTTM,17.64,11.92,17.07,10.71,10.23,0.0453,0.401,0.4279,0.201,0.673,0.902,0.408,,,,0.276,1.318,0.0232,-0.0215,,0.0004,-0.0042,-0.0002,0.004,3,12,2,16,-0.0453,-0.0359,0.1987,0.0308,0.2918,0.2611,60.28,0.1506,34.61,-0.3394,0.444
128,GFL,GFL Environmental Inc. Subordin,Canada,Utilities,Waste Management,USD,41.91,2026-09-23,15.12,60.3,C,17.0,9,12,6.5,6,3.8,6,,,,,2026-12-31,0.2134,0.2241,0.2187,0.2216,0.5321,0.6102,0.6179,1.0439,,0.1611,0.6895,0.4006,,68.68,adjTTM,,45.15,67.83,40.15,,0.0124,0.4155,,0.655,1.127,,0.903,15.17,0.0166,,0.0301,,0.0198,-0.0057,4.79,0.0578,-0.0583,0.1897,0.1879,5,5,0,7,0.0214,0.1649,-0.0883,0.4381,0.6895,0.0619,55.71,0.3293,25.88,-0.3826,0.861
129,LIF,"Life360, Inc.",United States,Technology,Software - Application,USD,40.24,2026-09-23,3.28,60.3,C,14.0,11,12,5.8,6,5.5,6,,,,,2026-12-31,0.3744,0.2219,0.2959,0.2544,1.1073,1.1705,1.3707,1.7848,,0.2379,0.3021,0.2696,,34.38,adjTTM,23.4,24.06,29.36,22.55,,0.1461,0.3442,,0.797,0.893,,0.797,127.48,0.0532,0.2137,0.172,0.669,0.1212,0.1809,-7.22,0.0,0.0966,0.0,0.0969,5,2,0,3,-0.0992,-0.1429,-0.6036,0.2288,0.3021,0.0733,47.67,0.1846,29.4,-0.2696,0.685
130,AAON,"AAON, Inc.",United States,Industrials,Building Products & Equipment,USD,83.13,2026-09-23,6.85,60.3,C,15,14.5,9,2,8,4.8,7,,,,,2026-12-31,0.5943,0.1753,0.3689,0.2546,1.35,1.93,2.3567,3.4983,4.5285,0.7457,0.4844,0.6098,0.4969,43.07,adjTTM,43.75,26.07,35.27,23.76,18.36,0.181,0.4483,0.5738,0.538,0.428,0.525,0.675,23.29,0.11,-0.1176,-0.068,-0.825,0.0103,-0.0063,1.42,-0.0048,0.0428,-0.0084,0.0627,4,2,1,6,0.045,-0.3587,-0.1166,0.2536,0.3862,0.1326,110.77,0.3325,53.51,-0.3563,0.933
131,SOFI,"SoFi Technologies, Inc.",United States,Finance,Credit Services,USD,16.71,2026-09-23,21.59,60.3,C,17,14.5,8,0,8,4.8,8,,,,,2026-12-31,0.3582,0.2546,0.3054,0.2769,0.3744,0.4581,0.5981,0.8207,1.074,0.5974,0.3722,0.4805,0.4209,36.49,adjTTM,33.43,21.99,27.95,20.37,15.56,0.234,0.4418,0.5734,0.591,0.458,0.522,0.647,,,,-2.0438,-13.83,0.0659,0.1365,,0.0043,0.0142,-0.0004,0.0051,3,5,2,9,-0.1166,-0.0338,-0.4257,0.2013,0.34,0.1387,22.1,0.3222,11.87,-0.29,1.111
132,000720.KS,HyundaiEng&Const,KS,INTL,Engineering & Construction,KRW,121100.0,2026-09-22,9.96,60.3,C,15,17,2,3.5,10,4.8,8,,,,,2026-12-31,0.6611,0.0667,0.3311,0.1755,3369.0,4011.0,4522.61,6411.926,,0.3424,0.4177,0.3796,,30.19,adjTTM,,20.53,26.78,18.89,,0.1131,0.3744,,0.491,0.541,,0.491,19.1,0.0689,-0.2545,-0.0273,-1.767,,0.0005,-1.09,-0.0303,-0.0682,0.0056,-0.0187,2,2,7,18,0.2434,0.1407,1.3782,0.1809,0.4177,0.2369,151654.24,0.2523,71304.08,-0.4112,0.614
133,161890.KS,KOLMAR KOREA,KS,INTL,Household & Personal Products,KRW,147000.0,2026-09-22,2.54,60.2,C,11.5,12,11,8.2,6,2.5,9,,,,,2026-12-31,1.6875,0.1112,0.7281,0.303,5299.0,,7990.4814,9525.166,,0.5079,0.1921,0.3407,,20.25,estTTM,,16.14,18.4,15.43,,0.0914,0.2378,,0.84,0.474,,0.84,13.14,0.0758,0.2381,0.0415,0.656,,0.0037,2.04,-0.0045,0.1964,0.0039,0.2063,5,18,0,23,0.0195,0.7518,0.8673,0.112,0.1921,0.0801,164475.5,0.1189,89188.1,-0.3933,0.302
134,KEYS,Keysight Technologies Inc.,United States,Industrials,Scientific & Technical Instruments,USD,350.55,2026-09-23,59.68,60.0,C,12.5,9,15,6.0,2,6.5,9,,,,,2026-10-31,0.3238,0.1517,0.2348,0.1656,7.16,10.02,11.474,13.8716,,0.6025,0.209,0.3919,,34.99,adjTTM,47.37,25.73,30.55,25.27,,0.1267,0.2777,,1.232,0.657,,1.232,34.92,0.1156,-0.1496,0.2232,1.166,0.0325,-0.0114,0.47,0.1206,0.1207,0.1637,0.17,5,11,0,12,0.1086,-0.006,0.9699,0.2496,0.209,-0.0406,390.39,0.1136,243.23,-0.3062,0.371
135,MPWR,"Monolithic Power Systems, Inc.",United States,Technology,Semiconductors,USD,1338.01,2026-09-23,65.75,59.8,제외,16,6.0,13,9.8,0,6.0,9,,,,,2026-12-31,0.4781,0.2815,0.3763,0.321,17.77,21.12,27.4309,34.8707,,0.5437,0.2712,0.4008,,63.35,adjTTM,81.44,40.73,48.78,38.37,,0.2301,0.3943,,1.502,1.016,,1.502,66.43,0.2688,0.1486,0.178,0.724,0.0638,-0.0108,-1.24,0.0016,0.1419,0.0022,0.1562,5,11,1,15,0.0162,-0.0591,0.4732,0.4015,0.2712,-0.1303,1560.54,0.1663,904.76,-0.3238,0.514
136,ARGX.BR,ARGENX SE,BR,INTL,Biotechnology,EUR,835.8,2026-09-23,59.22,59.8,제외,14,8,10.5,11.5,2,4.8,9,,,,,2026-12-31,0.475,0.2164,0.3395,0.2685,17.1766,22.8553,26.1862,32.2765,,0.5245,0.2326,0.3708,,36.57,adjTTM,36.47,27.29,31.92,25.89,,0.1272,0.2919,,1.173,0.736,,1.173,29.98,0.3274,0.5849,0.1097,0.334,0.0475,0.0131,-2.51,0.0478,0.108,-0.0154,0.0563,4,6,3,3,-0.0494,0.0655,0.333,0.2681,0.2326,-0.0355,955.54,0.1433,581.54,-0.3042,0.471
137,MGY,Magnolia Oil & Gas Corporation,United States,Energy,Oil & Gas E&P,USD,24.66,2026-09-23,6.77,59.8,제외,14,14,11.5,7.5,10,6.0,8,★★,Commodity/Cyclical: Oil & Gas E&P,,,2026-12-31,0.4855,0.3869,0.4354,0.4066,1.7438,2.3279,3.0652,3.2784,3.5616,0.7578,0.0695,0.3711,0.2688,10.59,adjTTM,10.77,7.66,8.04,7.52,6.92,0.2406,0.2899,0.3464,1.101,0.206,0.285,0.982,5.65,0.1668,-0.333,0.3686,1.299,0.0238,-0.0048,0.14,0.0291,0.0275,0.0114,0.247,5,5,4,16,-0.1251,-0.0757,0.0326,-0.0772,0.0779,0.1551,26.68,0.082,11.69,-0.5257,0.156
138,DX,"Dynex Capital, Inc.",United States,Real Estate,REIT - Mortgage,USD,11.8,2026-09-23,2.93,59.8,제외,12,15.5,8.5,2.8,10,3.0,8,★★,,,,2026-12-31,2.4096,0.2546,1.0682,0.4667,0.777,1.14,1.4076,1.568,,0.8115,0.114,0.4206,,10.36,adjTTM,3.77,7.74,8.39,7.53,,0.1901,0.273,,0.679,0.184,,0.679,,,,0.471,0.556,0.0349,0.7551,,0.0255,0.0716,-0.0055,0.0323,4,2,2,5,-0.082,-0.0496,0.1376,-0.0745,0.114,0.1885,12.65,0.0713,8.33,-0.2947,0.242
139,FN,Fabrinet,Cayman Islands,Utilities,Electronic Components,USD,401.15,2026-09-23,14.38,59.5,제외,10.5,11,10.5,8.5,4,6.0,9,,,,,2027-06-30,0.315,0.1973,0.2548,0.2815,14.09,14.1,18.1972,21.7877,,0.2915,0.1973,0.2435,,28.45,adjTTM,30.76,21.08,22.04,18.41,,0.2252,0.3528,,1.068,0.866,,1.068,25.62,0.2993,0.2285,0.0007,0.006,0.0075,-0.0004,-1.4,0.0,0.0587,0.0228,0.0252,4,4,0,8,-0.0816,-0.3128,0.0548,0.1887,0.1973,0.0086,469.75,0.171,285.78,-0.2876,0.595
140,VIAV,Viavi Solutions Inc.,United States,Technology,Communication Equipment,USD,36.36,2026-09-23,8.97,59.5,제외,13.5,13,12,4.5,2,5.5,9,,,,,2027-06-30,0.2456,0.1318,0.1873,0.2144,1.0,0.98,1.6425,1.9507,,0.6425,0.1877,0.3967,,37.1,adjTTM,,21.21,22.14,18.64,,0.4033,0.4976,,1.13,0.535,,1.13,32.38,0.0571,0.0839,0.0545,,0.0365,,0.29,-0.0008,0.3277,0.0,0.0652,5,2,1,7,-0.0679,-0.2744,1.9218,0.1906,0.1877,-0.0029,42.28,0.1628,24.4,-0.3291,0.495
141,6645.T,OMRON CORP,T,INTL,Electronic Components,JPY,6168.0,2026-09-18,7.67,59.5,제외,11,14,14,2,6,2.5,10,,,,,2027-03-31,0.1661,0.0492,0.1061,0.1052,144.8,,276.1029,345.5813,,0.9068,0.2516,0.5449,,29.64,estTTM,35.46,19.92,22.34,17.85,,0.2462,0.3978,,0.792,0.366,,0.792,12.21,0.0394,0.1568,0.0102,0.274,,-0.0009,0.84,0.02,0.5841,0.0462,0.1937,5,5,0,10,-0.0376,0.0055,0.5712,0.1721,0.2516,0.0795,7302.42,0.1839,3565.08,-0.422,0.436
142,066570.KS,LGELECTRONICS,KS,INTL,Consumer Electronics,KRW,209000.0,2026-09-22,27.44,59.5,제외,9.5,18.0,6.5,1.5,10,4.0,10,★★,,Y,,2026-12-31,0.412,0.0536,0.2197,0.1283,5330.0,5792.0,13533.467,16530.135,,1.5391,0.2214,0.7611,,36.08,adjTTM,,13.3,15.44,12.64,,0.572,0.6496,,0.601,0.175,,0.601,6.3,0.0498,-0.1828,0.0183,1.641,,-0.0016,0.76,0.0022,0.0538,0.0124,0.0317,4,6,4,24,0.0836,0.0747,1.7551,0.0594,0.2214,0.162,237543.1,0.1366,99143.93,-0.5256,0.26
143,192820.KS,COSMAX,KS,INTL,Household & Personal Products,KRW,272000.0,2026-09-22,2.26,59.3,제외,11.5,11,10.5,6.5,6,5.8,8,,,,,2026-12-31,0.9564,0.1251,0.4836,0.258,10847.0,16242.0,14438.223,17164.996,,0.3311,0.1889,0.258,,16.75,adjTTM,,16.56,18.84,15.85,,-0.1249,0.0538,,0.877,0.642,,0.877,13.51,0.15,0.1226,-0.0282,-0.407,,-0.0,1.71,0.0158,0.1214,0.005,0.146,5,13,0,25,-0.0559,0.7705,0.1482,0.1192,0.1889,0.0697,303808.38,0.1169,174092.63,-0.36,0.325
144,HOT.DE,HOCHTIEF AG                   I,DE,INTL,Engineering & Construction,EUR,397.4,2026-09-23,34.07,59.0,제외,9.5,11,10,11.0,6,1.5,10,,,,,2026-12-31,0.1307,0.1286,0.1297,0.1291,10.49,,14.533,18.4476,,0.3854,0.2694,0.3261,,29.58,estTTM,33.59,22.86,27.34,21.54,,0.0755,0.2716,,0.849,0.701,,0.849,18.79,0.2639,0.2667,0.0466,2.098,,0.0002,0.59,0.0123,0.0555,0.0265,0.0847,4,0,0,8,-0.0698,-0.2017,0.7643,0.2131,0.2694,0.0563,463.06,0.1652,275.34,-0.3071,0.538
145,DY,"Dycom Industries, Inc.",United States,Industrials,Engineering & Construction,USD,284.44,2026-09-23,8.58,59.0,제외,11.0,13.5,9,7.0,6,5.5,7,★★,,,,2027-01-31,0.3669,0.1322,0.244,0.1998,11.97,15.37,17.0463,20.7822,23.7496,0.4241,0.2192,0.3176,0.2566,18.51,adjTTM,26.0,14.62,16.69,13.69,11.98,0.0983,0.2604,0.3528,0.667,0.46,0.57,0.811,12.02,0.1024,0.0339,0.0681,1.422,0.0055,-0.002,2.52,0.0251,0.0279,0.0418,0.041,4,4,4,5,-0.2764,-0.388,0.0064,0.0849,0.1804,0.0955,331.84,0.1666,203.66,-0.284,0.587
146,BMA,Banco Macro S.A.,Argentina,Finance,Banks - Regional,USD,73.22,2026-09-23,4.68,58.9,제외,13.5,20,15,2,10,4.8,7,★★,EM macro (Argentina),,,2026-12-31,0.5126,0.0984,0.289,0.1802,3.5919,4.7881,8.2717,11.2716,,1.3029,0.3627,0.7715,,15.29,adjTTM,18.97,7.0,8.85,6.5,,0.4212,0.5752,,0.193,0.091,,0.193,,,,0.0617,,,-0.0,,0.3023,0.4521,0.1671,0.2516,5,3,0,4,0.0027,-0.2185,0.5864,-0.0975,0.3627,0.1975,89.35,0.2202,36.72,-0.4985,0.442
147,6762.T,TDK CORP,T,INTL,Electronic Components,JPY,2845.0,2026-09-18,34.14,58.8,제외,7,9,14,11.0,4,5.8,8,,,,,2027-03-31,0.1688,0.0748,0.1208,0.1198,103.09,123.69,136.7024,159.558,,0.326,0.1672,0.2441,,23.0,adjTTM,27.62,19.26,20.81,17.83,,0.0952,0.2248,,1.152,0.789,,1.152,10.3,0.1131,0.6303,0.0835,1.069,,0.0001,-0.75,0.0698,0.1277,0.0612,0.1042,5,6,0,17,-0.0551,-0.2722,0.3398,0.1622,0.1672,0.005,3196.79,0.1237,1603.22,-0.4365,0.283
148,JXN,Jackson Financial Inc.,United States,Finance,Insurance - Life,USD,130.79,2026-09-23,8.86,58.8,제외,4,16,13,2,10,4.8,9,,,,,2026-12-31,0.201,0.0819,0.1399,0.1101,22.67,25.22,26.8737,30.8113,,0.1854,0.1465,0.1658,,5.19,adjTTM,143.72,4.4,4.87,4.24,,0.0615,0.1815,,0.3,0.265,,0.3,,,,0.9282,99.746,0.0211,-0.0732,,0.1605,0.1953,0.0,0.1897,5,4,0,4,0.0133,0.1976,0.3208,-0.1966,0.1465,0.3431,142.72,0.0912,89.32,-0.317,0.288
149,403870.KQ,HPSP,KQ,INTL,Semiconductor Equipment & Materials,KRW,55500.0,2026-09-22,3.3,58.5,제외,20,14.5,13,12.0,0,5.8,7,,Commodity/Cyclical: Semiconductor Equipment & Materials,,,2026-12-31,0.4293,0.4781,0.4535,0.468,894.0,1049.0,1494.3827,2109.4824,,0.6716,0.4116,0.5361,,52.91,adjTTM,,28.57,37.14,26.31,,0.298,0.5027,,0.694,0.533,,0.694,46.98,0.8655,-0.1927,0.5666,1.076,-0.0013,-0.025,-2.33,0.0319,0.0182,0.1173,0.127,5,5,0,8,0.2355,0.0245,0.6021,0.2826,0.4116,-0.1826,69305.3,0.2487,27999.91,-0.4955,0.502
150,AGX,"Argan, Inc.",United States,Consumer Discretionary,Engineering & Construction,USD,375.97,2026-09-23,5.27,58.5,제외,12.5,6.5,10,15,0,5.5,9,,,,,2027-01-31,0.4689,0.2142,0.3355,0.2839,9.74,12.64,13.0556,16.23,17.3474,0.3404,0.2431,0.2909,0.2122,29.74,adjTTM,29.7,24.9,28.8,23.17,21.67,0.0318,0.2212,0.2714,1.024,0.856,1.174,1.631,22.65,,,0.4593,3.043,0.0075,0.0173,-4.63,0.0669,0.0669,-0.001,-0.001,4,2,1,5,-0.253,-0.491,0.412,0.2393,0.1527,-0.0866,422.03,0.1225,235.42,-0.3738,0.328
151,ANET,"Arista Networks, Inc.",United States,Telecommunications,Computer Hardware,USD,202.81,2026-09-23,255.79,58.5,제외,14.5,3.5,11,14.0,0,6.5,9,,,,,2026-12-31,0.4063,0.2816,0.3425,0.3077,2.98,3.46,4.1122,5.1874,5.8814,0.3799,0.2615,0.3194,0.2544,58.62,adjTTM,64.18,41.43,49.32,39.1,34.48,0.1586,0.333,0.4117,1.584,1.297,1.629,2.114,52.9,1.9195,,0.4891,1.275,0.0477,-0.0042,-2.32,-0.0002,0.1337,0.0054,0.1646,5,26,0,28,0.0741,0.2493,0.4063,0.4075,0.1959,-0.2116,235.84,0.1629,139.64,-0.3115,0.523
152,AMAT,"Applied Materials, Inc.",United States,Technology,Semiconductor Equipment & Materials,USD,473.39,2026-09-23,375.68,58.5,제외,20,12,12,12.8,0,6.5,8,,Commodity/Cyclical: Semiconductor Equipment & Materials,,,2026-10-31,0.2075,0.3468,0.2752,0.3345,9.42,10.91,12.7944,18.4548,23.6266,0.3582,0.4424,0.3997,0.3587,43.39,adjTTM,40.88,26.5,37.0,25.65,20.04,0.1473,0.4088,0.5382,0.599,0.663,0.739,0.738,36.74,0.3651,0.1805,0.1823,0.607,0.0227,-0.0312,-0.13,0.0002,0.0457,0.0062,0.1324,5,28,1,34,-0.0386,-0.1913,1.3693,0.2587,0.3589,-0.1587,611.78,0.2923,248.92,-0.4742,0.616
153,4062.T,IBIDEN CO LTD,T,INTL,Electronic Components,JPY,19555.0,2026-09-18,34.75,58.5,제외,14.0,7,15,5.5,4,5.0,8,,,,,2027-03-31,0.3198,0.2565,0.2878,0.2849,258.89,246.715,307.5417,458.8083,,0.1879,0.4919,0.3312,,79.26,adjTTM,90.91,51.4,63.58,42.62,,0.1978,0.4623,,1.045,1.552,,1.045,38.05,0.0967,0.1942,-0.002,-0.013,,-0.0052,-0.65,0.0733,0.2362,0.043,0.2091,5,9,0,18,0.0211,-0.2038,3.9375,0.4855,0.4919,0.0064,26376.96,0.3489,9047.75,-0.5373,0.649
154,STEP,StepStone Group Inc.,United States,Finance,Asset Management,USD,45.42,2026-09-23,5.86,58.3,제외,14.0,16.5,7,0,10,4.8,6,,,,,2027-03-31,0.1873,0.2045,0.1958,0.1963,2.16,2.24,2.4801,3.4059,,0.1482,0.3733,0.2557,,20.28,adjTTM,,15.52,18.32,13.34,,0.0968,0.3423,,0.416,0.607,,0.416,-5.76,-0.5804,,-0.2188,,0.8608,0.111,,0.0019,-0.0066,-0.0201,0.0276,3,6,1,8,-0.0853,0.0651,-0.3009,0.1012,0.3733,0.2721,57.62,0.2685,32.03,-0.2949,0.911
155,PLTR,Palantir Technologies Inc.,United States,Technology,Software - Infrastructure,USD,191.06,2026-09-23,459.12,58.0,제외,17,5,10.5,12.0,0,6.5,7,,,,,2026-12-31,0.8295,0.4972,0.655,0.5534,0.75,1.2,1.6116,2.3267,3.2039,1.1487,0.4437,0.7613,0.6226,159.21,adjTTM,163.29,89.58,118.55,82.12,59.63,0.2554,0.4842,0.6255,2.019,1.177,1.439,2.185,163.54,3.4695,2.4104,0.5455,1.113,0.1357,0.0482,-2.61,0.0055,0.0944,0.0054,0.1175,5,26,0,28,0.0592,0.6332,0.0441,0.7068,0.41,-0.2968,265.7,0.3907,101.36,-0.4695,0.832
156,095340.KQ,ISC,KQ,INTL,,KRW,212500.0,2026-09-22,3.29,58.0,제외,17,8.5,7.5,12.8,2,2.2,8,,,,,2026-12-31,0.4507,0.3308,0.3894,0.3552,2691.0,3689.0,4312.827,5816.0054,,0.6027,0.3485,0.4701,,57.6,adjTTM,,39.29,49.27,36.54,,0.1446,0.3657,,1.127,0.836,,1.127,,0.2471,2.3471,0.1763,0.632,,0.0005,-3.03,-0.0106,0.001,0.0188,0.0632,4,1,1,9,0.3489,0.0924,1.6377,0.389,0.3485,-0.0405,257541.82,0.212,136591.69,-0.3572,0.593
157,ROKU,"Roku, Inc.",United States,Telecommunications,Entertainment,USD,152.98,2026-09-23,22.72,58.0,제외,11,9.5,14,6.0,2,6.5,9,,,Y,,2026-12-31,0.1873,0.1215,0.1539,0.1372,0.6046,2.4606,2.99,3.923,5.5306,3.9454,0.312,1.5473,1.0914,62.17,adjTTM,64.82,41.68,51.16,39.0,27.66,0.1771,0.3728,0.5551,1.336,0.269,0.382,1.158,35.94,-0.0059,,0.1363,1.999,0.063,0.0434,-2.45,0.226,0.2657,0.0645,0.1099,5,3,0,9,-0.029,0.1323,0.5446,0.4097,0.36,-0.0496,212.37,0.3882,103.57,-0.323,1.202
158,131290.KQ,TSE,KQ,INTL,,KRW,289000.0,2026-09-22,2.34,58.0,제외,11,14,9,7.5,6,1.5,9,,,Y,,2026-12-31,1.2214,0.1947,0.6291,0.342,3526.0,,12458.333,15621.667,,2.5333,0.2539,1.1049,,28.8,estTTM,,19.58,23.2,18.5,,0.1945,0.3576,,0.771,0.177,,0.771,,0.1069,0.403,0.018,0.097,,0.0098,-0.26,0.0638,0.1542,0.0314,0.1342,5,0,0,3,0.1446,0.1932,4.8573,0.167,0.2539,0.087,334088.16,0.156,196208.13,-0.3211,0.486
159,NEM.DE,Nemetschek SE                 I,DE,INTL,Software - Application,EUR,62.45,2026-09-23,8.21,58.0,제외,13.0,11,3.5,13.0,6,1.5,10,,,,,2026-12-31,0.192,0.2115,0.2017,0.2068,1.88,2.13,2.2949,2.9103,,0.2207,0.2682,0.2442,,29.32,adjTTM,29.32,22.76,27.21,21.46,,0.0718,0.2681,,0.849,0.932,,0.849,20.62,0.2045,0.1686,0.3098,1.598,,-0.0003,0.36,0.0098,-0.0668,0.0094,-0.0096,2,0,2,8,-0.0524,0.1907,-0.4183,0.2118,0.2682,0.0563,72.72,0.1645,37.32,-0.4024,0.409
160,6723.T,RENESAS ELECTRONICS CORP,T,INTL,Semiconductors,JPY,3309.0,2026-09-18,38.23,58.0,제외,9,13,11.5,3.5,8,4.0,9,,,,,2026-12-31,0.2545,0.0817,0.1649,0.1212,182.2563,216.7235,242.583,280.947,,0.331,0.1581,0.2416,,15.27,adjTTM,17.76,12.23,13.64,11.78,,0.1066,0.2286,,0.773,0.506,,0.773,15.28,0.041,-0.1207,0.2415,,0.0281,-0.0034,2.16,0.0045,0.0525,0.0062,0.0637,4,5,1,9,-0.0461,-0.301,0.9053,0.0375,0.1581,0.1206,3634.29,0.0983,1800.6,-0.4558,0.216
161,CART,Maplebear Inc.,United States,Consumer Discretionary,Internet Retail,USD,43.4,2026-09-23,10.05,58.0,제외,9.5,16.0,3,9.5,8,3.0,9,,,,,2026-12-31,0.1374,0.1054,0.1213,0.1133,1.6,1.83,2.3113,2.9135,3.5259,0.4446,0.2606,0.3494,0.3013,23.71,adjTTM,23.71,15.78,18.78,14.89,12.31,0.2082,0.3719,0.481,0.606,0.452,0.524,0.671,15.46,0.2214,8.0706,0.2945,2.492,0.1004,-0.033,-0.92,-0.0068,-0.0486,-0.0113,-0.0209,2,11,12,29,-0.1304,-0.0599,0.021,0.1057,0.2351,0.1294,53.01,0.2217,23.95,-0.4481,0.495
162,6323.T,RORZE CORP,T,INTL,Semiconductor Equipment & Materials,JPY,3565.0,2026-09-18,3.91,57.8,제외,14.5,16.0,15,12.0,2,2.5,8,★★,Commodity/Cyclical: Semiconductor Equipment & Materials,,,2027-02-28,0.3151,0.1783,0.2448,0.2285,109.33,,199.9063,250.1905,,0.8285,0.2515,0.5127,,22.18,estTTM,32.57,15.61,17.83,14.25,,0.1961,0.3577,,0.62,0.304,,0.62,14.45,0.2332,,0.2075,1.403,,-0.0123,-1.61,0.0114,0.1827,0.1109,0.2944,5,3,0,6,-0.0843,-0.2671,0.8411,0.1027,0.2515,-0.0027,4183.22,0.1734,1864.26,-0.4771,0.364
163,CECO,CECO Environmental Corp.,United States,Industrials,Pollution & Treatment Controls,USD,74.48,2026-09-23,4.36,57.8,제외,12,15,14,1,6,5.8,4,,,Y,,2026-12-31,0.7367,0.357,0.5352,0.424,0.8906,1.3919,2.3444,3.1216,,1.6324,0.3315,0.8722,,53.51,adjTTM,,25.59,31.77,23.86,,0.4063,0.5541,,0.772,0.293,,0.772,56.37,0.067,0.0489,-0.0239,,0.0218,0.0061,9.94,0.2297,0.4072,0.1016,0.3886,5,2,1,7,0.0375,-0.2324,0.4541,0.2478,0.3315,0.0837,89.53,0.202,46.74,-0.3725,0.542
164,APPF,"AppFolio, Inc.",United States,Technology,Software - Application,USD,209.78,2026-09-23,7.43,57.7,제외,13.0,9,8,11.5,2,5.2,9,,,,,2026-12-31,0.1819,0.1745,0.1782,0.1762,5.29,6.02,6.8978,8.4312,,0.3039,0.2223,0.2625,,34.85,adjTTM,48.67,26.17,30.41,24.88,,0.1273,0.286,,1.177,0.997,,1.177,36.57,0.437,0.6676,0.2551,1.685,0.0717,-0.0124,-1.04,0.0002,0.0136,0.0012,0.0251,4,5,2,8,-0.063,0.4346,-0.25,0.2549,0.2223,-0.0325,238.55,0.1371,148.72,-0.2911,0.471
165,SN,"SharkNinja, Inc.",United States,Consumer Discretionary,"Furnishings, Fixtures & Appliances",USD,170.51,2026-09-23,24.13,57.5,제외,9,7,12,13.0,0,6.5,10,,,,,2026-12-31,0.1731,0.1294,0.151,0.1399,5.28,5.78,6.5927,7.6613,,0.2486,0.1621,0.2046,,29.5,adjTTM,34.8,23.13,25.86,22.26,,0.1233,0.2456,,1.427,1.131,,1.427,21.57,0.2699,0.7045,0.1139,1.132,0.0143,0.0071,0.12,0.0663,0.0738,0.0743,0.0929,5,13,0,13,-0.0579,0.2623,0.5529,0.2167,0.1621,-0.0546,187.68,0.1007,120.99,-0.2905,0.347
166,HWM,Howmet Aerospace Inc.,United States,Industrials,Aerospace & Defense,USD,228.99,2026-09-23,91.32,57.5,제외,11.5,5.0,11,13.5,0,6.5,10,,,,,2026-12-31,0.2246,0.1368,0.1799,0.1572,3.77,4.55,5.3346,6.4579,7.8293,0.415,0.2106,0.3088,0.2758,50.33,adjTTM,49.35,37.21,42.93,35.46,29.25,0.1471,0.2954,0.4188,1.767,1.205,1.349,1.76,33.63,0.2284,1.3183,0.1964,0.958,0.01,-0.0098,0.9,-0.0004,0.059,0.0079,0.0725,4,18,0,21,-0.1581,-0.1683,0.184,0.3703,0.2115,-0.1588,277.52,0.2119,156.7,-0.3157,0.671
167,PAY,"Paymentus Holdings, Inc.",United States,Consumer Discretionary,Software - Infrastructure,USD,30.16,2026-09-23,3.8,57.5,제외,10.5,6,10.5,12.0,2,6.5,10,,,,,2026-12-31,0.2119,0.1787,0.1952,0.1865,0.66,0.83,0.913,1.091,1.4746,0.3834,0.1949,0.2857,0.3073,36.33,adjTTM,45.69,28.92,33.03,27.64,20.45,0.0909,0.2392,0.4371,1.484,1.012,0.941,1.068,34.19,0.2219,,0.0892,1.431,0.0169,0.011,-2.21,-0.0143,0.1049,0.0187,0.072,5,6,0,7,-0.2457,0.4674,-0.068,0.2866,0.2708,-0.0157,39.64,0.3144,21.08,-0.3008,1.045
168,GLW,Corning Incorporated,United States,Industrials,Electronic Components,USD,155.08,2026-09-23,133.58,57.5,제외,14.0,6.5,10.5,11.0,0,5.5,10,,,,,2026-12-31,0.1736,0.1918,0.1827,0.1875,2.52,2.87,3.2777,4.3499,5.7321,0.3007,0.3271,0.3138,0.3151,54.03,adjTTM,71.47,38.21,47.31,35.65,27.05,0.1244,0.3402,0.4993,1.168,1.217,1.212,1.185,35.49,0.103,0.744,0.1412,1.261,0.0247,0.0023,1.87,0.0024,0.0303,0.0068,0.0389,4,8,3,16,0.0347,-0.2011,0.9272,0.3793,0.3224,-0.0569,204.68,0.3198,105.33,-0.3208,0.997
169,IOT,Samsara Inc.,United States,Technology,Software - Infrastructure,USD,38.83,2026-09-23,22.74,57.5,제외,13.0,8,11,6.0,6,6.5,7,,,,,2027-01-31,0.2637,0.2001,0.2315,0.2195,0.56,0.7,0.7709,0.9495,1.7991,0.3767,0.2316,0.3021,0.4755,55.47,adjTTM,258.87,43.83,50.37,40.9,21.58,0.092,0.2628,0.6109,1.892,1.451,0.922,0.877,689.05,-0.0566,0.6153,0.1383,2.821,0.179,0.0309,-15.46,0.0827,0.086,0.0551,0.0614,4,19,1,24,-0.025,0.2445,0.0138,0.4275,0.5276,0.0725,65.59,0.6892,24.9,-0.3589,1.921
170,CALX,"Calix, Inc",United States,Consumer Discretionary,Software - Infrastructure,USD,34.47,2026-09-23,2.17,57.5,제외,12.5,16.5,2,3.0,10,5.5,8,,,,,2026-12-31,0.1915,0.1563,0.1738,0.1647,1.35,1.7,1.7217,2.3023,,0.2753,0.3372,0.3059,,20.27,adjTTM,45.35,16.07,20.02,14.97,,0.0126,0.2616,,0.477,0.525,,0.477,25.69,0.0339,,0.0769,1.669,0.0719,0.052,-4.71,0.0,-0.031,0.0,-0.0803,2,2,4,7,-0.1401,-0.0512,-0.4478,0.1108,0.3372,0.2264,41.54,0.2053,22.05,-0.3603,0.57
171,TPC,Tutor Perini Corporation,United States,Consumer Discretionary,Engineering & Construction,USD,84.43,2026-09-23,4.44,57.3,제외,6,11.5,11,11.0,4,5.8,8,★★,,Y,,2026-12-31,0.151,0.1266,0.1388,0.1326,1.51,4.46,5.3759,6.0662,,2.5602,0.1284,1.0043,,18.93,adjTTM,36.39,14.36,15.71,13.92,,0.1704,0.2648,,1.118,0.143,,1.118,13.02,0.1494,,0.1044,5.015,0.0245,0.0209,-0.94,0.0604,0.0553,0.0072,0.0676,4,1,0,3,-0.0729,0.0456,0.276,0.08,0.1284,0.0484,91.2,0.0801,62.19,-0.2634,0.304
172,ONC,BeOne Medicines Ltd.,Cayman Islands,Health Care,Biotechnology,USD,362.95,2026-09-23,41.06,57.3,제외,12.5,9.5,9,11.5,2,5.8,7,,,Y,,2026-12-31,0.2633,0.1436,0.202,0.1709,2.53,5.68,7.6023,10.3176,13.5195,2.0048,0.3572,1.0194,0.7483,63.9,adjTTM,64.93,37.88,47.74,35.18,26.85,0.2529,0.4495,0.5799,1.061,0.372,0.506,1.136,36.21,0.2286,,0.2136,1.996,0.0857,0.0775,-2.94,0.0006,0.1535,0.0033,0.062,5,10,6,17,-0.0307,0.3146,0.1031,0.3764,0.3336,-0.0428,479.25,0.3204,182.55,-0.497,0.645
173,INTR,Inter & Co. Inc.,Brazil,Finance,Banks - Regional,USD,5.34,2026-09-23,2.36,57.2,제외,13.0,17,0,5,10,2.2,10,,,,,2026-12-31,0.2785,0.2026,0.24,0.2197,0.5692,0.6689,0.7545,0.9223,1.0452,0.3255,0.2223,0.2729,0.2245,7.99,adjTTM,8.1,6.1,7.08,5.8,5.11,0.1134,0.2747,0.36,0.274,0.223,0.271,0.344,,,,0.1509,0.953,,0.0117,,-0.0105,-0.0558,-0.061,-0.1157,1,0,4,8,-0.0111,0.0,-0.43,-0.1282,0.177,0.3052,6.17,0.1541,3.6,-0.3257,0.473
174,RMBS,"Rambus, Inc.",United States,Technology,Semiconductors,USD,102.32,2026-09-23,11.1,57.0,제외,13,7,10,13.0,0,4.0,10,,,,,2026-12-31,0.1686,0.1994,0.1839,0.192,2.456,2.6646,3.0357,3.7212,,0.236,0.2258,0.2309,,38.4,adjTTM,46.94,28.94,33.71,27.5,,0.1222,0.284,,1.282,1.253,,1.282,33.53,0.3279,,0.396,1.25,0.074,0.0018,-2.16,0.0011,0.031,0.0066,0.0195,4,4,1,8,0.1202,-0.2028,-0.004,0.2868,0.2258,-0.061,116.56,0.1392,68.28,-0.3326,0.418
175,TXN,Texas Instruments Incorporated,United States,Technology,Semiconductors,USD,271.08,2026-09-23,247.56,57.0,제외,12,8,12,10.0,0,5.0,10,,,,,2026-12-31,0.2393,0.1376,0.1873,0.1611,5.45,6.57,8.5058,10.1005,12.0653,0.5607,0.1875,0.3614,0.3033,41.26,adjTTM,41.26,28.04,31.87,26.84,22.47,0.2276,0.3495,0.4555,1.496,0.776,0.924,1.468,26.78,0.2224,-0.177,0.2753,0.889,0.0211,-0.0065,0.95,0.0007,0.1069,0.0066,0.1364,5,23,0,28,0.0236,-0.1064,0.5249,0.2766,0.191,-0.0856,323.36,0.1928,178.5,-0.3415,0.565
176,CPAY,"Corpay, Inc.",United States,Consumer Discretionary,Software - Infrastructure,USD,396.77,2026-09-23,26.05,57.0,제외,6,12.5,8,7.5,8,6.0,9,,,,,2026-12-31,0.174,0.0869,0.1296,0.1079,21.38,24.54,27.3929,31.448,37.222,0.2812,0.148,0.2128,0.203,16.17,adjTTM,24.15,13.07,14.48,12.62,10.66,0.1041,0.2197,0.3407,0.883,0.614,0.644,0.789,12.05,0.1267,0.0639,0.3263,1.436,0.0229,-0.011,2.98,0.0012,0.0231,0.0065,0.0275,4,13,2,16,-0.0495,0.1683,0.3305,0.0549,0.1657,0.1107,466.16,0.1749,283.01,-0.2867,0.61
177,6857.T,ADVANTEST CORP,T,INTL,Semiconductor Equipment & Materials,JPY,32050.0,2026-09-18,146.27,56.7,제외,14,11,14,14.2,0,6.5,7,,Commodity/Cyclical: Semiconductor Equipment & Materials,,,2027-03-31,0.7783,0.2579,0.4956,0.4538,515.15,633.26,929.4304,1179.0157,,0.8042,0.2685,0.5128,,50.61,adjTTM,62.11,30.53,34.48,27.18,,0.3187,0.4629,,1.137,0.595,,1.137,39.29,0.8909,5.3145,0.2651,0.797,0.0039,-0.0079,-0.59,0.0167,0.3065,0.0544,0.3608,5,16,0,20,-0.0936,0.0098,1.2132,0.3041,0.2685,-0.2041,38326.11,0.1958,15075.18,-0.5296,0.37
178,ATRO,Astronics Corporation,United States,Industrials,Aerospace & Defense,USD,68.89,2026-09-23,2.96,56.7,제외,10,10,15,8.2,0,6.5,7,,,,,2026-12-31,0.1978,0.1001,0.1479,0.1233,1.675,2.225,2.72,3.1475,,0.6239,0.1572,0.3708,,30.96,adjTTM,37.64,22.72,25.33,21.89,,0.182,0.2931,,1.446,0.613,,1.446,22.46,0.1493,1.3208,0.0644,0.767,0.0082,0.0344,2.41,0.1161,0.2044,0.194,0.2086,5,3,0,4,-0.1189,-0.169,1.0258,0.2113,0.1572,-0.0541,75.62,0.0977,46.43,-0.3261,0.3
179,012450.KS,HANWHA AEROSPACE,KS,INTL,Aerospace & Defense,KRW,1021000.0,2026-09-22,38.44,56.7,제외,11,13,9.5,4,6,3.2,10,,,,,2026-12-31,0.2138,0.0736,0.1416,0.1065,28530.0,39113.0,47865.61,59474.45,,0.6777,0.2425,0.4438,,26.1,adjTTM,,18.13,21.33,17.17,,0.1829,0.3424,,0.747,0.408,,0.747,14.57,0.1208,0.1345,0.0173,0.256,0.0028,-0.0125,1.02,0.0142,0.0601,0.0091,0.0582,4,6,2,21,-0.0434,-0.0149,0.0613,0.1447,0.2425,0.0978,1173349.26,0.1492,559454.32,-0.4521,0.33
180,NMRK,"Newmark Group, Inc.",United States,Finance,Real Estate Services,USD,13.26,2026-09-23,3.24,56.5,제외,4,16,10.5,5.5,10,6.5,4,,,,,2026-12-31,0.1662,0.0924,0.1287,0.1103,1.62,1.82,1.9524,2.2066,,0.2052,0.1302,0.1671,,7.28,adjTTM,16.57,6.2,6.79,6.01,,0.0678,0.1752,,0.476,0.371,,0.476,11.77,0.0518,0.187,0.2213,5.38,0.0788,0.4264,4.07,0.0093,0.0093,0.0211,0.0197,3,5,1,7,-0.1826,-0.1155,-0.3068,-0.1245,0.1302,0.2547,14.33,0.0812,9.65,-0.2717,0.299
181,SGI,Somnigroup International Inc.,United States,Consumer Discretionary,"Furnishings, Fixtures & Appliances",USD,63.55,2026-09-23,13.37,56.5,제외,14.5,13.5,8,4.5,8,5.0,3,,,,,2026-12-31,0.1831,0.3077,0.2439,0.2779,2.7,2.84,3.1139,3.9326,4.9872,0.1533,0.2629,0.2069,0.227,22.38,adjTTM,25.12,17.13,20.41,16.16,12.74,0.088,0.2778,0.4305,0.651,0.828,0.755,0.645,15.64,0.0823,0.0216,0.101,1.442,0.0059,0.174,5.35,0.032,-0.0128,0.095,0.0069,3,2,8,9,-0.0201,-0.1392,-0.2423,0.1286,0.2655,0.1369,80.52,0.267,46.23,-0.2725,0.98
182,KLAR,Klarna Group plc,,Finance,Credit Services,USD,13.03,2026-09-23,4.94,56.5,제외,12.5,16.5,0,2,10,5.5,10,,,Y,,2026-12-31,0.1771,0.1577,0.1673,0.1623,0.0134,-0.0564,0.06,0.5323,1.2166,3.4776,7.8708,5.3024,3.4945,275.02,estTTM,,32.23,217.08,24.47,10.71,0.2107,0.911,0.9611,0.041,0.061,0.092,0.645,-117.31,,,-0.6862,,0.0332,-0.0175,-4.5,-0.798,-0.76,-0.2909,-0.2645,1,1,14,17,-0.0925,-0.2673,-0.6979,0.3219,3.5029,0.1781,33.23,1.5509,5.9,-0.5471,2.835
183,ALAB,"Astera Labs, Inc.",United States,Technology,Semiconductors,USD,361.06,2026-09-23,62.64,56.3,제외,15,7,13,9.8,0,5.5,6,,,,,2026-12-31,1.2387,0.5576,0.8673,0.6547,1.84,2.48,4.0322,6.3935,6.6448,1.1914,0.5856,0.8641,0.5342,145.59,adjTTM,176.99,62.76,89.54,56.47,54.34,0.385,0.6121,0.6268,1.072,0.726,1.175,2.212,216.7,1.1188,0.3564,0.2302,0.749,0.1623,0.3679,-4.15,-0.0001,0.3451,-0.0,0.5198,5,20,0,23,0.2674,-0.0903,0.5696,0.5615,0.2837,-0.2778,412.75,0.1432,198.83,-0.4493,0.319
184,GRAB,Grab Holdings Limited,Singapore,Consumer Discretionary,Software - Application,USD,3.18,2026-09-23,13.01,56.3,제외,14.0,10,12,5.5,6,4.8,4,,,,,2026-12-31,0.2448,0.2367,0.2407,0.2385,0.0688,0.1482,0.1328,0.1365,0.231,0.9284,0.0282,0.4081,0.4971,21.46,adjTTM,28.91,23.47,23.95,23.3,13.77,-0.116,-0.0853,0.3587,8.309,0.575,0.472,0.735,25.85,0.1068,,-0.0498,-0.311,0.0643,0.0528,-5.69,-0.0075,0.5051,-0.018,-0.006,5,3,1,4,-0.0876,-0.0824,-0.4976,0.2211,0.3191,0.098,4.82,0.5158,1.97,-0.3793,1.36
185,PCOR,"Procore Technologies, Inc.",United States,Technology,Software - Application,USD,51.48,2026-09-23,7.82,56.3,제외,10.5,11,10,5.0,6,5.8,8,,,,,2026-12-31,0.145,0.133,0.139,0.136,1.36,1.6,1.7001,2.3742,2.9342,0.2501,0.3965,0.3213,0.2922,32.17,adjTTM,,23.49,30.28,21.68,17.54,0.0589,0.3261,0.4547,0.592,0.731,0.804,0.749,109.5,-0.1704,10.271,0.1967,,0.1746,0.019,-9.05,-0.0008,0.0133,0.0025,0.1198,5,14,2,19,-0.1896,0.3216,-0.3042,0.2214,0.3137,0.0923,65.36,0.2697,35.01,-0.3199,0.843
186,ASML,ASML Holding N.V. - New York Re,Netherlands,Technology,Semiconductor Equipment & Materials,USD,1735.26,2026-09-23,666.51,56.2,제외,15.5,12,11.5,15,0,5.2,8,,Commodity/Cyclical: Semiconductor Equipment & Materials,,,2026-12-31,0.3122,0.2734,0.2927,0.282,28.1531,31.4003,43.6653,58.9296,80.6002,0.551,0.3496,0.4468,0.4199,55.26,adjTTM,59.45,31.67,39.74,29.45,21.53,0.2809,0.4672,0.6104,0.906,0.709,0.754,0.883,2764.79,0.8814,,0.2518,0.836,0.0055,-0.0119,-0.68,0.0078,0.2121,0.0058,0.2439,5,3,0,33,-0.0172,-0.0241,0.8108,0.3161,0.3586,-0.2161,2366.57,0.3638,777.39,-0.552,0.659
187,ASML.AS,ASML HOLDING,AS,INTL,Semiconductor Equipment & Materials,EUR,1515.8,2026-09-23,663.35,56.2,제외,15.5,12,11.5,15,0,5.2,8,,Commodity/Cyclical: Semiconductor Equipment & Materials,,,2026-12-31,0.3122,0.2734,0.2927,0.282,24.71,27.56,38.325,51.7225,,0.551,0.3496,0.4468,,55.0,adjTTM,59.49,31.52,39.55,29.31,,0.2809,0.4672,,0.902,0.706,,0.902,42.51,0.8814,,0.2518,0.836,0.0055,-0.0119,-0.68,0.0078,0.2121,0.0058,0.2439,5,3,0,33,0.0099,-0.0384,0.8611,0.3146,0.3496,-0.2146,1838.01,0.2126,679.07,-0.552,0.385
188,ALGT,Allegiant Travel Company,United States,Consumer Discretionary,Airlines,USD,78.7,2026-09-23,2.15,56.1,제외,15,18,10,6.0,10,4.8,5.5,★★,Commodity/Cyclical: Airlines,,,2026-12-31,0.4189,0.1938,0.3015,0.2406,3.8,6.7235,6.2032,10.9982,13.1317,0.6324,0.773,0.7013,0.5119,11.71,adjTTM,67.84,8.12,12.69,7.16,5.99,-0.0839,0.3887,0.488,0.105,0.116,0.159,0.178,10.53,0.0624,,0.0403,4.594,0.0038,0.0111,3.58,-0.0747,0.6738,-0.0848,0.0294,5,5,3,14,-0.0408,-0.2417,0.2667,-0.0636,0.455,0.1636,101.87,0.2944,30.57,-0.6115,0.481
189,EXLS,"ExlService Holdings, Inc.",United States,Consumer Discretionary,Information Technology Services,USD,35.25,2026-09-23,5.34,56.0,제외,4,9.5,8,13.0,6,5.5,10,,,,,2026-12-31,0.1542,0.1168,0.1354,0.1259,1.95,2.15,2.2888,2.597,,0.1737,0.1347,0.154,,16.4,adjTTM,22.31,14.02,15.4,13.57,,0.0606,0.1721,,1.041,0.91,,1.041,14.55,0.2575,0.5048,0.1229,1.1,0.0405,-0.0112,0.17,0.0,0.0241,0.0,0.0349,4,9,0,9,-0.0597,0.349,-0.1823,0.0736,0.1347,0.061,38.21,0.084,25.79,-0.2684,0.313
190,BX,Blackstone Inc.,United States,Finance,Asset Management,USD,120.29,2026-09-23,143.78,56.0,제외,12.5,10,6,6,6,5.5,10,,,,,2026-12-31,0.1494,0.239,0.1933,0.2171,5.57,6.15,6.0165,7.4849,8.3231,0.0802,0.2441,0.1592,0.1433,19.56,adjTTM,26.97,16.97,19.99,16.07,14.45,-0.0222,0.1783,0.2611,0.695,1.066,1.185,0.963,,,,0.403,1.559,,0.0177,,-0.0011,0.0082,-0.0004,-0.0081,3,10,7,23,-0.1617,0.0112,-0.3236,0.1261,0.1762,0.0501,137.42,0.1424,83.08,-0.3093,0.46
191,ASM.AS,ASM International N.V.,AS,INTL,Semiconductor Equipment & Materials,EUR,851.4,2026-09-23,47.35,55.9,제외,17.0,12,12.5,11.5,0,6.5,8,,Commodity/Cyclical: Semiconductor Equipment & Materials,,,2026-12-31,0.3073,0.2911,0.2992,0.2947,15.0473,18.6184,23.364,30.6822,,0.5527,0.3132,0.428,,45.73,adjTTM,38.95,29.67,36.44,27.75,,0.2031,0.3932,,0.947,0.693,,0.947,35.55,0.2519,0.6021,0.1223,0.466,0.0136,-0.0033,-0.79,0.0061,0.0545,0.0199,0.1226,5,13,1,14,0.028,-0.1019,0.7098,0.2948,0.3132,-0.1948,1014.18,0.1912,416.86,-0.5104,0.375
192,FSLR,"First Solar, Inc.",United States,Technology,Solar,USD,199.75,2026-09-23,21.47,55.8,제외,13.5,17,6,11.5,8,4.0,8,,Commodity/Cyclical: Solar,,,2026-12-31,-0.0351,0.173,0.0638,0.1151,14.21,16.22,17.4896,23.1886,27.7588,0.2308,0.3258,0.2774,0.2501,12.32,adjTTM,12.32,9.23,11.42,8.61,7.2,0.0726,0.3005,0.4157,0.283,0.333,0.369,0.355,8.4,0.2169,0.323,0.2789,0.859,0.0044,0.0001,-0.9,0.0,0.0085,0.006,-0.0019,3,11,13,31,-0.0682,-0.1989,-0.0744,-0.033,0.2598,0.133,244.76,0.2253,95.21,-0.5234,0.431
193,BTG,B2Gold Corp,Canada,Basic Materials,Gold,USD,5.37,2026-09-23,7.09,55.8,제외,15.5,20,2,13.5,10,3.0,6,,Commodity/Cyclical: Gold,,,2026-12-31,0.2685,0.2186,0.2433,0.23,0.46,0.47,0.521,1.0733,1.4349,0.1326,1.06,0.5275,0.4611,11.41,adjTTM,9.58,5.81,10.3,5.0,3.74,0.0979,0.5621,0.6725,0.055,0.11,0.126,0.116,3.65,0.3421,10.4579,0.2438,1.143,0.006,0.1314,0.09,-0.0319,-0.2489,0.016,-0.0967,1,3,6,11,-0.0227,0.3453,0.1039,-0.1387,0.6596,0.2387,7.77,0.4476,1.82,-0.6602,0.678
194,DELL,Dell Technologies Inc.,United States,Technology,Computer Hardware,USD,550.0,2026-09-23,349.7,55.7,제외,9,7,14,11.2,0,6.5,8,,,Y,,2027-01-31,0.7044,0.1575,0.4046,0.2915,10.3,18.38,25.8976,24.6637,27.9897,1.5143,-0.0476,0.5474,0.3955,29.92,adjTTM,32.01,21.91,21.24,22.3,19.65,0.2903,0.2548,0.3433,,0.4,0.554,5.532,21.03,0.3726,2.0355,0.0566,0.752,0.0048,-0.05,1.08,0.3863,0.4095,0.2695,0.3439,5,4,0,8,0.2447,0.2884,3.1481,0.2003,0.0396,-0.1607,587.29,0.0678,251.55,-0.5426,0.125
195,LSTR,"Landstar System, Inc.",United States,Industrials,Integrated Freight & Logistics,USD,169.31,2026-09-23,5.75,55.7,제외,11,11,11,7.5,2,3.2,10,,,,,2026-12-31,0.1659,0.1149,0.1401,0.1273,4.0204,4.5692,5.9192,7.6427,8.4781,0.4723,0.2912,0.3788,0.2824,37.05,adjTTM,44.2,23.6,28.6,22.15,19.97,0.2281,0.4021,0.4611,0.81,0.623,0.836,1.199,22.52,0.2484,,0.0352,1.334,0.0016,-0.0231,-1.34,0.0014,0.0489,0.0039,0.0847,4,14,2,18,-0.0925,-0.1821,0.437,0.2227,0.1968,-0.026,194.7,0.15,109.41,-0.3538,0.424
196,DASH,"DoorDash, Inc.",United States,Consumer Discretionary,Internet Retail,USD,186.34,2026-09-23,80.74,55.7,제외,15.5,11,7,9.0,4,3.2,6,,,,,2026-12-31,0.3003,0.2067,0.2526,0.2275,2.13,1.91,2.5857,4.4843,6.4728,0.2139,0.7343,0.451,0.4485,97.56,adjTTM,98.07,46.95,72.07,41.55,28.79,0.2613,0.5741,0.7049,0.639,1.041,1.047,0.939,56.58,0.1057,0.2249,0.1346,2.543,0.0701,0.0684,-1.26,0.0009,0.0179,0.0045,0.015,3,20,10,36,-0.165,0.088,-0.2978,0.4522,0.5822,0.0478,278.55,0.4948,112.7,-0.3952,1.252
197,079550.KS,LIG Defense&Aerospace,KS,INTL,Aerospace & Defense,KRW,692000.0,2026-09-22,11.06,55.7,제외,15.5,13.5,4,5.5,8,2.2,7,,,,,2026-12-31,0.1953,0.1969,0.1961,0.1965,11604.0,13112.0,16689.244,24164.562,,0.4382,0.4479,0.4431,,52.78,adjTTM,,31.26,41.46,28.64,,0.2143,0.4574,,0.698,0.706,,0.698,30.34,0.1604,0.0794,-0.2896,-4.784,0.0051,0.0018,1.43,-0.0513,-0.053,-0.0049,-0.0011,3,5,4,18,-0.0181,-0.1298,0.4323,0.3118,0.4479,0.1361,878668.17,0.2698,430518.28,-0.3779,0.714
198,WRBY,Warby Parker Inc.,United States,Health Care,Medical Instruments & Supplies,USD,22.78,2026-09-23,2.82,55.7,제외,17,10.5,3,6.0,6,4.2,9,,,,,2026-12-31,0.1138,0.1705,0.1418,0.1563,0.2127,0.4075,0.4195,0.6148,,0.9723,0.4655,0.7001,,55.9,adjTTM,379.67,40.55,54.3,37.05,,0.0286,0.3372,,0.871,0.579,,0.871,67.37,-0.0135,0.9545,0.0239,2.809,0.038,0.019,-0.97,0.0,-0.1195,0.0073,-0.0742,1,0,4,9,-0.1673,-0.1088,-0.1923,0.4,0.4655,0.0655,29.16,0.2799,14.36,-0.3696,0.757
199,POWL,"Powell Industries, Inc.",United States,Energy,Electrical Equipment & Parts,USD,193.97,2026-09-23,7.07,55.5,제외,12.5,5,10,14.5,0,3.5,10,,,,,2026-09-30,0.0784,0.2455,0.159,0.2426,4.9533,5.21,5.3675,6.8179,8.1477,0.0836,0.2702,0.1732,0.1804,37.23,adjTTM,37.16,28.57,36.14,28.45,23.81,0.0294,0.2358,0.3606,1.057,1.649,1.583,1.231,26.93,1.1458,1.2027,0.2108,1.278,0.0045,-0.0017,-2.01,0.0,-0.0152,0.0,0.0243,3,3,1,5,-0.0216,-0.3362,0.9898,0.2826,0.2321,-0.0506,232.03,0.1962,130.98,-0.3247,0.604
200,CVNA,Carvana Co.,United States,Consumer Discretionary,Auto & Truck Dealerships,USD,64.44,2026-09-23,71.43,55.5,제외,12,7,9.5,9.2,8,5.8,4,,,,,2026-12-31,0.4241,0.2551,0.3369,0.2901,1.69,1.808,1.5673,2.2819,3.2181,-0.0726,0.4559,0.162,0.2395,35.64,adjTTM,35.02,30.86,41.12,28.24,20.02,-0.1536,0.2077,0.4382,0.677,1.905,1.289,0.713,20.22,0.2446,1.0432,0.0371,0.592,0.0039,0.6964,19.07,0.0156,0.0151,0.0189,0.1246,5,6,5,13,-0.0788,-0.0066,-0.1484,0.3076,0.4329,0.1253,91.48,0.4196,38.11,-0.4087,1.027
201,PLMR,"Palomar Holdings, Inc.",United States,Finance,Insurance - Property & Casualty,USD,129.68,2026-09-23,3.44,55.5,제외,11,9.5,8.5,5,6,6.5,9,,,,,2026-12-31,0.4691,0.2401,0.3498,0.2864,7.86,8.92,10.1019,11.3657,11.7446,0.2852,0.1251,0.2025,0.1432,14.54,adjTTM,17.41,11.76,12.84,11.41,11.04,0.117,0.2152,0.2405,0.94,0.581,0.821,1.504,12.76,,0.2927,0.372,2.002,0.0192,0.0481,,0.0038,0.0216,0.0068,0.0165,3,4,1,6,-0.0069,0.1168,0.1161,0.0275,0.0782,0.0508,136.96,0.0561,91.63,-0.2934,0.191
202,DAN,Dana Incorporated,United States,Consumer Discretionary,Auto Parts,USD,30.03,2026-09-23,3.23,55.4,제외,17,20,10.5,5.5,10,3.2,4,★★,Commodity/Cyclical: Auto Parts,Y,,2026-12-31,0.0358,0.4695,0.2338,0.3549,0.4263,1.098,1.8997,4.1862,4.8809,3.4563,1.2036,2.1337,1.2539,27.35,adjTTM,,8.42,15.81,7.17,6.15,0.422,0.7377,0.775,0.07,0.039,0.067,0.168,6.69,0.0425,,0.0153,0.105,0.0047,-0.0792,5.36,-0.0112,-0.2008,0.0281,0.2373,5,2,1,5,-0.0545,0.0492,0.5229,-0.0549,0.6029,0.1549,39.52,0.3159,13.7,-0.5439,0.581
203,ZG,"Zillow Group, Inc.",United States,Consumer Discretionary,Internet Content & Information,USD,29.64,2026-09-23,6.67,55.3,제외,9.5,18,3,4.0,10,4.8,6,,,,,2026-12-31,0.1414,0.1181,0.1297,0.1238,1.64,1.88,2.2668,2.9226,,0.3822,0.2893,0.3349,,15.77,adjTTM,128.87,10.8,13.08,10.14,,0.1706,0.3567,,0.373,0.322,,0.373,39.79,-0.0075,0.389,0.0783,4.0,0.1292,0.0856,-2.41,0.0009,-0.0209,-0.0007,-0.0404,2,3,10,15,-0.1941,-0.0301,-0.6124,0.0057,0.2893,0.2836,34.89,0.1771,18.68,-0.3697,0.479
204,P,"Everpure, Inc.",United States,Technology,Computer Hardware,USD,108.64,2026-09-23,36.2,55.1,제외,13.0,7.5,13,8.8,0,5.8,7,,,,,2027-01-31,0.3795,0.2152,0.2948,0.2623,1.9858,2.44,2.7803,3.5499,,0.4001,0.2768,0.337,,44.52,adjTTM,148.82,33.16,39.07,30.6,,0.1224,0.3127,,1.198,0.984,,1.198,94.16,1.0652,0.2231,0.0301,0.506,0.129,0.0008,-3.02,0.1358,0.1417,0.1475,0.18,5,17,1,19,0.0014,0.5023,0.2312,0.3314,0.2768,-0.0546,128.22,0.1802,67.98,-0.3742,0.482
205,EME,"EMCOR Group, Inc.",United States,Industrials,Engineering & Construction,USD,757.35,2026-09-23,33.41,55.0,제외,6,5.5,14,13.0,0,6.5,10,,,,,2026-12-31,0.1962,0.0987,0.1464,0.1219,25.87,29.66,32.8506,36.749,,0.2698,0.1187,0.1919,,25.53,adjTTM,23.56,21.22,23.05,20.61,,0.0971,0.1929,,1.788,1.106,,1.788,16.57,0.4664,0.5053,0.063,0.814,0.0012,-0.0355,-0.3,0.1178,0.1202,0.1161,0.1249,5,9,0,10,-0.0242,-0.0959,0.1778,0.1907,0.1187,-0.0721,813.5,0.0741,526.4,-0.3049,0.243
206,MSFT,Microsoft Corporation,United States,Technology,Software - Infrastructure,USD,499.66,2026-09-23,3710.25,54.8,제외,8.5,8,8,12.8,2,6.5,9,,,,,2027-06-30,0.1784,0.195,0.1866,0.1828,17.28,17.28,19.7597,23.6759,28.8365,0.1435,0.1982,0.1705,0.1861,28.92,adjTTM,28.02,24.17,25.29,21.1,17.33,0.1255,0.2701,0.4008,1.22,1.417,1.299,1.162,19.31,0.3418,0.2272,0.2019,0.501,0.0374,-0.0016,-0.09,0.0016,0.02,0.0044,0.0463,4,19,3,32,0.0334,0.338,-0.0113,0.2301,0.208,-0.0221,601.32,0.2035,360.36,-0.2788,0.73
207,BTSG,"BrightSpring Health Services, I",United States,Health Care,Health Information Services,USD,56.28,2026-09-23,11.14,54.8,제외,13,13,11,5.0,4,4.8,4,,,,,2026-12-31,0.19,0.1341,0.1617,0.1474,1.0,1.47,1.8194,2.2782,2.9133,0.8194,0.2522,0.5094,0.4282,38.29,adjTTM,49.37,26.13,30.93,24.7,19.32,0.192,0.3548,0.4954,1.036,0.513,0.61,0.985,21.54,0.0505,0.7663,0.028,1.099,0.0038,0.1387,4.3,0.0,0.077,0.0,0.0768,4,14,0,17,-0.0457,-0.1595,1.0079,0.2543,0.2654,0.0111,71.63,0.2727,32.41,-0.4242,0.643
208,AGM,Federal Agricultural Mortgage C,United States,Finance,Credit Services,USD,216.78,2026-09-23,2.35,54.8,제외,4,13,12,4,8,4.8,9,,,,,2026-12-31,0.1708,0.1289,0.1497,0.139,16.66,18.32,20.88,23.14,,0.2533,0.1082,0.1785,,11.83,adjTTM,11.87,9.62,10.38,9.37,,0.1226,0.2083,,0.889,0.539,,0.889,,,,0.6959,1.55,0.0188,0.0007,,0.0697,0.1059,0.0838,0.1082,5,3,0,3,-0.0114,0.1528,0.2451,-0.0229,0.1082,0.1311,231.46,0.0677,159.07,-0.2662,0.254
209,KKR,KKR & Co. Inc.,United States,Finance,Asset Management,USD,97.22,2026-09-23,89.79,54.8,제외,8.5,13.5,7,2,8,5.8,10,,,,,2026-12-31,0.3757,0.1756,0.2717,0.2182,4.87,5.55,6.3213,7.4092,,0.298,0.1721,0.2334,,17.52,adjTTM,31.06,13.67,15.38,13.12,,0.122,0.2509,,0.794,0.585,,0.794,,0.2295,-0.3351,0.1111,0.783,0.0366,0.0179,-8.03,0.0012,0.0471,0.0027,0.0019,3,4,2,17,-0.1039,0.0417,-0.335,0.0667,0.1721,0.1054,107.6,0.1068,69.01,-0.2902,0.368
210,TEL,TE Connectivity plc,Ireland,Technology,Electronic Components,USD,215.25,2026-09-23,62.32,54.5,제외,6,9,8,11.5,4,6.0,10,,,,,2026-09-30,0.15,0.0919,0.1206,0.0929,8.76,10.83,11.4549,12.9168,14.8652,0.3076,0.1276,0.2143,0.1928,19.88,adjTTM,21.1,16.7,18.79,16.66,14.48,0.0546,0.1616,0.2715,1.309,0.779,0.866,1.2,13.44,0.1548,0.1784,0.1716,1.099,0.009,-0.0324,0.93,0.0001,0.019,0.0008,0.0237,4,15,0,16,0.0564,0.063,-0.0106,0.1215,0.1392,0.0176,247.64,0.1504,157.3,-0.2693,0.559
211,PRY.MI,PRYSMIAN,MI,INTL,Electrical Equipment & Parts,EUR,127.25,2026-09-23,43.39,54.5,제외,11,12,7,7.0,6,1.5,10,,,,,2026-12-31,0.1457,0.1111,0.1283,0.1196,2.9669,4.1287,4.769,6.0909,,0.6074,0.2772,0.4328,,30.82,adjTTM,26.4,22.2,26.68,20.89,,0.1343,0.3222,,0.801,0.513,,0.801,16.18,0.1183,0.0783,0.065,1.289,0.0043,0.0162,1.29,-0.0112,0.0046,-0.0044,0.039,4,2,1,14,0.0517,-0.1092,0.5327,0.2042,0.2772,0.073,148.87,0.1699,80.79,-0.3651,0.465
212,NXST,"Nexstar Media Group, Inc.",United States,Industrials,Broadcasting,USD,166.08,2026-09-23,5.12,54.5,제외,7.5,16,3,7.5,10,4.0,6.5,,,Y,,2026-12-31,0.5761,-0.0268,0.2384,0.0883,12.2532,18.1095,33.5009,23.3038,46.0938,1.734,-0.3044,0.3791,0.5552,9.17,adjTTM,31.45,6.37,4.96,7.13,3.6,0.4594,0.2229,0.6071,,0.168,0.115,0.368,10.02,0.081,,0.1264,4.32,0.0168,-0.0637,3.99,0.0,-0.0202,0.0,-0.0372,2,0,3,3,-0.1091,0.0029,-0.1484,-0.1186,0.173,0.2916,254.26,0.531,104.3,-0.372,1.428
213,138040.KS,Meritz Financial,KS,INTL,Capital Markets,KRW,125600.0,2026-09-22,14.79,54.3,제외,6,14.5,5,6,10,3.8,9,,,,,2026-12-31,0.165,0.1014,0.1327,0.1168,12903.0,14109.0,16100.71,18084.713,,0.2478,0.1232,0.1839,,8.9,adjTTM,,7.16,7.8,6.95,,0.1237,0.2198,,0.581,0.389,,0.581,,,,-0.7514,-1.396,,-0.0539,,0.0287,0.0292,-0.0096,-0.0079,3,1,1,5,0.117,0.2323,0.1008,-0.0925,0.1232,0.2158,135264.48,0.0769,80315.38,-0.3605,0.213
214,8035.T,TOKYO ELECTRON,T,INTL,Semiconductor Equipment & Materials,JPY,53110.0,2026-09-18,152.52,54.0,제외,15,14.5,13,10.8,0,4.5,8,,Commodity/Cyclical: Semiconductor Equipment & Materials,,,2027-03-31,0.5422,0.2398,0.3828,0.364,1254.57,1358.8,1709.8123,2397.0398,,0.3629,0.4019,0.3823,,39.09,adjTTM,42.37,26.02,31.06,22.16,,0.2053,0.4331,,0.647,0.681,,0.647,30.5,0.3283,0.469,0.1311,0.558,,,-0.72,0.0148,0.0917,0.062,0.2017,5,7,1,20,-0.0168,-0.2952,1.1271,0.253,0.4019,-0.153,68412.78,0.2881,26387.72,-0.5031,0.573
215,KLIC,"Kulicke and Soffa Industries, I",Singapore,Technology,Semiconductor Equipment & Materials,USD,90.5,2026-09-23,4.74,54.0,제외,12,18,15,3.5,4,6.5,7,,Commodity/Cyclical: Semiconductor Equipment & Materials,Y,,2026-09-30,0.7576,0.3196,0.5229,0.3244,0.21,2.71,3.8633,5.9033,,17.3968,0.528,4.302,,33.39,adjTTM,41.51,15.43,23.42,15.33,,0.2985,0.5409,,0.292,0.036,,0.309,21.92,-0.0775,,0.0421,0.345,0.0286,-0.0435,-2.94,0.1413,0.1413,0.3934,0.3934,5,1,0,3,0.0568,-0.287,1.1499,0.0996,0.528,0.0004,113.44,0.2535,44.27,-0.5107,0.496
216,ERO,Ero Copper Corp.,Canada,Basic Materials,Copper,USD,36.43,2026-09-23,3.8,54.0,제외,13,16.5,4.5,11.8,10,4.0,6,★★,Commodity/Cyclical: Copper,,,2026-12-31,0.6562,0.0944,0.3463,0.1975,2.12,2.83,4.1445,4.7877,,0.955,0.1552,0.5028,,12.87,adjTTM,12.35,7.9,8.79,7.61,,0.3172,0.4089,,0.509,0.157,,0.509,8.44,0.1641,0.4382,0.1642,0.551,0.0185,0.01,0.94,0.0321,0.044,0.0007,-0.0102,3,4,5,13,-0.0757,0.313,1.1,-0.07,0.1552,0.17,39.95,0.0965,16.92,-0.5356,0.18
217,AVT,"Avnet, Inc.",United States,Technology,Electronics & Computer Distribution,USD,101.83,2026-09-23,8.36,54.0,제외,12.5,11,13,2.5,6,5.5,3.5,★★,,,,2027-06-30,0.2944,0.0523,0.1671,0.2261,5.67,5.65,10.5725,11.0467,,0.8646,0.0448,0.3958,,18.02,adjTTM,24.66,9.53,9.63,9.22,,0.4656,0.4885,,2.125,0.241,,2.125,12.06,0.0766,-0.0445,-0.0128,-1.06,0.0018,,3.89,0.3396,0.3524,0.244,0.244,5,0,0,3,0.1535,0.1412,0.9611,-0.0252,0.0448,0.07,105.85,0.0394,60.42,-0.4067,0.097
218,APPN,Appian Corporation,United States,Technology,Software - Infrastructure,USD,37.65,2026-09-23,2.7,54.0,제외,12,12,10,5.5,4,5.5,5,,,,,2026-12-31,0.1688,0.1078,0.1379,0.1225,0.61,0.87,1.0814,1.4178,,0.7729,0.311,0.5246,,43.28,adjTTM,,28.38,34.81,26.56,,0.1955,0.3864,,0.912,0.541,,0.912,69.45,0.0051,,0.0965,,0.0544,0.0228,5.04,0.0,0.1019,0.0,0.1289,5,7,0,7,-0.0141,0.8411,0.1322,0.2805,0.311,0.0305,44.8,0.1899,24.58,-0.3471,0.547
219,KRMN,Karman Holdings Inc.,United States,Industrials,Aerospace & Defense,USD,33.14,2026-09-23,4.39,54.0,제외,15,11.5,10.5,2,8,2.5,4.5,,,,,2026-12-31,0.5694,0.2764,0.4153,0.3326,0.37,,0.5888,0.9575,,0.5914,0.6262,0.6087,,62.59,estTTM,122.74,38.65,56.28,34.61,,0.1008,0.447,,0.617,0.635,,0.773,34.2,0.0692,0.052,-0.0469,-0.744,0.0024,0.0011,3.5,0.0017,0.0298,0.0213,0.0449,4,6,2,10,-0.3822,-0.2887,-0.5199,0.3833,0.6262,0.1167,43.75,0.3201,21.07,-0.3644,0.878
220,BRZE,"Braze, Inc.",United States,Technology,Software - Application,USD,25.7,2026-09-23,2.92,54.0,제외,15.5,13.5,5.5,0.5,10,4.0,5,,,,,2027-01-31,0.236,0.1682,0.2016,0.1891,0.38,0.11,0.6425,0.9819,,0.6908,0.5283,0.6075,,46.82,estTTM,,29.85,40.01,26.18,,0.1455,0.4409,,0.565,0.491,,0.597,-30.02,-0.5056,-0.0002,0.0961,,0.1763,0.0559,,0.0152,0.0152,0.0134,0.0058,3,1,1,20,-0.17,0.3385,-0.1979,0.2968,0.5283,0.2032,34.03,0.324,16.67,-0.3514,0.922
221,LDO.MI,LEONARDO,MI,INTL,Aerospace & Defense,EUR,50.45,2026-09-23,33.16,53.8,제외,7,11,6,10.0,4,5.8,10,,,,,2026-12-31,0.1448,0.1078,0.1261,0.1169,1.8959,2.1523,2.3852,2.861,,0.2581,0.1994,0.2284,,23.44,adjTTM,25.87,18.47,21.15,17.63,,0.0977,0.2477,,0.926,0.808,,0.926,14.38,0.1137,0.6299,0.0567,0.904,,0.0017,0.52,-0.0319,0.0051,0.005,0.0123,3,8,2,13,-0.0728,0.0907,0.0091,0.1501,0.1994,0.0494,56.67,0.1233,34.61,-0.3139,0.393
222,4151.T,KYOWA KIRIN CO LTD,T,INTL,Drug Manufacturers - Specialty & Generic,JPY,2256.0,2026-09-18,7.47,53.8,제외,5,11.5,10,4.5,8,4.8,10,,,,,2026-12-31,0.0678,0.0185,0.0429,0.0312,128.07,155.37,156.6847,181.8912,,0.2234,0.1609,0.1917,,14.52,adjTTM,14.51,12.89,14.4,12.4,,0.0084,0.1458,,0.801,0.672,,0.801,6.63,0.1231,0.0204,0.0109,0.081,,-0.0115,,0.0121,0.0182,-0.0008,0.0172,3,5,1,11,-0.1406,-0.0986,-0.0349,0.0512,0.1609,0.1097,2481.52,0.1,1458.36,-0.3536,0.283
223,UCTT,"Ultra Clean Holdings, Inc.",United States,Technology,Semiconductor Equipment & Materials,USD,77.58,2026-09-23,3.51,53.7,제외,17,19.5,15,3,4,5.8,4,★★,Commodity/Cyclical: Semiconductor Equipment & Materials,Y,,2026-12-31,0.3258,0.4202,0.3722,0.3995,1.05,1.51,3.1646,5.87,,2.0139,0.8549,1.3644,,51.38,adjTTM,,15.1,24.52,13.22,,0.5228,0.7428,,0.177,0.111,,0.302,29.21,0.0287,,-0.0515,,0.0086,0.0,2.44,0.3563,0.3779,0.4908,0.556,5,4,0,4,0.015,-0.305,1.7126,0.0937,0.8549,0.0063,104.82,0.3511,41.0,-0.4715,0.745
224,PODD,Insulet Corporation,United States,Health Care,Medical Devices,USD,135.97,2026-09-23,9.43,53.7,제외,9,9,4,12.2,4,5.5,10,,,,,2026-12-31,0.214,0.1388,0.1758,0.1565,4.97,5.87,6.5029,7.7109,9.0928,0.3084,0.1858,0.2456,0.2231,23.16,adjTTM,25.51,18.42,20.91,17.63,14.95,0.0973,0.2387,0.3544,0.991,0.75,0.826,1.009,16.39,0.2037,0.6072,0.087,0.708,0.0255,-0.0271,0.36,0.0,0.0033,0.0,-0.0458,2,1,21,23,-0.0823,-0.0551,-0.5852,0.1493,0.1825,0.0332,160.56,0.1808,97.05,-0.2862,0.632
225,RELY,"Remitly Global, Inc.",United States,Consumer Discretionary,Software - Infrastructure,USD,20.21,2026-09-23,4.28,53.5,제외,11.0,6.5,13,10.5,0,5.5,7,,,,,2026-12-31,0.215,0.1942,0.2045,0.1991,1.0519,2.0984,1.8494,1.6151,,0.7581,-0.1267,0.2391,,9.63,adjTTM,14.54,12.04,10.93,12.52,,-0.1347,-0.2992,,,0.504,,,19.41,0.1766,1.0701,0.2073,1.23,0.0792,0.1178,-1.53,0.3391,0.3521,-0.0227,-0.0207,5,2,1,4,-0.2424,-0.0096,0.2157,0.0335,-0.1267,-0.1602,19.45,-0.0378,12.49,-0.3824,-0.099
226,CGNX,Cognex Corporation,United States,Industrials,Scientific & Technical Instruments,USD,59.23,2026-09-23,9.96,53.5,제외,10,6.5,12,9.5,0,5.5,10,,,,,2026-12-31,0.1525,0.0968,0.1243,0.1104,1.02,1.39,1.6919,2.0189,2.3674,0.6587,0.1933,0.4069,0.324,42.61,adjTTM,56.95,30.69,35.01,29.34,25.02,0.1784,0.3115,0.4129,1.587,0.754,0.947,1.678,35.86,0.0791,,0.2464,1.535,0.0454,-0.0188,-0.97,0.0001,0.1485,-0.0026,0.1455,5,18,0,18,-0.0208,-0.0719,0.285,0.3058,0.1829,-0.1228,69.74,0.1775,41.37,-0.3015,0.589
227,LRCX,Lam Research Corporation,United States,Technology,Semiconductor Equipment & Materials,USD,306.83,2026-09-23,383.95,53.2,제외,14,10,11.5,13.8,0,6.5,7,,Commodity/Cyclical: Semiconductor Equipment & Materials,,,2027-06-30,0.5031,0.1806,0.3321,0.4021,5.82,5.82,9.5055,11.7395,14.0087,0.6332,0.235,0.4202,0.3402,52.72,adjTTM,51.66,30.6,32.28,26.14,21.9,0.3877,0.5042,0.5845,1.302,0.728,0.9,1.43,44.86,0.7758,1.1668,0.2105,0.673,0.0166,-0.0225,-0.21,0.0048,0.1799,0.0158,0.1921,5,2,0,26,-0.024,-0.1747,1.3358,0.3049,0.214,-0.2049,375.46,0.2236,157.21,-0.4877,0.459
228,NESR,National Energy Services Reunit,United States,Energy,Oil & Gas Equipment & Services,USD,32.69,2026-09-23,3.3,53.0,제외,15,20,10,6.5,4,5.5,6,★★,Commodity/Cyclical: Oil & Gas Equipment & Services,,,2026-12-31,0.5449,0.2295,0.3782,0.2907,0.83,1.18,1.88,2.7639,,1.265,0.4702,0.8248,,27.7,adjTTM,35.53,12.95,17.39,11.83,,0.3723,0.5731,,0.275,0.157,,0.275,11.98,0.0699,,0.0966,1.674,0.0061,0.0352,0.72,0.0,0.1398,0.0,0.1485,5,5,0,6,-0.013,0.3004,2.1407,0.0525,0.4702,0.0475,41.93,0.2826,17.88,-0.453,0.624
229,SVM,Silvercorp Metals Inc.,Canada,Basic Materials,Silver,USD,11.52,2026-09-23,2.55,52.9,제외,20,19,2,11.5,8,4.0,4,,Commodity/Cyclical: Silver,,,2027-03-31,0.0902,0.731,0.3737,0.413,0.69,0.8,0.85,1.5525,,0.2319,0.8265,0.5,,14.39,adjTTM,104.68,9.69,13.55,7.42,,0.0588,0.4847,,0.117,0.194,,0.194,8.6,0.1981,0.2544,0.1597,2.527,0.0095,0.0636,-1.63,0.0,-0.2522,0.0,-0.085,1,1,2,4,-0.081,0.0884,0.8897,-0.0212,0.8265,0.1212,16.85,0.4634,5.78,-0.4977,0.931
230,EVR,Evercore Inc.,United States,Finance,Capital Markets,USD,261.8,2026-09-23,10.07,52.8,제외,9,13,6,4,8,4.8,8,,,,,2026-12-31,0.2497,0.1265,0.1865,0.1548,14.56,19.05,19.5398,22.5833,,0.342,0.1558,0.2454,,13.74,adjTTM,14.73,12.03,13.4,11.59,,0.0251,0.1565,,0.772,0.49,,0.772,,,,0.3453,2.182,0.1616,0.0116,,0.0,0.0168,0.0,-0.0185,3,4,5,10,-0.1011,-0.2843,-0.2544,0.0333,0.1558,0.1225,287.16,0.0969,175.53,-0.3295,0.294
231,SHOP,Shopify Inc.,Canada,Technology,Software - Application,USD,142.44,2026-09-23,184.84,52.7,제외,13.0,3.5,9.5,12.5,0,5.2,9,,,,,2026-12-31,0.3192,0.258,0.2883,0.2715,1.43,1.6,1.9107,2.4504,3.7155,0.3361,0.2825,0.309,0.3748,89.03,adjTTM,90.16,61.83,74.55,58.13,38.34,0.1626,0.347,0.5694,2.189,2.001,1.65,1.567,77.38,0.2036,0.5518,0.1773,1.22,0.0363,0.0072,-2.33,0.0068,0.0398,0.0055,0.0505,4,28,6,39,-0.0457,0.3227,-0.0501,0.5557,0.3945,-0.1612,208.5,0.4637,88.08,-0.3817,1.215
232,FIVE,"Five Below, Inc.",United States,Consumer Discretionary,Specialty Retail,USD,226.0,2026-09-23,12.44,52.5,제외,7.5,6.5,12,10.0,0,6.5,10,,,,,2027-01-31,0.1986,0.0926,0.1444,0.1261,6.67,8.89,10.2462,11.063,12.7734,0.5362,0.0797,0.2879,0.2418,25.42,adjTTM,20.27,20.98,22.06,20.43,17.69,0.1324,0.1964,0.304,2.632,0.729,0.868,1.8,16.62,0.1042,0.1248,0.1128,0.968,0.0059,0.0051,1.12,0.1165,0.1441,0.1139,0.138,5,23,0,24,-0.0968,0.2155,0.4597,0.1874,0.1165,-0.0708,255.21,0.1292,159.42,-0.2946,0.439
233,DGII,Digi International Inc.,United States,Telecommunications,Communication Equipment,USD,75.93,2026-09-23,2.88,52.5,제외,9,7,13,9.0,0,6.5,8,,,,,2026-09-30,0.2369,0.0872,0.1596,0.0895,2.1,2.49,2.692,3.132,,0.2819,0.1634,0.2212,,30.49,adjTTM,60.26,24.31,28.21,24.24,,0.075,0.205,,1.487,1.099,,1.487,25.52,0.0623,0.091,0.2686,2.79,0.0344,0.0204,1.32,0.0866,0.0866,0.1186,0.1307,5,3,0,5,0.0145,0.1055,1.0218,0.2319,0.1634,-0.0684,82.24,0.0831,52.26,-0.3118,0.266
234,ADSK,"Autodesk, Inc.",United States,Technology,Software - Application,USD,217.68,2026-09-23,45.5,52.5,제외,4,11,4,14.0,6,5.5,8,,,,,2027-01-31,0.1552,0.1099,0.1323,0.1246,10.43,11.81,12.6124,14.1994,17.2495,0.2092,0.1258,0.1668,0.1826,18.43,adjTTM,28.16,15.97,17.26,15.33,12.62,0.0636,0.1683,0.3153,1.269,0.957,0.874,0.942,19.88,0.3878,0.4923,0.3599,1.708,0.0906,-0.0092,0.06,0.0013,0.0004,-0.0021,-0.0047,3,14,18,36,-0.1419,0.1538,-0.3295,0.109,0.1695,0.0605,258.06,0.1855,155.11,-0.2874,0.645
235,SKWD,Skyward Specialty Insurance Gro,United States,Finance,Insurance - Property & Casualty,USD,55.31,2026-09-23,2.46,52.5,제외,5.5,10,7.5,5,8,6.5,10,,,,,2026-12-31,0.3935,0.0663,0.219,0.1353,4.0,4.77,5.0255,5.5267,,0.2564,0.0997,0.1755,,11.6,adjTTM,12.86,10.26,11.01,10.01,,0.0508,0.1369,,1.029,0.585,,1.029,7.79,,0.5771,0.0571,0.528,0.0069,0.0104,,0.0293,0.0225,0.0086,0.0026,3,6,2,12,-0.0287,0.0449,0.1709,-0.0071,0.0997,0.1068,58.77,0.0625,39.7,-0.2823,0.221
236,047810.KS,KOREA AEROSPACE,KS,INTL,Aerospace & Defense,KRW,127500.0,2026-09-22,9.1,52.5,제외,17,15.5,3,3.5,10,1.5,2,,,,,2026-12-31,0.4454,0.2433,0.3405,0.2846,1907.0,1819.0,2570.4878,4543.7183,,0.3479,0.7676,0.5436,,70.09,adjTTM,,31.81,49.6,28.06,,0.2924,0.5997,,0.414,0.585,,0.636,41.0,0.0747,0.008,-0.243,-6.07,,-0.0002,5.45,0.0882,-0.245,0.0015,-0.1228,1,2,9,19,-0.0031,-0.0719,0.2398,0.3175,0.7676,0.1825,170854.41,0.34,57329.94,-0.5504,0.618
237,Z,"Zillow Group, Inc.",United States,Consumer Discretionary,Internet Content & Information,USD,28.95,2026-09-23,6.51,52.5,제외,9.5,17,2,4.0,10,4.0,6,,,,,2026-12-31,0.1414,0.1181,0.1297,0.1238,1.64,1.88,2.2244,2.7897,,0.3564,0.2541,0.3042,,15.4,adjTTM,125.87,10.98,13.01,10.38,,0.1548,0.3261,,0.432,0.361,,0.432,38.97,-0.0075,0.389,0.0783,4.0,0.1292,0.0856,-2.41,0.0,-0.035,0.0,-0.0755,2,1,5,6,-0.1926,-0.0502,-0.6344,0.0099,0.2541,0.2442,33.47,0.1561,18.78,-0.3512,0.445
238,CSGP,"CoStar Group, Inc.",United States,Finance,Real Estate Services,USD,28.0,2026-09-23,11.34,52.5,제외,12,15.5,3,0.5,8,5.5,8,,,,,2026-12-31,0.1667,0.115,0.1406,0.1275,0.87,1.09,1.3615,1.7737,2.1984,0.5649,0.3028,0.4279,0.3621,25.68,adjTTM,155.53,16.84,20.56,15.78,12.73,0.1994,0.3855,0.5042,0.556,0.394,0.465,0.622,29.34,-0.0095,-0.0596,0.0638,3.084,0.054,0.0316,-1.14,0.016,0.0022,-0.0762,-0.0122,3,4,13,5,-0.1321,-0.0747,-0.6718,0.1239,0.2707,0.1468,35.09,0.2535,19.32,-0.3098,0.818
239,GVA,Granite Construction Incorporat,United States,Industrials,Engineering & Construction,USD,112.99,2026-09-23,5.02,52.3,제외,6,9.5,10.5,8.5,6,5.8,6,,,,,2026-12-31,0.2201,0.0942,0.1555,0.1237,6.07,6.52,7.1089,8.0557,,0.1712,0.1332,0.152,,17.33,adjTTM,,14.49,15.89,14.03,,0.0828,0.1906,,1.088,0.953,,1.088,11.85,0.1262,0.1897,0.095,,0.0097,0.0118,4.03,0.0042,0.0656,0.0083,0.0636,4,2,1,6,-0.0869,-0.2465,0.0277,0.0824,0.1332,0.0508,122.37,0.0831,78.33,-0.3067,0.271
240,ROAD,"Construction Partners, Inc.",United States,Industrials,Engineering & Construction,USD,94.3,2026-09-23,5.35,52.3,제외,11.0,11,10,7.0,4,4.8,4.5,,,,,2026-09-30,0.304,0.115,0.2058,0.1177,2.2032,2.7896,3.1083,3.885,,0.4108,0.2499,0.3279,,33.8,adjTTM,36.13,24.36,30.34,24.27,,0.1025,0.282,,0.975,0.743,,0.975,14.37,0.1038,0.0811,0.0505,1.232,0.0119,0.0532,3.24,0.0,0.023,0.0,0.0144,3,4,2,6,-0.1632,-0.2372,-0.2938,0.2326,0.2499,0.0173,106.26,0.1269,67.01,-0.2894,0.438
241,ALSN,"Allison Transmission Holdings, ",United States,Consumer Discretionary,Auto Parts,USD,114.74,2026-09-23,9.48,52.2,제외,9,15.5,9,9.0,8,3.5,8,,Commodity/Cyclical: Auto Parts,,,2026-12-31,0.9644,0.0438,0.4319,0.1904,7.5828,8.4672,9.973,11.2977,13.3598,0.3152,0.1328,0.2206,0.2078,13.55,adjTTM,18.69,10.49,11.51,10.16,8.59,0.151,0.2505,0.3662,0.79,0.475,0.505,0.666,11.24,0.2143,-0.1,0.1674,1.393,0.0068,-0.0338,1.29,0.0,0.0074,0.0,0.0154,3,6,2,9,-0.1399,-0.0184,0.3253,-0.0016,0.1574,0.1016,134.27,0.1702,61.97,-0.4599,0.37
242,KLAC,KLA Corporation,United States,Technology,Semiconductor Equipment & Materials,USD,187.54,2026-09-23,245.03,52.0,제외,13.0,7.5,11.5,14.2,0,6.0,8,,Commodity/Cyclical: Semiconductor Equipment & Materials,,,2027-06-30,0.3339,0.1823,0.2558,0.2902,3.76,3.756,5.4548,6.7054,8.069,0.4507,0.2293,0.3354,0.2899,49.93,adjTTM,51.38,32.64,34.38,27.97,23.24,0.3114,0.4399,0.5345,1.424,0.973,1.126,1.509,40.84,0.7028,0.9115,0.2774,0.78,0.0228,-0.0134,0.2,0.001,0.0688,0.0154,0.1175,5,3,0,22,0.0187,-0.2325,0.7592,0.3261,0.2162,-0.2261,229.22,0.2222,102.36,-0.4542,0.489
243,GE,GE Aerospace,United States,Technology,Aerospace & Defense,USD,321.54,2026-09-23,333.62,52.0,제외,8,5.0,10,13.5,0,5.5,10,,,,,2026-12-31,0.1887,0.1092,0.1482,0.1282,6.37,7.11,7.9145,9.6888,11.007,0.2425,0.2242,0.2333,0.2,45.22,adjTTM,37.87,34.92,40.63,33.19,29.21,0.1016,0.2662,0.354,1.558,1.497,1.746,1.948,29.76,0.291,,0.1658,0.936,,-0.0242,0.64,0.0002,0.0485,-0.0029,0.0261,4,9,0,12,-0.0777,-0.0975,0.0566,0.3487,0.1793,-0.1694,371.9,0.1566,211.53,-0.3421,0.458
244,PWR,"Quanta Services, Inc.",United States,Industrials,Engineering & Construction,USD,636.53,2026-09-23,95.7,52.0,제외,11.5,4.5,13.5,6.0,0,6.5,10,,,,,2026-12-31,0.3898,0.1517,0.2652,0.202,10.75,13.41,16.7333,19.7151,22.7121,0.5566,0.1782,0.3542,0.2832,47.47,adjTTM,72.83,33.67,38.04,32.29,28.03,0.1986,0.3198,0.4096,1.889,0.95,1.189,2.04,33.77,0.0913,0.0668,0.0727,1.802,0.0069,0.0082,1.94,0.0013,0.1942,0.0123,0.1977,5,24,0,26,-0.0056,-0.0946,0.6335,0.3364,0.165,-0.1714,737.3,0.1583,431.59,-0.322,0.492
245,SITM,SiTime Corporation,United States,Technology,Semiconductors,USD,609.53,2026-09-23,18.26,52.0,제외,12,11,12,5.5,0,5.5,6,,,Y,,2026-12-31,1.6634,0.5556,1.0355,0.6914,3.2,6.18,11.1352,14.9211,,2.4797,0.34,1.1594,,98.63,adjTTM,1069.35,43.87,54.74,40.85,,0.445,0.5858,,1.29,0.378,,1.29,402.74,-0.1495,0.1887,0.1786,5.93,0.2436,0.08,-15.67,-0.0007,0.4185,-0.0002,0.3797,5,2,0,11,-0.0108,-0.1397,0.9122,0.4278,0.34,-0.0878,735.67,0.207,408.29,-0.3302,0.627
246,SSRM,SSR Mining Inc.,Canada,Industrials,Gold,USD,36.73,2026-09-23,7.49,52.0,제외,13.5,19,3,9.5,10,4.0,6,★★,Commodity/Cyclical: Gold,,,2026-12-31,0.4124,0.162,0.2811,0.2143,2.01,3.01,4.0865,5.4874,,1.0331,0.3428,0.6523,,12.2,adjTTM,13.81,7.19,8.99,6.69,,0.2634,0.4515,,0.21,0.11,,0.21,6.92,0.0962,,0.1659,1.349,0.0308,0.073,-0.22,-0.0007,-0.0929,-0.0525,0.0954,4,0,3,5,-0.0307,0.2524,0.5863,-0.0915,0.3428,0.1915,44.39,0.2086,17.21,-0.5315,0.392
247,009150.KS,SamsungElecMech,KS,INTL,Electronic Components,KRW,1507000.0,2026-09-22,83.32,51.9,제외,20,13.5,12.5,5.5,0,5.8,8,,Memory/Storage cycle,,,2026-12-31,0.2744,0.3302,0.302,0.3176,9361.0,13341.0,20698.01,42513.305,,1.2111,1.054,1.1311,,112.96,adjTTM,,41.18,72.81,35.45,,0.3554,0.6862,,0.391,0.364,,0.824,53.2,0.083,0.1418,0.0182,0.225,,0.0,-0.19,0.008,0.1405,0.007,0.3111,5,3,0,17,0.1275,-0.2533,6.351,0.4054,1.054,-0.3054,2069612.87,0.3733,713791.41,-0.5263,0.709
248,B,Barrick Mining Corporation,Canada,Basic Materials,Gold,USD,42.8,2026-09-23,70.44,51.8,제외,11.5,14.5,4,12.2,8,4.0,8,,Commodity/Cyclical: Gold,,,2026-12-31,0.2673,0.1322,0.1979,0.1629,2.42,3.42,3.6494,4.3832,5.1811,0.508,0.2011,0.3458,0.2889,12.51,adjTTM,11.06,10.23,11.73,9.76,8.26,0.0629,0.2197,0.3399,0.509,0.296,0.354,0.534,6.24,0.1889,3.1406,0.2512,0.795,0.0127,-0.0251,-0.1,0.0017,-0.093,0.0,-0.0461,2,11,6,21,-0.0989,0.1235,0.263,-0.0079,0.1915,0.1079,50.78,0.1865,20.6,-0.5185,0.36
249,6752.T,PANASONIC HOLDINGS CORP,T,INTL,Consumer Electronics,JPY,4287.0,2026-09-18,63.28,51.7,제외,9,15,10.5,1,6,3.2,7,,,Y,,2027-03-31,-0.0075,0.0591,0.0253,0.0245,81.19,116.83,207.9391,255.6894,,1.5611,0.2296,0.7746,,36.69,adjTTM,52.91,18.56,20.62,16.77,,0.4382,0.5431,,0.808,0.24,,0.808,12.66,0.0291,-0.1146,-0.0084,-0.355,,,2.08,0.0172,0.0629,0.0211,0.0726,4,6,0,16,-0.0037,-0.0299,1.7453,0.1515,0.2296,0.0781,5008.7,0.1683,2829.4,-0.34,0.495
250,BWIN,"The Baldwin Insurance Group, In",United States,Finance,Insurance Brokers,USD,31.89,2026-09-23,3.09,51.7,제외,9.5,15.0,4,1,10,4.2,8,,,,,2026-12-31,0.335,0.0975,0.2105,0.1493,1.67,1.73,2.0124,2.4788,,0.205,0.2318,0.2183,,18.44,adjTTM,,13.56,15.85,12.87,,0.1403,0.3021,,0.585,0.621,,0.585,51.56,0.0238,0.245,0.0254,,0.0435,0.0707,19.91,0.0022,-0.0007,-0.0021,-0.009,3,2,6,9,-0.0006,0.3071,0.0687,0.0646,0.2318,0.1672,36.45,0.1428,22.05,-0.3086,0.463
251,GWRE,"Guidewire Software, Inc.",United States,Technology,Software - Application,USD,153.22,2026-09-23,12.56,51.5,제외,11.5,7,8,9.5,0,6.5,9,,,,,2027-07-31,0.1648,0.1569,0.1608,0.1634,3.43,3.64,4.1883,5.3451,,0.2211,0.2762,0.2483,,42.09,adjTTM,94.58,35.15,36.58,28.67,,0.1309,0.319,,1.273,1.415,,1.273,75.11,0.1169,0.4607,0.2431,2.575,0.1232,-0.0059,-0.19,0.0237,0.0178,0.047,0.0353,4,7,3,15,-0.1882,0.4009,-0.3652,0.3508,0.2762,-0.0746,191.7,0.2511,90.97,-0.4063,0.618
252,LGND,Ligand Pharmaceuticals Incorpor,United States,Health Care,Biotechnology,USD,298.93,2026-09-23,5.96,51.5,제외,14.5,8,8,5.2,4,5.8,6,,,,,2026-12-31,0.0812,0.3138,0.1919,0.2543,8.13,9.11,9.3166,11.9484,15.0798,0.146,0.2825,0.2123,0.2287,32.81,adjTTM,29.86,26.61,32.09,25.02,19.82,0.0222,0.2376,0.3959,0.942,1.253,1.164,0.977,43.04,0.0576,0.1667,0.4122,0.607,0.1833,0.1096,-1.1,0.0002,0.0236,0.0011,0.0558,4,3,1,9,0.0442,0.0697,0.7517,0.26,0.2722,0.0122,378.64,0.2667,202.05,-0.3241,0.823
253,TER,"Teradyne, Inc.",United States,Industrials,Semiconductor Equipment & Materials,USD,387.64,2026-09-23,60.6,51.3,제외,14,8.5,13.5,10.8,0,6.5,7,,Commodity/Cyclical: Semiconductor Equipment & Materials,,,2026-12-31,0.6119,0.2182,0.4013,0.2921,3.96,7.68,9.0913,11.6525,15.6432,1.2958,0.2817,0.7154,0.5808,50.47,adjTTM,50.94,35.38,42.64,33.27,24.78,0.1552,0.3409,0.5091,1.256,0.494,0.609,1.135,41.27,0.2396,0.1509,0.1792,0.695,0.0166,-0.022,-0.03,-0.0002,0.263,0.0086,0.2298,5,15,1,18,0.0318,-0.0772,1.883,0.353,0.3117,-0.253,515.1,0.3288,189.99,-0.5099,0.645
254,4502.T,TAKEDA PHARMACEUTICAL CO LTD,T,INTL,Drug Manufacturers - Specialty & Generic,JPY,5968.0,2026-09-18,60.24,51.3,제외,8.5,9.5,9,6.5,8,4.8,5,,,,,2027-03-31,0.0439,0.0193,0.0315,0.0318,125.29,114.25,126.3004,198.7317,,0.0081,0.5735,0.2594,,52.24,adjTTM,,37.02,47.25,30.03,,0.0954,0.4251,,0.645,1.427,,0.74,11.61,0.0245,3.0228,0.1053,,0.0158,-0.0016,6.58,0.0278,0.0282,0.0262,0.0403,4,7,2,13,0.0245,0.2096,0.3959,0.3684,0.5735,0.1316,8243.11,0.3812,2929.77,-0.5091,0.749
255,SAF.PA,SAFRAN,PA,INTL,Aerospace & Defense,EUR,336.0,2026-09-23,158.63,51.2,제외,9.5,8,10,11.2,2,1.5,9,,,,,2026-12-31,0.1666,0.1027,0.1342,0.1181,7.6,,10.4161,12.9793,,0.3705,0.2461,0.3068,,34.81,estTTM,36.13,27.35,32.26,25.89,,0.0733,0.2563,,1.112,0.891,,1.112,22.32,0.2827,0.4884,0.1257,0.546,0.0035,-0.0067,-0.13,-0.0003,0.0321,-0.0067,0.0545,4,16,0,19,-0.0227,0.0099,0.1652,0.2688,0.2461,-0.0227,386.85,0.1513,227.89,-0.3217,0.47
256,SFBS,"ServisFirst Bancshares, Inc.",United States,Finance,Banks - Regional,USD,41.53,2026-09-23,4.54,51.2,제외,6,13,8,5,6,4.2,9,,,,,2026-12-31,0.2104,0.1123,0.1603,0.1354,2.625,2.985,3.2217,3.6117,,0.2273,0.1211,0.173,,13.91,adjTTM,14.13,11.85,12.89,11.5,,0.0735,0.1735,,0.979,0.685,,0.979,,,,0.7496,1.448,0.0046,0.0008,,0.0021,0.0068,-0.006,0.007,3,2,0,3,-0.042,0.0056,0.0156,0.0293,0.1211,0.0918,44.68,0.0756,30.46,-0.2665,0.284
257,9766.T,KONAMI GROUP CORPORATION,T,INTL,Electronic Gaming & Multimedia,JPY,21055.0,2026-09-18,18.04,51.1,제외,6,6.5,10,13.8,0,5.8,9,,,,,2027-03-31,0.1351,0.0738,0.104,0.1036,737.8,831.78,949.8539,1053.1993,,0.2874,0.1088,0.1948,,25.31,adjTTM,25.32,21.06,22.17,19.99,,0.1243,0.2102,,1.936,1.081,,1.936,13.13,0.3684,0.6235,0.1631,0.761,,-0.0,-1.48,0.0234,0.1124,0.0238,0.1037,5,4,0,18,-0.0499,0.208,-0.0262,0.1885,0.1088,-0.0797,22763.94,0.0812,13710.97,-0.3488,0.233
258,6501.T,HITACHI,T,INTL,Conglomerates,JPY,5524.0,2026-09-18,155.93,51.0,제외,5,8,10,11.0,2,5.0,10,,,,,2027-03-31,0.1188,0.0755,0.097,0.0967,176.76,176.99,216.72,259.7008,,0.2261,0.1983,0.2121,,31.21,adjTTM,31.25,23.26,25.49,21.27,,0.1833,0.3185,,1.173,1.097,,1.173,13.76,0.132,2.9702,0.1105,1.458,,-0.0134,-0.38,0.0417,0.0552,0.0515,0.0796,4,7,0,15,0.0496,0.1595,0.4126,0.2184,0.1983,-0.0201,6330.65,0.146,3509.1,-0.3648,0.4
259,6503.T,MITSUBISHI ELECTRIC CORP,T,INTL,Electrical Equipment & Parts,JPY,5126.0,2026-09-18,66.31,51.0,제외,4,8.5,12,8.0,2,6.5,10,,,,,2027-03-31,0.0926,0.0297,0.0607,0.0609,198.31,208.08,263.9063,294.4446,,0.3308,0.1157,0.2185,,24.63,adjTTM,25.84,18.4,19.42,17.41,,0.2115,0.2933,,1.59,0.842,,1.59,16.79,0.0912,0.1133,0.0566,0.818,,0.0,-0.56,0.0291,0.0907,0.0342,0.0924,5,6,2,15,-0.0935,-0.1529,0.379,0.149,0.1157,-0.0333,5568.04,0.0862,3474.66,-0.3222,0.268
260,010120.KS,LS ELECTRIC,KS,INTL,Electrical Equipment & Parts,KRW,205500.0,2026-09-22,22.38,51.0,제외,15.5,5,10.5,5,2,5.0,8,,,,,2026-12-31,0.3019,0.2167,0.2586,0.2357,1929.4,5849.4,3569.5718,5076.9165,,0.8501,0.4223,0.6221,,35.13,adjTTM,,44.02,57.57,40.48,,-0.6387,-0.1522,,1.043,0.708,,1.043,46.63,0.1161,0.1166,-0.0345,-0.506,0.0045,0.0054,0.77,0.0015,0.0726,0.008,0.1675,5,2,0,22,0.1024,-0.0882,2.6322,0.429,0.4223,-0.0068,257887.96,0.2549,112213.41,-0.4539,0.562
261,SAAB-B.ST,SAAB AB ser. B,ST,INTL,Aerospace & Defense,SEK,632.0,2026-09-23,34.34,51.0,제외,14.5,6.5,6,9.2,0,4.8,10,,,,,2026-12-31,0.2366,0.2139,0.2252,0.2192,11.7,13.11,14.9131,18.9322,,0.2746,0.2695,0.2721,,48.21,adjTTM,48.1,35.42,42.38,33.38,,0.1209,0.3075,,1.314,1.302,,1.314,30.73,0.156,0.1746,0.0534,0.641,,0.0011,-0.06,0.0001,0.0455,-0.0005,0.0469,4,0,1,13,-0.0097,0.2967,0.1871,0.3535,0.2695,-0.084,736.47,0.1653,429.29,-0.3207,0.515
262,GPN,Global Payments Inc.,United States,Consumer Discretionary,Specialty Business Services,USD,84.88,2026-09-23,22.46,51.0,제외,5,16,3,5,10,4.5,7.5,,,,,2026-12-31,0.3253,0.0529,0.1813,0.1126,12.22,12.86,13.6487,15.9889,18.9041,0.1169,0.1715,0.1439,0.1565,6.6,adjTTM,40.23,5.53,6.22,5.31,4.49,0.0578,0.1957,0.3197,0.322,0.384,0.353,0.313,9.25,0.0316,,0.0804,,0.0128,-0.0511,3.54,-0.0027,-0.014,0.0037,-0.0113,3,6,24,34,-0.0903,0.3231,-0.0022,-0.1493,0.1769,0.3262,100.13,0.1797,57.64,-0.321,0.56
263,CTRI,"Centuri Holdings, Inc.",United States,Utilities,Utilities - Regulated Gas,USD,20.26,2026-09-23,2.05,51.0,제외,14,14.5,7,0,8,4.0,3.5,,,,,2026-12-31,0.2368,0.1106,0.172,0.1398,0.3,0.58,0.709,0.9444,,1.3633,0.332,0.7742,,34.93,adjTTM,61.39,23.01,28.58,21.45,,0.1819,0.3858,,0.693,0.297,,0.693,12.11,0.043,-0.3735,-0.0045,-0.527,0.0031,0.0842,3.09,0.0147,-0.0125,0.0787,-0.0629,2,1,1,5,-0.052,-0.3301,-0.0634,0.2151,0.332,0.1169,24.36,0.2022,12.74,-0.3711,0.545
264,PRX.AS,PROSUS,AS,INTL,Internet Retail,EUR,35.76,2026-09-23,85.23,51.0,제외,10.5,15.5,1,4.5,10,1.5,8,,,,,2027-03-31,0.2707,0.1001,0.1823,0.1782,2.455,,3.6915,4.3105,,0.5036,0.1677,0.3251,,11.72,estTTM,7.84,8.96,9.69,8.29,,0.1734,0.2921,,0.534,0.276,,0.534,304.3,0.0043,0.0203,0.1444,0.12,0.0238,,0.14,-0.0101,-0.05,-0.009,-0.074,2,3,5,15,-0.0603,-0.0459,-0.372,-0.0401,0.1677,0.2078,40.19,0.124,22.15,-0.3805,0.326
265,PNFP,"Pinnacle Financial Partners, In",United States,Finance,Banks - Regional,USD,94.35,2026-09-23,14.26,50.7,제외,7,14.5,3,2,10,4.2,10,,,,,2026-12-31,1.4541,0.0838,0.6308,0.2642,8.37,9.4,10.1924,11.4612,13.6209,0.2177,0.1245,0.1702,0.1762,10.04,adjTTM,13.0,8.49,9.26,8.23,6.93,0.0777,0.1798,0.3099,0.682,0.499,0.482,0.544,,,,0.4342,1.832,0.0401,0.0072,,0.0009,-0.0057,0.0011,-0.0261,3,2,17,22,-0.0775,-0.0131,0.0097,-0.0531,0.156,0.2091,110.63,0.1725,69.06,-0.2681,0.644
266,GOOG,Alphabet Inc.,United States,Technology,Internet Content & Information,USD,335.6,2026-09-23,4104.3,50.5,제외,9.0,3,12,10,0,6.5,10,,,,,2026-12-31,0.2376,0.231,0.2343,0.2326,10.81,19.91,20.6207,14.8819,18.2103,0.9076,-0.2783,0.1733,0.1899,16.86,adjTTM,16.83,20.42,16.27,22.55,18.43,0.0345,-0.3379,-0.0933,,1.178,1.075,,23.94,0.358,0.2513,0.1195,0.218,0.0631,-0.0174,-0.21,0.0014,0.4495,0.0048,0.026,5,9,1,49,-0.0181,-0.0304,0.3324,0.1793,-0.0603,-0.2395,353.34,0.0529,234.35,-0.3017,0.175
267,GOOGL,Alphabet Inc.,United States,Technology,Internet Content & Information,USD,339.17,2026-09-23,4147.97,50.5,제외,9.0,3,12,10,0,6.5,10,,,,,2026-12-31,0.2376,0.231,0.2343,0.2326,10.81,19.91,20.6248,14.9061,18.2399,0.9079,-0.2773,0.1743,0.1905,17.03,adjTTM,17.0,20.61,16.44,22.75,18.59,0.0347,-0.3357,-0.0916,,1.183,1.082,,24.2,0.358,0.2513,0.1195,0.218,0.0631,-0.0174,-0.21,0.001,0.4496,0.0046,0.0273,5,8,1,53,-0.016,-0.0197,0.3509,0.1821,-0.0596,-0.2417,357.27,0.0534,236.61,-0.3024,0.177
268,BROS,Dutch Bros Inc.,United States,Consumer Discretionary,Restaurants,USD,38.84,2026-09-23,6.81,50.5,제외,14.0,8,11,6.0,0,5.5,6,,,,,2026-12-31,0.3027,0.2408,0.2714,0.2546,0.76,0.85,0.9779,1.3137,1.5402,0.2868,0.3434,0.3148,0.2655,45.69,adjTTM,53.94,31.77,39.72,29.56,25.22,0.1308,0.353,0.4481,0.925,1.009,1.197,1.246,20.06,0.0891,0.1995,0.0505,1.029,0.0113,0.2078,2.56,0.0009,0.0396,-0.0002,0.0525,4,10,4,15,-0.2218,-0.4245,-0.2988,0.3171,0.255,-0.0621,46.98,0.2095,23.55,-0.3938,0.532
269,HAG.DE,HENSOLDT AG                   I,DE,INTL,Aerospace & Defense,EUR,79.3,2026-09-23,10.44,50.5,제외,14.0,6.5,9.5,6.0,2,2.5,10,,,,,2026-12-31,0.1397,0.1668,0.1532,0.1602,1.4655,,1.893,2.4861,,0.2917,0.3133,0.3025,,44.63,estTTM,76.25,34.1,41.89,31.9,,0.0612,0.2852,,1.088,1.128,,1.088,31.28,0.0936,0.0517,0.1147,2.558,,0.0,1.49,0.0053,0.0674,0.0055,0.0722,4,6,0,9,-0.0893,0.2219,-0.1774,0.3407,0.3133,-0.0274,94.47,0.1913,53.8,-0.3215,0.595
270,ARM,Arm Holdings plc,United Kingdom,Technology,Semiconductors,USD,331.5,2026-09-23,354.05,50.5,제외,18.5,3,7,8.5,0,5.5,8,,,,,2027-03-31,0.2289,0.3622,0.2939,0.3001,1.77,1.87,2.223,3.0548,4.3892,0.256,0.3741,0.3137,0.3535,177.28,adjTTM,341.76,126.33,149.12,108.52,75.53,0.1588,0.3878,0.574,3.377,4.027,3.573,3.118,331.35,0.1491,0.2428,0.2855,1.41,0.2238,0.0019,-2.72,-0.0025,0.0207,-0.002,-0.0095,3,15,13,40,0.3561,-0.0994,1.3403,0.86,0.4051,-0.4548,467.2,0.4093,221.16,-0.3329,1.23
271,WSE,Wise Group plc,United Kingdom,Industrials,Information Technology Services,USD,11.39,2026-09-23,11.21,50.5,제외,11.5,9,4,9.5,4,2.5,10,,,,,2027-03-31,0.1655,0.1814,0.1734,0.1738,0.4843,,0.5719,0.6999,0.7741,0.181,0.2237,0.2021,0.1692,21.64,estTTM,23.74,17.98,19.92,16.28,14.72,0.0794,0.2476,0.3198,0.804,0.89,1.063,1.101,6.08,,,2.7901,15.104,0.0354,-0.0153,-24.6,-0.0056,-0.0206,0.0085,-0.025,2,1,0,12,-0.1248,0.022,-0.2601,0.1425,0.1634,0.0209,13.23,0.161,7.39,-0.3511,0.459
272,EQPT,EquipmentShare.com Inc,United States,Consumer Discretionary,Rental & Leasing Services,USD,18.63,2026-09-23,4.72,50.5,제외,12.5,18,2,2.5,10,1.5,4,,,Y,,2026-12-31,0.2715,0.1986,0.2345,0.2151,0.0362,,0.4357,0.9112,,11.0365,1.0912,4.017,,56.91,estTTM,186.3,23.82,42.76,20.45,,0.2487,0.6407,,0.218,0.059,,0.476,24.15,0.0564,0.0319,-0.4199,-85.242,0.0095,0.0,4.85,-0.0873,-0.0497,-0.143,-0.0862,2,1,5,6,0.0059,-0.2203,-0.4281,0.2256,1.0912,0.2744,25.66,0.3771,9.26,-0.503,0.75
273,INDB,Independent Bank Corp.,United States,Finance,Banks - Regional,USD,80.62,2026-09-23,3.82,50.3,제외,7,14.5,5,2,10,3.8,8,,,,,2026-12-31,0.2059,0.0518,0.1262,0.0882,5.64,6.63,7.1734,8.3116,,0.2719,0.1587,0.214,,12.16,adjTTM,14.58,10.07,11.24,9.7,,0.0758,0.2023,,0.635,0.471,,0.635,,,,0.3068,1.12,0.0099,0.0865,,0.0006,-0.0174,0.0,-0.0051,3,2,3,7,-0.0371,-0.0208,0.1804,-0.0116,0.1587,0.1703,88.57,0.0986,58.04,-0.28,0.352
274,BOOT,"Boot Barn Holdings, Inc.",United States,Consumer Discretionary,Apparel Retail,USD,127.93,2026-09-23,3.87,50.2,제외,4,10.5,10,7.5,4,5.2,9,,,,,2027-03-31,0.1596,0.1276,0.1435,0.143,7.35,7.3,9.0359,10.0009,,0.2294,0.1068,0.1665,,17.52,adjTTM,16.19,13.46,14.16,12.79,,0.1921,0.2701,,1.261,0.809,,1.261,11.8,0.1257,0.123,0.0497,0.48,0.0072,-0.0012,1.56,0.0006,0.0582,0.0005,0.0111,4,8,1,10,-0.2279,-0.2635,-0.2553,0.0627,0.1068,0.044,138.12,0.0797,89.17,-0.303,0.263
275,6861.T,KEYENCE CORP,T,INTL,Scientific & Technical Instruments,JPY,76580.0,2026-09-18,117.4,50.0,제외,8,2,12,11.5,0,6.5,10,,,,,2027-03-31,0.2401,0.1218,0.1795,0.1767,1835.63,2029.5,2332.8982,2610.765,,0.2709,0.1191,0.1926,,37.73,adjTTM,41.67,31.04,32.83,29.33,,0.1301,0.2226,,2.606,1.612,,2.606,,0.2158,0.2319,0.3441,0.904,,-0.0,-2.44,0.0016,0.1147,0.0018,0.1224,5,15,0,15,-0.0475,-0.0108,0.3613,0.3095,0.1191,-0.1904,83373.92,0.0887,52093.44,-0.3198,0.277
276,ARIS,Aris Mining Corporation,,,Gold,USD,18.86,2026-09-23,3.89,50.0,제외,15,18,2.5,11.2,10,1.5,5,,Commodity/Cyclical: Gold,,,2026-12-31,0.6622,0.305,0.4728,0.3703,1.28,,2.12,2.954,,0.6562,0.3934,0.5191,,9.96,estTTM,13.37,6.91,8.89,6.38,,0.1075,0.3595,,0.176,0.133,,0.176,6.67,0.2072,0.2664,0.1384,0.617,0.0291,0.2128,0.23,0.0095,-0.1675,0.0236,-0.2149,1,0,3,5,-0.0968,0.1954,1.0,-0.1004,0.3934,0.2004,23.35,0.2382,8.1,-0.5702,0.418
277,GGAL,Grupo Financiero Galicia S.A.,Argentina,Finance,Banks - Regional,USD,40.52,2026-09-23,6.87,50.0,제외,14,19,12,1,10,2.2,5,★★,EM macro (Argentina),Y,,2026-12-31,0.4235,0.2712,0.3452,0.3027,0.8668,0.6084,4.7472,7.003,,4.4767,0.4752,1.8424,,10.97,estTTM,119.18,6.34,8.54,5.79,,0.2217,0.4724,,0.133,0.034,,0.133,,,,-0.1862,-9.16,,0.0793,,0.0934,0.1865,0.0358,0.0539,5,1,1,6,-0.022,-0.2098,0.3417,-0.1197,0.4752,0.2197,52.09,0.2855,19.53,-0.5179,0.551
278,8411.T,MIZUHO FINANCIAL GROUP,T,INTL,Banks - Regional,JPY,8495.0,2026-09-18,129.99,50.0,제외,5,9.5,9,4,6,6.5,10,,,,,2027-03-31,0.0007,0.0856,0.0423,0.0417,502.92,560.55,596.0943,674.842,,0.1853,0.1321,0.1584,,15.15,adjTTM,15.15,13.4,14.25,12.59,,0.0596,0.1694,,1.014,0.846,,1.014,,,,-1.1361,-3.735,,-0.018,,0.0189,0.0636,0.0273,0.0643,4,3,0,10,0.0507,0.0775,0.8305,0.0614,0.1321,0.0707,9329.27,0.0982,5947.8,-0.2998,0.328
279,ONTO,Onto Innovation Inc.,United States,Industrials,Semiconductor Equipment & Materials,USD,284.81,2026-09-23,17.41,49.9,제외,17,14,13.5,5.0,0,5.8,7,,Commodity/Cyclical: Semiconductor Equipment & Materials,,,2026-12-31,0.4316,0.3072,0.368,0.3329,4.94,5.53,8.1159,11.7566,13.7127,0.6429,0.4486,0.5427,0.4054,51.5,adjTTM,106.67,26.45,35.09,24.23,20.77,0.3186,0.5296,0.5967,0.59,0.487,0.652,0.882,43.74,0.099,0.0634,0.2254,1.904,0.0278,-0.0078,-2.6,0.0034,0.133,0.0161,0.2168,5,10,0,11,-0.0341,-0.103,1.0722,0.2581,0.2998,-0.1581,348.63,0.2241,160.9,-0.4351,0.515
280,EGO,Eldorado Gold Corporation,Canada,Basic Materials,Gold,USD,43.03,2026-09-23,11.22,49.9,제외,20,19,1,8.5,8,4.0,5,,Commodity/Cyclical: Gold,,,2026-12-31,0.3877,0.6299,0.5039,0.5787,1.75,2.53,3.4659,5.3337,5.7817,0.9805,0.5389,0.7458,0.4894,17.01,adjTTM,14.99,8.91,12.42,8.07,7.44,0.27,0.5257,0.5624,0.165,0.12,0.182,0.306,11.21,0.1661,0.5046,-0.2944,-0.98,0.009,-0.0006,0.39,0.0021,-0.1688,-0.0134,-0.0674,1,1,8,10,-0.0584,0.3698,0.5107,-0.0414,0.2916,0.1414,50.46,0.1726,18.61,-0.5674,0.304
281,6361.T,EBARA CORP,T,INTL,Specialty Industrial Machinery,JPY,4323.0,2026-09-18,12.44,49.7,제외,8,12,6,6.5,6,3.2,8,,,,,2026-12-31,0.1167,0.1161,0.1164,0.1162,166.31,172.01,214.5903,258.8548,,0.2903,0.2063,0.2476,,25.13,adjTTM,25.12,17.51,20.15,16.7,,0.1984,0.3355,,0.849,0.707,,0.849,13.24,0.1539,0.1077,-0.0537,-0.671,,-0.0024,0.51,-0.0287,-0.0626,0.0018,0.0442,3,4,3,12,-0.1399,-0.3375,0.4184,0.1349,0.2063,0.0713,4873.99,0.1275,2512.35,-0.4188,0.304
282,SPXC,"SPX Technologies, Inc.",United States,Industrials,Building Products & Equipment,USD,174.38,2026-09-23,8.73,49.5,제외,8,7.5,10,7.5,2,5.5,9,,,,,2026-12-31,0.2133,0.1175,0.1644,0.14,6.76,7.43,8.465,9.7,10.6028,0.2522,0.1459,0.1979,0.1619,23.47,adjTTM,30.65,18.62,20.6,17.98,16.45,0.1223,0.234,0.2992,1.276,0.941,1.15,1.563,17.62,0.1306,0.1403,0.1225,1.088,0.0069,0.0304,0.26,-0.0015,0.0555,-0.0086,0.0773,4,10,0,11,-0.1582,-0.2611,-0.0702,0.1525,0.1192,-0.0333,192.87,0.106,118.06,-0.323,0.328
283,VCTR,"Victory Capital Holdings, Inc. ",United States,Finance,Asset Management,USD,106.93,2026-09-23,6.58,49.5,제외,6,7.0,12,5,4,6.5,9,,,,,2026-12-31,0.2589,0.0547,0.1523,0.1013,6.38,7.44,7.9937,8.5595,,0.2529,0.0708,0.1583,,14.37,adjTTM,19.44,12.72,13.38,12.49,,0.0693,0.1308,,1.797,0.804,,1.797,9.2,0.161,0.1162,0.3616,1.595,0.045,0.0068,1.07,0.069,0.1228,0.049,0.1151,5,7,0,7,-0.0711,0.2455,0.6458,0.0477,0.0708,0.023,111.69,0.0445,76.94,-0.2804,0.159
284,VSEC,VSE Corporation,United States,Consumer Discretionary,Aerospace & Defense,USD,179.02,2026-09-23,5.02,49.5,제외,13,9.5,13,2.5,0,6.5,5,,,,,2026-12-31,0.6287,0.2142,0.4062,0.2913,3.92,5.07,6.7869,8.0139,8.8623,0.7313,0.1808,0.4298,0.3125,35.31,adjTTM,56.12,23.31,26.38,22.34,20.2,0.253,0.3674,0.4279,1.289,0.542,0.746,1.633,30.3,0.0585,0.0826,-0.0117,-0.211,0.0109,0.1364,1.55,-0.003,0.555,0.0003,0.3975,5,9,1,11,-0.18,-0.1647,0.066,0.219,0.1427,-0.0763,201.19,0.1238,98.3,-0.4509,0.275
285,SNOW,Snowflake Inc.,United States,Technology,Software - Application,USD,335.49,2026-09-23,118.36,49.5,제외,17,3,12,3.0,0,6.5,8,,,,,2027-01-31,0.3482,0.2841,0.3158,0.3028,1.25,1.68,2.2173,3.0141,,0.7738,0.3594,0.5528,,199.69,adjTTM,,122.88,151.31,111.31,,0.2423,0.4426,,3.419,2.223,,3.419,-114.87,-1.0192,,0.2196,,0.3021,0.0144,,0.1449,0.1483,0.1136,0.123,5,38,3,48,0.0071,0.4545,0.4992,0.8471,0.3594,-0.4878,413.2,0.2316,189.95,-0.4338,0.534
286,AM.PA,DASSAULT AVIATION,PA,INTL,Aerospace & Defense,EUR,291.2,2026-09-23,25.56,49.5,제외,6,11,7,7.0,6,2.5,10,,,,,2026-12-31,0.1895,0.1051,0.1465,0.1252,13.6,,15.5675,18.8668,,0.1447,0.2119,0.1778,,19.37,estTTM,22.57,16.2,18.71,15.43,,0.0343,0.2032,,0.765,0.911,,0.765,12.97,,,0.2227,1.692,,-0.0047,-6.36,-0.0035,-0.0118,0.0012,0.0102,3,8,1,13,-0.0061,0.0118,0.0473,0.1131,0.2119,0.0988,329.31,0.1309,199.57,-0.3147,0.416
287,QXO,"QXO, Inc.",United States,Consumer Discretionary,Industrial Distribution,USD,12.5,2026-09-23,12.97,49.5,제외,15,18,1,0.5,10,1.5,3.5,,,,,2026-12-31,1.0788,0.3522,0.6766,0.4625,0.34,,0.2833,0.6442,1.0871,-0.1667,1.2739,0.3765,0.4732,41.85,estTTM,,22.88,44.12,19.4,11.5,-0.0543,0.5364,0.7252,0.18,0.608,0.483,0.458,34.94,-0.0362,-0.018,0.0143,,0.0129,2.0049,3.23,-0.0765,-0.1744,-0.0974,-0.1263,1,0,11,18,-0.0934,-0.2309,-0.3706,0.2134,0.9589,0.2866,22.12,0.77,6.68,-0.4653,1.655
288,AIXA.DE,AIXTRON SE                    N,DE,INTL,Semiconductor Equipment & Materials,EUR,35.99,2026-09-23,4.62,49.4,제외,17.0,14.5,12,6.5,0,4.0,8,,Commodity/Cyclical: Semiconductor Equipment & Materials,,,2026-12-31,0.035,0.3931,0.2008,0.2984,0.76,0.52,0.7356,1.3562,,-0.0322,0.8438,0.3358,,69.21,adjTTM,69.21,30.3,48.93,26.54,,0.293,0.6166,,0.359,0.902,,0.606,42.33,0.1225,-0.426,0.5506,4.27,0.0069,0.0015,-2.32,0.0104,0.0155,0.0452,0.0858,4,10,3,15,-0.0333,-0.3095,1.3864,0.3016,0.8438,-0.2016,48.58,0.3497,16.17,-0.5506,0.635
289,196170.KQ,Alteogen,KQ,INTL,Biotechnology,KRW,250000.0,2026-09-22,12.73,49.3,제외,14,7,2.5,13.0,0,4.8,8,,,,,2026-12-31,1.2592,0.3536,0.7487,0.4817,2040.7693,2424.8462,4394.2104,5402.9453,,1.1532,0.2296,0.6271,,103.1,adjTTM,,48.74,56.89,46.27,,0.4482,0.5512,,2.123,0.777,,2.123,131.61,1.4441,,0.2245,0.297,0.0215,0.0215,-1.79,0.0241,0.0452,0.005,-0.1906,1,0,2,6,-0.2215,-0.026,-0.3265,0.4659,0.2296,-0.2363,285362.57,0.1415,138000.82,-0.448,0.316
290,CBRE,CBRE Group Inc,United States,Finance,Real Estate Services,USD,136.17,2026-09-23,39.43,49.3,제외,7,11.5,9,1.8,6,6.5,7.5,,,,,2026-12-31,0.161,0.1127,0.1366,0.1244,6.38,7.51,7.814,9.0954,10.5502,0.2248,0.164,0.194,0.1825,18.13,adjTTM,31.16,15.57,17.43,14.97,12.91,0.0389,0.1743,0.2882,0.949,0.802,0.853,0.961,23.01,0.0657,0.0318,0.0215,0.721,0.0038,-0.0236,3.7,0.0016,0.0186,0.002,0.0263,4,9,2,12,-0.1065,0.0202,-0.1667,0.102,0.162,0.06,158.08,0.1609,99.61,-0.2685,0.599
291,HNI,HNI Corporation,United States,Consumer Discretionary,"Furnishings, Fixtures & Appliances",USD,47.27,2026-09-23,3.41,49.3,제외,9,14,5.5,5.0,8,4.8,3,,,,,2026-12-31,1.1081,0.0366,0.4782,0.1974,3.46,3.54,4.255,4.835,,0.2298,0.1363,0.1821,,13.35,adjTTM,,10.11,11.11,9.78,,0.168,0.2678,,0.741,0.555,,0.741,11.11,0.0634,0.0197,0.0226,23.093,0.0096,0.0082,4.72,0.055,0.0506,0.0,-0.0133,3,1,1,4,-0.0345,0.3878,0.0742,-0.0108,0.1363,0.1471,51.29,0.085,34.51,-0.2699,0.315
292,BESI.AS,BE Semiconductor Industries N.V,AS,INTL,Semiconductor Equipment & Materials,EUR,189.5,2026-09-23,17.09,49.2,제외,14,15.5,11.5,8.0,0,4.0,8,,Commodity/Cyclical: Semiconductor Equipment & Materials,Y,,2026-12-31,0.6959,0.3516,0.514,0.4135,1.66,2.62,4.4015,6.5803,,1.6515,0.495,0.991,,72.33,adjTTM,72.05,31.64,43.05,28.8,,0.4047,0.6018,,0.639,0.319,,0.639,55.11,0.2333,-2.7473,0.2308,0.803,0.0245,-0.0262,0.46,0.0056,0.0813,0.013,0.049,4,14,3,22,-0.0487,-0.3297,0.5027,0.3158,0.495,-0.2158,245.75,0.2968,96.77,-0.4893,0.607
293,HEI,Heico Corporation,United States,Industrials,Aerospace & Defense,USD,310.39,2026-09-23,43.38,49.0,제외,8,1,12,11.5,0,6.5,10,,,,,2026-10-31,0.2033,0.115,0.1583,0.1227,4.9,6.01,6.3437,7.2114,8.3863,0.2946,0.1368,0.2131,0.1962,51.65,adjTTM,50.97,43.59,48.93,43.04,37.01,0.0526,0.1666,0.2834,3.187,2.045,2.222,2.91,31.21,0.14,0.3935,0.199,1.215,0.0098,0.0041,1.35,0.036,0.0457,0.0385,0.053,4,19,0,22,-0.1258,-0.0709,-0.0293,0.4255,0.1498,-0.2757,360.21,0.1605,213.04,-0.3137,0.512
294,NIC,Nicolet Bankshares Inc.,United States,Finance,Banks - Regional,USD,165.81,2026-09-23,3.47,49.0,제외,7,9.5,7,3,6,6.5,10,,,,,2026-12-31,0.7417,0.0851,0.3748,0.2007,9.82,11.13,12.054,13.454,,0.2275,0.1161,0.1705,,14.9,adjTTM,18.61,12.68,13.76,12.32,,0.0767,0.1727,,1.092,0.744,,1.092,,,,0.3352,1.129,0.0271,-0.0008,,0.0005,0.0102,0.0022,0.0136,3,3,2,5,-0.0408,0.0907,0.2795,0.047,0.1161,0.0692,177.85,0.0726,121.58,-0.2668,0.272
295,207940.KS,SAMSUNG BIOLOGICS,KS,INTL,Biotechnology,KRW,1366000.0,2026-09-22,46.28,48.9,제외,13,6.5,5,12.2,0,2.2,10,,,,,2026-12-31,-0.041,0.1663,0.0576,0.1083,26628.0,36256.0,41170.332,49078.6,,0.5461,0.1921,0.3576,,37.68,adjTTM,,29.1,33.18,27.83,,0.1194,0.2613,,1.515,0.814,,1.515,21.99,0.1757,,0.3463,0.794,,,-0.19,-0.0013,0.0218,-0.0049,0.033,4,0,1,21,-0.1157,0.0927,-0.1267,0.2886,0.1921,-0.0965,1528409.92,0.1189,976949.2,-0.2848,0.417
296,AGI,Alamos Gold Inc.,Canada,Basic Materials,Gold,USD,34.63,2026-09-23,14.5,48.8,제외,15.5,17,1,10.5,6,4.8,7,,Commodity/Cyclical: Gold,,,2026-12-31,0.2912,0.2512,0.271,0.2601,1.4,2.05,2.2715,3.0436,4.3887,0.6225,0.3399,0.4744,0.4635,16.9,adjTTM,12.41,12.22,15.25,11.38,7.89,0.0975,0.3265,0.5329,0.36,0.258,0.264,0.313,9.47,0.1903,0.3502,0.1434,0.272,-0.0005,0.0274,-0.26,-0.0105,-0.0966,-0.0042,-0.1202,1,2,9,13,-0.0839,0.1231,0.0285,0.0373,0.39,0.0627,49.17,0.4198,15.07,-0.565,0.743
297,443060.KS,HDHMS,KS,INTL,Aerospace & Defense,KRW,239000.0,2026-09-22,7.84,48.7,제외,13.0,6,1,12.2,2,5.5,9,,,,,2026-12-31,0.1765,0.1502,0.1633,0.1565,6013.0,7459.0,7768.219,9429.712,,0.2919,0.2139,0.2523,,32.04,adjTTM,,26.62,30.77,25.35,,0.0398,0.209,,1.244,1.055,,1.244,26.22,0.9001,,0.1221,0.798,,0.0375,-1.22,-0.0236,-0.1082,-0.0024,-0.0264,2,0,5,11,0.1768,0.1937,0.2051,0.2601,0.2139,-0.0463,270556.67,0.132,166202.93,-0.3046,0.433
298,CAMT,Camtek Ltd.,Israel,Technology,Semiconductor Equipment & Materials,USD,149.42,2026-09-23,6.97,48.6,제외,15.5,5.0,11,13.5,0,3.8,8,,Commodity/Cyclical: Semiconductor Equipment & Materials,,,2026-12-31,0.1957,0.2548,0.2249,0.2408,3.26,3.11,3.6188,4.7891,5.2432,0.1101,0.3234,0.212,0.1716,48.05,adjTTM,201.92,33.41,41.29,31.2,28.5,0.1406,0.3506,0.4068,1.033,1.576,1.947,1.64,50.32,0.293,0.3891,0.2496,3.374,0.0332,0.0122,-3.14,0.0,0.0326,-0.0071,0.069,4,12,0,9,0.0178,-0.1179,0.4213,0.3339,0.2037,-0.2339,171.08,0.145,81.97,-0.4514,0.321
299,NVMI,Nova Ltd.,Israel,Technology,Semiconductor Equipment & Materials,USD,364.59,2026-09-23,11.6,48.6,제외,16.0,7,11,11.8,0,5.0,7,,Commodity/Cyclical: Semiconductor Equipment & Materials,,,2026-12-31,0.2239,0.2621,0.2428,0.2532,8.62,9.14,10.6735,13.6602,,0.2382,0.2798,0.2589,,39.89,adjTTM,45.4,28.37,34.16,26.69,,0.1437,0.3309,,1.014,1.096,,1.014,38.98,0.2632,0.2001,0.2024,0.702,0.0296,0.0206,-0.84,0.0,0.0213,0.0,0.0559,4,6,1,8,-0.0347,-0.3107,0.1705,0.2804,0.2798,-0.1804,427.09,0.1714,209.58,-0.4252,0.403
300,NEM,Newmont Corporation,United States,Basic Materials,Gold,USD,124.07,2026-09-23,130.73,48.5,제외,6,11.5,4.5,13.0,6,6.5,8,,Commodity/Cyclical: Gold,,,2026-12-31,0.1808,0.0914,0.1352,0.1128,6.89,9.23,9.2092,10.2415,12.3854,0.3366,0.1121,0.2192,0.2159,13.44,adjTTM,15.65,12.45,13.47,12.11,10.02,-0.0023,0.0988,0.2548,1.111,0.568,0.577,0.78,7.67,0.1979,,0.3777,1.132,0.0038,-0.0348,-0.17,0.0063,-0.0989,0.0159,-0.0977,1,5,3,13,-0.0564,0.2689,0.477,0.0422,0.1597,0.0578,147.01,0.1849,62.32,-0.4976,0.372
301,INTA,"Intapp, Inc.",United States,Technology,Software - Application,USD,36.5,2026-09-23,2.79,48.5,제외,9.5,13,7,1.5,4,5.5,8,,,,,2027-06-30,0.1407,0.1522,0.1464,0.1436,1.27,1.27,1.5994,1.9557,,0.2593,0.2228,0.2409,,28.74,adjTTM,,21.7,22.82,18.66,,0.2059,0.3506,,0.974,0.9,,0.974,-164.19,-0.1223,,0.236,,0.2077,0.0115,,0.0,0.0332,0.0,0.0172,4,5,3,9,-0.1163,0.6662,-0.1594,0.1974,0.2228,0.0254,43.53,0.1926,26.37,-0.2775,0.694
302,039030.KQ,EO Technics,KQ,INTL,Semiconductor Equipment & Materials,KRW,481500.0,2026-09-22,4.34,48.4,제외,17,11.5,11,10.8,0,2.5,7,,Commodity/Cyclical: Semiconductor Equipment & Materials,,,2026-12-31,0.3686,0.2827,0.325,0.3011,4689.0,,9759.622,13529.475,,1.0814,0.3863,0.6986,,57.43,estTTM,,38.5,49.34,35.59,,0.1409,0.3803,,0.997,0.551,,0.997,48.64,0.1484,,0.1673,0.686,,0.0082,-2.26,0.0218,0.0224,0.0294,0.0861,4,2,0,4,0.2204,0.0293,0.9576,0.3819,0.3863,-0.2819,594177.13,0.234,271630.58,-0.4359,0.537
303,CDE,"Coeur Mining, Inc.",United States,Basic Materials,Gold,USD,19.48,2026-09-23,20.03,48.4,제외,15,19,1,13.0,6,3.0,5,,Commodity/Cyclical: Gold,,,2026-12-31,1.3608,0.2689,0.7308,0.4176,0.8,1.06,1.225,2.0391,,0.5312,0.6645,0.5965,,18.38,adjTTM,16.37,10.72,15.91,9.56,,0.1347,0.4802,,0.161,0.18,,0.214,12.72,0.2788,0.4095,0.3646,1.36,0.0087,0.5518,-0.13,-0.0141,-0.3018,-0.0103,-0.0005,1,1,6,8,-0.0718,0.1927,0.0808,0.0038,0.6645,0.0962,25.83,0.3258,6.29,-0.6771,0.481
304,SUNC,SunocoCorp LLC,,Energy,Oil & Gas Midstream,USD,78.14,2026-09-23,4.03,48.0,제외,13,17,15,2.5,10,2.5,0,★★,Commodity/Cyclical: Oil & Gas Midstream,,,2026-12-31,0.8357,0.0357,0.3788,0.1705,5.0219,,10.3243,12.3383,,1.0558,0.1951,0.5674,,8.79,estTTM,12.96,6.63,7.57,6.33,,0.1393,0.2798,,0.34,0.117,,0.34,8.4,0.0493,0.0084,0.0524,,0.0009,1.664,7.7,0.7632,0.5006,1.4729,0.2726,5,1,0,3,0.0069,0.2082,0.6378,-0.1099,0.1951,0.2099,87.57,0.1207,34.23,-0.562,0.215
305,068270.KS,Celltrion,KS,INTL,Biotechnology,KRW,177400.0,2026-09-22,29.77,48.0,제외,10.0,7,9,7.5,0,5.5,9,,,,,2026-12-31,0.3264,0.1473,0.2336,0.1865,4438.095,6829.9524,6556.031,7633.765,,0.4772,0.1644,0.3115,,25.97,adjTTM,,24.16,27.06,23.24,,-0.0418,0.1053,,1.47,0.776,,1.47,24.65,0.0538,0.2852,0.112,0.348,0.0072,-0.0571,1.14,-0.0034,0.0989,-0.0003,0.057,4,13,0,22,-0.0799,0.1121,0.0218,0.23,0.1644,-0.0657,195513.03,0.1021,108266.31,-0.3897,0.262
306,ESTC,Elastic N.V.,United States,Technology,Software - Application,USD,90.31,2026-09-23,9.48,48.0,제외,9,8,9,6.5,2,6.5,7,,,,,2027-04-30,0.1529,0.147,0.15,0.1503,2.57,2.68,3.3594,3.9551,5.1571,0.3071,0.1773,0.2405,0.2613,33.7,adjTTM,25.8,25.1,26.88,22.83,17.51,0.2022,0.3224,0.4803,1.416,1.044,0.961,1.05,-381.81,-0.0645,0.2193,0.1937,0.929,0.1683,0.0343,-42.33,0.0356,0.0303,0.0205,0.0276,4,18,9,29,0.0499,0.5298,0.0394,0.2418,0.239,-0.0028,111.35,0.233,64.01,-0.2912,0.8
307,GBCI,"Glacier Bancorp, Inc.",United States,Finance,Banks - Regional,USD,44.43,2026-09-23,5.79,48.0,제외,10.5,13.5,4,1,8,3.0,8,,,,,2026-12-31,0.2494,0.0832,0.1634,0.1214,2.2402,2.626,3.1133,3.59,,0.3898,0.1531,0.2659,,16.92,adjTTM,18.21,12.84,14.27,12.38,,0.1565,0.2685,,0.839,0.483,,0.839,,,,0.3503,1.307,0.0081,0.0591,,-0.0027,-0.0163,-0.0042,-0.0164,3,1,3,6,-0.0618,-0.1013,-0.0762,0.0502,0.1531,0.1029,48.66,0.0952,32.2,-0.2752,0.346
308,AGYS,"Agilysys, Inc.",United States,Technology,Software - Application,USD,100.54,2026-09-23,2.84,47.8,제외,14.0,7.5,4,9.5,0,4.8,8,,,,,2027-03-31,0.1613,0.1693,0.1653,0.1654,1.79,1.94,2.4562,3.2012,,0.3722,0.3033,0.3373,,51.82,adjTTM,66.14,35.71,40.93,31.41,,0.2102,0.394,,1.177,1.059,,1.177,55.77,0.1479,0.1941,0.2435,1.875,0.069,0.0047,-1.51,0.0,0.0036,0.0,0.0043,3,3,4,8,-0.1165,0.1641,-0.0507,0.3562,0.3033,-0.0529,122.68,0.2202,69.66,-0.3071,0.717
309,6146.T,DISCO CORPORATION,T,INTL,Semiconductor Equipment & Materials,JPY,52420.0,2026-09-18,35.94,47.7,제외,12.5,10,11,11.2,0,5.0,7,,Commodity/Cyclical: Semiconductor Equipment & Materials,,,2027-03-31,0.5846,0.1886,0.3724,0.3485,1249.84,1346.12,1738.3019,2141.0952,,0.3908,0.2317,0.3089,,38.94,adjTTM,42.02,27.13,30.16,24.48,,0.2256,0.3713,,1.171,0.878,,1.171,25.24,0.4815,0.4166,0.225,0.725,,0.0006,-1.42,0.013,0.0502,0.0262,0.0822,4,5,2,21,-0.131,-0.3826,0.1104,0.2661,0.2317,-0.1661,61322.03,0.1698,26796.42,-0.4888,0.347
310,BBT,Beacon Financial Corporation,United States,Finance,Banks - Regional,USD,28.31,2026-09-23,2.37,47.7,제외,10.5,13,4,2,8,2.2,8,,,,,2026-12-31,0.602,0.0431,0.2927,0.1485,1.62,2.7,3.0414,3.3229,,0.8774,0.0925,0.4322,,10.49,adjTTM,9.19,8.72,9.31,8.52,,0.1123,0.1874,,0.942,0.202,,0.942,,,,0.2697,1.352,0.0079,1.3383,,-0.0005,-0.0198,-0.0004,-0.03,2,1,6,7,-0.1065,-0.0551,0.1902,-0.0466,0.0925,0.1392,29.95,0.058,19.91,-0.2966,0.196
311,BELFB,Bel Fuse Inc.,United States,,Electronic Components,USD,254.81,2026-09-23,3.68,47.5,제외,6,4,13,8.0,0,6.5,10,,,,,2026-12-31,0.2002,0.0825,0.1398,0.1103,7.1,8.43,9.8298,10.6782,,0.3845,0.0863,0.2264,,30.23,adjTTM,65.5,24.39,25.92,23.86,,0.1424,0.2105,,2.826,1.077,,2.826,23.11,0.1224,0.027,0.0986,1.367,0.0121,0.002,1.25,0.1378,0.1677,0.0543,0.0609,5,3,1,8,-0.0025,-0.117,0.7383,0.2329,0.0863,-0.1466,268.61,0.0542,140.07,-0.4503,0.12
312,RGEN,Repligen Corporation,United States,Health Care,Medical Instruments & Supplies,USD,183.27,2026-09-23,10.34,47.5,제외,13,2,8,8.0,0,6.5,10,,,,,2026-12-31,0.1201,0.1783,0.1489,0.1638,1.71,1.97,2.0643,2.6499,3.32,0.2072,0.2837,0.2449,0.2475,93.03,adjTTM,251.05,73.57,88.78,69.16,55.2,0.0457,0.2566,0.4066,2.594,3.005,2.972,2.743,72.31,0.0166,0.1857,0.1403,2.652,0.0424,0.0112,-0.45,0.0,0.0314,0.004,0.0409,4,15,4,21,0.0118,0.4503,0.4786,0.6248,0.2682,-0.3566,230.88,0.2598,126.49,-0.3098,0.839
313,GFI,Gold Fields Limited,South Africa,Basic Materials,Gold,USD,40.96,2026-09-23,36.49,47.4,제외,8.5,16,0,14.2,10,1.5,7,,Commodity/Cyclical: Gold,,,2026-12-31,0.358,0.041,0.189,0.1092,2.88,,4.3358,5.0919,,0.5055,0.1744,0.3297,,10.39,estTTM,8.34,8.38,9.45,8.04,,0.0911,0.226,,0.481,0.254,,0.481,10.83,0.3461,0.4535,0.2712,0.665,0.0029,0.002,0.23,-0.1343,-0.2091,-0.0515,-0.0987,1,1,2,6,-0.125,0.2447,0.0302,-0.056,0.1744,0.156,45.39,0.1082,19.18,-0.5317,0.203
314,SPOT,Spotify Technology S.A.,Luxembourg,Consumer Discretionary,Internet Content & Information,USD,503.43,2026-09-23,103.5,47.3,제외,8,5,3,14.5,2,4.8,10,,,,,2026-12-31,0.1368,0.1443,0.1406,0.1425,11.9745,15.6887,13.9898,17.5772,22.8415,0.1683,0.2564,0.2116,0.2402,32.09,adjTTM,27.58,30.32,35.99,28.64,22.04,-0.1214,0.1074,0.3131,1.182,1.433,1.262,1.091,35.98,3.5766,2.5692,0.1804,0.978,0.0151,0.017,-2.06,-0.0006,-0.0396,-0.003,-0.0285,2,11,12,27,-0.0584,0.1033,-0.301,0.3018,0.2778,-0.0241,649.24,0.2897,341.06,-0.3225,0.898
315,HOOD,"Robinhood Markets, Inc.",United States,Finance,Capital Markets,USD,124.98,2026-09-23,112.37,47.3,제외,13.5,4,10,5,0,5.8,9,,,,,2026-12-31,0.1644,0.2744,0.2181,0.2477,2.05,2.27,2.0978,2.8061,3.6597,0.0233,0.3376,0.17,0.2131,55.06,adjTTM,55.3,47.81,59.58,44.54,34.15,-0.0821,0.191,0.3797,1.416,2.813,2.244,1.49,,0.245,0.2755,0.0361,0.086,0.0712,0.0139,0.5,0.0126,0.1245,0.0388,0.0924,5,6,0,22,0.1534,0.2079,-0.0118,0.4589,0.3208,-0.1381,163.91,0.3115,82.42,-0.3405,0.915
316,TGB,Trekor Metals Limited,Canada,Basic Materials,Copper,USD,9.04,2026-09-23,3.31,47.2,제외,12,20,10.5,6.0,4,2.5,5,★★,Commodity/Cyclical: Copper,Y,,2026-12-31,0.8298,0.2435,0.5084,0.3426,0.0497,0.227,0.4062,0.7956,,7.1786,0.9585,3.0022,,39.82,adjTTM,452.01,13.1,22.26,11.36,,0.441,0.7146,,0.137,0.044,,0.262,14.38,0.0534,-0.033,0.2763,17.362,0.0245,0.0955,1.95,0.0066,0.0187,0.0079,0.1157,5,5,0,8,-0.0163,0.3513,1.4171,0.0555,0.9585,0.0445,12.32,0.3631,4.34,-0.5194,0.699
317,AU,AngloGold Ashanti PLC,South Africa,Basic Materials,Gold,USD,99.1,2026-09-23,50.12,47.1,제외,12,14.5,2,14.0,8,2.2,5,,Commodity/Cyclical: Gold,,,2026-12-31,0.2773,0.0874,0.1786,0.1303,5.37,7.72,8.6025,10.0367,,0.602,0.1667,0.3671,,12.84,adjTTM,13.28,10.27,11.52,9.87,,0.1026,0.2308,,0.616,0.28,,0.616,7.56,0.342,0.6694,0.3781,1.174,,0.1787,-0.1,-0.0026,-0.0832,0.0082,-0.0399,2,0,3,6,-0.1849,0.1866,0.4893,-0.0068,0.1667,0.1068,109.36,0.1035,51.97,-0.4756,0.218
318,7832.T,BANDAI NAMCO HOLDINGS INC,T,INTL,Leisure,JPY,5586.0,2026-09-18,22.65,47.0,제외,4,8,11,11.5,0,2.5,10,,,Y,,2027-03-31,0.0596,0.0615,0.0606,0.0606,95.05,,244.22,264.5152,,1.5694,0.0831,0.6682,,33.45,estTTM,25.71,21.99,22.87,21.12,,0.3163,0.3687,,2.646,0.329,,2.646,12.37,0.317,1.1306,0.0882,0.845,,-0.0103,-1.7,0.0485,0.1236,0.0489,0.1093,5,9,2,17,0.0058,0.5556,0.1546,0.2014,0.0831,-0.1183,5933.66,0.0622,3310.88,-0.4073,0.153
319,NFLX,"Netflix, Inc.",United States,Consumer Discretionary,Entertainment,USD,71.64,2026-09-23,298.3,47.0,제외,6,7.5,5,14.5,2,3.0,9,,,,,2026-12-31,0.1336,0.1126,0.123,0.1178,2.53,3.177,3.5836,3.8089,4.5548,0.4165,0.0629,0.227,0.2165,22.55,adjTTM,22.53,19.11,19.99,18.81,15.73,0.1135,0.1659,0.3025,3.041,0.842,0.883,1.501,20.91,0.3665,1.3673,0.2306,0.817,0.0101,-0.0111,0.15,-0.0002,-0.0024,-0.0019,-0.0047,3,3,4,45,-0.1011,-0.0175,-0.4128,0.16,0.1274,-0.0327,83.2,0.1613,50.01,-0.302,0.534
320,INTC,Intel Corporation,United States,Technology,Semiconductors,USD,120.75,2026-09-23,638.32,47.0,제외,11,8.5,11.5,2.5,0,6.5,7,,,Y,,2026-12-31,0.1934,0.1416,0.1672,0.1539,0.42,1.09,1.5203,2.0621,,2.6197,0.3564,1.2158,,110.78,adjTTM,,63.05,79.43,58.56,,0.283,0.4714,,1.769,0.519,,1.769,39.26,-0.0001,-0.032,0.0496,,0.042,0.0584,2.49,0.0049,0.3937,0.0108,0.3535,5,4,1,46,0.3383,-0.0888,3.1084,0.5633,0.3564,-0.2069,146.91,0.2166,54.0,-0.5528,0.392
321,CDNA,"CareDx, Inc.",United States,Health Care,Diagnostics & Research,USD,55.56,2026-09-23,2.87,46.6,제외,9,3,12,7.8,0,5.8,9,,,,,2026-12-31,0.3035,0.0584,0.1745,0.1128,0.58,1.11,1.2043,1.3286,,1.0764,0.1032,0.5135,,50.06,adjTTM,26.71,42.91,46.14,41.82,,0.0783,0.1645,,4.158,0.836,,4.158,206.55,-0.1251,0.6637,0.1834,0.757,0.0807,-0.0589,-9.71,0.0352,0.2894,0.0315,0.1716,5,4,1,7,0.143,1.2118,2.5684,0.42,0.1032,-0.3168,59.16,0.0646,37.48,-0.3255,0.199
322,AR,Antero Resources Corporation,United States,Energy,Oil & Gas E&P,USD,35.87,2026-09-23,11.03,46.6,제외,9,15,2,10.0,10,2.2,8,,Commodity/Cyclical: Oil & Gas E&P,,,2026-12-31,0.2901,-0.0064,0.1322,0.06,1.7216,2.4877,4.2783,4.2985,5.1644,1.4851,0.0047,0.5801,0.4422,14.42,adjTTM,10.28,8.35,8.38,8.34,6.94,0.4185,0.4213,0.5183,17.703,0.144,0.189,0.847,,0.0559,,0.2839,1.472,0.0098,-0.0034,1.48,-0.0064,-0.052,-0.0076,-0.0807,2,4,4,17,-0.0555,0.0378,0.0748,-0.0568,0.0987,0.1555,41.18,0.1483,15.38,-0.5713,0.26
323,SIMO,Silicon Motion Technology Corpo,Taiwan,Technology,Semiconductors,USD,274.25,2026-09-23,9.3,46.5,제외,12,17.5,13,6,0,4.8,5,★,Memory/Storage cycle,Y,,2026-12-31,1.1165,0.2964,0.6565,0.419,3.55,6.27,11.1354,15.8727,20.8016,2.1367,0.4254,1.1145,0.8028,43.74,adjTTM,30.44,18.8,24.63,17.28,13.18,0.4369,0.605,0.6986,0.442,0.169,0.234,0.513,38.72,0.1441,0.2173,-0.0917,-0.416,0.0252,-0.0013,-0.57,0.0,0.2778,0.0,0.6412,5,8,0,9,0.0585,-0.141,2.0349,0.1552,0.3668,-0.0552,365.93,0.3343,141.56,-0.4838,0.691
324,Q,"Qnity Electronics, Inc.",United States,Technology,Semiconductor Equipment & Materials,USD,124.64,2026-09-23,26.08,46.2,제외,10.5,6.5,12,10.5,0,6.5,7,,Commodity/Cyclical: Semiconductor Equipment & Materials,,,2026-12-31,0.1865,0.1163,0.1508,0.133,3.35,4.0407,4.5851,5.3781,6.0272,0.3687,0.173,0.267,0.2163,30.85,adjTTM,44.52,24.14,27.18,23.18,20.68,0.1187,0.2487,0.3296,1.396,0.904,1.116,1.648,19.64,0.0725,,0.1583,1.408,0.0071,,2.15,-0.0011,0.123,0.0035,0.129,5,8,0,8,-0.0321,-0.2261,0.3114,0.2298,0.1465,-0.1298,141.26,0.1333,69.99,-0.4385,0.304
325,FORM,"FormFactor, Inc.",United States,Technology,Semiconductor Equipment & Materials,USD,129.78,2026-09-23,10.14,46.2,제외,10.5,6.5,13,9.5,0,5.5,8,,Commodity/Cyclical: Semiconductor Equipment & Materials,,,2026-12-31,0.316,0.1331,0.2211,0.1734,1.3,2.17,3.0571,3.475,,1.3516,0.1367,0.635,,59.81,adjTTM,89.5,38.61,42.45,37.35,,0.2902,0.3755,,2.824,0.608,,2.824,51.02,0.0688,0.2494,0.1509,1.179,0.04,-0.0016,-1.37,0.0,0.2544,0.0,0.245,5,7,0,8,0.1301,-0.0965,2.4783,0.3829,0.1367,-0.2829,140.84,0.0852,50.27,-0.6127,0.139
326,ABNB,"Airbnb, Inc.",United States,Consumer Discretionary,Travel Services,USD,151.94,2026-09-23,90.98,46.2,제외,7,8,8.5,10.5,0,3.2,9,,,,,2026-12-31,0.1576,0.1161,0.1367,0.1262,4.03,4.4,5.3134,6.2449,7.3387,0.3185,0.1753,0.2448,0.2212,34.53,adjTTM,34.61,25.36,28.6,24.33,20.7,0.1719,0.2954,0.4004,1.446,1.036,1.147,1.447,31.09,,,0.3693,1.806,0.1297,-0.0341,-3.07,0.0044,0.0439,0.0104,0.0323,4,25,9,40,-0.1905,0.092,0.2277,0.2449,0.1752,-0.0697,178.56,0.1752,102.15,-0.3277,0.535
327,SBCF,Seacoast Banking Corporation of,United States,Finance,Banks - Regional,USD,32.62,2026-09-23,3.16,46.2,제외,8,11,7,1,6,4.2,9,,,,,2026-12-31,0.2976,0.0628,0.1743,0.1151,1.84,2.19,2.5333,2.772,,0.3768,0.0942,0.2274,,14.89,adjTTM,21.46,12.05,12.88,11.77,,0.1355,0.21,,1.279,0.53,,1.279,,,,0.2825,1.311,0.0256,0.0478,,0.0007,0.0046,0.0,0.0123,3,4,0,5,-0.0537,0.0335,0.0909,0.0336,0.0942,0.0606,34.55,0.0591,23.91,-0.267,0.221
328,NOW,"ServiceNow, Inc.",United States,Technology,Software - Application,USD,140.35,2026-09-23,145.11,46.0,제외,11.5,6,4,10.0,0,5.5,9,,,,,2026-12-31,0.2215,0.1876,0.2044,0.1955,3.51,3.754,4.0667,5.0055,6.1864,0.1586,0.2308,0.1942,0.2079,37.39,adjTTM,88.27,29.54,34.51,28.04,22.69,0.0769,0.25,0.3932,1.28,1.521,1.421,1.266,50.2,0.1854,0.2028,0.3103,2.737,0.1483,0.0067,-1.11,0.0,-0.0136,0.0,-0.0042,3,17,19,44,0.0929,0.4635,-0.2432,0.2934,0.2334,-0.0601,173.3,0.2347,93.32,-0.3351,0.7
329,TDW,Tidewater Inc.,United States,Consumer Discretionary,Oil & Gas Equipment & Services,USD,86.06,2026-09-23,4.28,45.8,제외,13.5,19.5,3,10.0,2,3.0,8,,Commodity/Cyclical: Oil & Gas Equipment & Services,,,2026-12-31,0.0729,0.1659,0.1184,0.1419,3.3578,1.6329,2.7863,6.0147,,-0.1702,1.1587,0.3384,,52.7,adjTTM,17.46,16.75,30.89,14.31,,0.414,0.7285,,0.145,0.495,,0.335,10.97,0.1518,,0.2014,1.098,0.0102,-0.0497,0.27,-0.1723,-0.2065,-0.0397,-0.0403,1,4,1,7,-0.0977,0.2942,0.5558,0.1223,1.1587,-0.0223,119.07,0.3836,26.69,-0.6898,0.556
330,2269.T,MEIJI HOLDINGS CO LTD,T,INTL,Packaged Foods,JPY,4356.0,2026-09-18,7.47,45.7,제외,7,12,10,3.5,2,3.2,8,,,,,2027-03-31,0.0413,0.0199,0.0306,0.0308,129.42,148.48,238.773,266.5048,,0.8449,0.1161,0.435,,29.34,adjTTM,33.67,17.28,18.24,16.34,,0.3782,0.4429,,1.487,0.397,,1.487,8.39,0.069,0.0415,-0.0402,-1.346,,-0.0073,0.35,0.0183,0.0312,0.0284,0.0486,4,6,0,10,0.0032,0.2164,0.4271,0.1311,0.1161,-0.0149,4733.0,0.0865,3003.55,-0.3105,0.279
331,TDG,Transdigm Group Incorporated,United States,Industrials,Aerospace & Defense,USD,1110.08,2026-09-23,61.36,45.5,제외,5,6,10,13.5,0,5.0,6,,,,,2026-09-30,0.1905,0.102,0.1454,0.1034,37.33,39.77,41.2032,48.3584,55.8653,0.1038,0.1737,0.1382,0.1438,27.91,adjTTM,33.71,23.02,26.94,22.96,19.87,0.0348,0.1776,0.2881,1.326,1.666,1.601,1.4,18.11,0.2211,0.3095,0.1926,1.008,0.0151,0.0069,5.39,0.0003,0.0291,-0.0026,0.0313,4,19,0,21,-0.0756,-0.1449,-0.146,0.2152,0.1644,-0.0508,1282.74,0.1555,783.11,-0.2945,0.528
332,ENTG,"Entegris, Inc.",United States,Industrials,Semiconductor Equipment & Materials,USD,151.93,2026-09-23,23.21,45.5,제외,11,8.5,12,10.5,0,5.8,5.5,,Commodity/Cyclical: Semiconductor Equipment & Materials,,,2026-12-31,0.117,0.1267,0.1218,0.1243,2.75,3.21,3.9215,5.0157,5.8108,0.426,0.279,0.3505,0.2832,47.33,adjTTM,76.34,32.2,38.74,30.29,26.15,0.1814,0.36,0.4476,1.154,0.919,1.137,1.482,28.75,0.1159,,0.1729,1.883,0.0218,0.0024,3.9,0.0007,0.077,0.0,0.0849,5,11,0,12,0.0575,-0.0961,0.5919,0.3215,0.2173,-0.2215,180.14,0.1857,83.14,-0.4528,0.41
333,GEV,GE Vernova Inc.,United States,Technology,Specialty Industrial Machinery,USD,944.23,2026-09-23,251.48,45.5,제외,8,0.5,8,14.0,0,5.0,10,,,,,2026-12-31,0.2158,0.1395,0.177,0.1574,17.69,34.94,30.781,24.8503,32.9927,0.74,-0.1927,0.1852,0.2309,27.02,adjTTM,27.07,35.69,30.68,38.0,28.62,-0.1351,-0.406,-0.059,,1.927,1.545,10.109,62.45,0.2726,,0.3007,1.305,,-0.0072,-2.71,-0.0002,0.0002,0.0043,0.02,3,3,2,26,-0.0128,-0.0873,0.4947,0.356,0.0353,-0.3207,1098.59,0.1635,530.14,-0.4385,0.373
334,ETN,"Eaton Corporation, PLC",Ireland,Technology,Specialty Industrial Machinery,USD,439.24,2026-09-23,170.6,45.5,제외,7,3.5,8.5,11.0,0,5.5,10,,,,,2026-12-31,0.1894,0.1203,0.1543,0.1368,12.07,12.36,13.5539,16.1336,18.8394,0.1229,0.1903,0.1561,0.16,35.54,adjTTM,44.73,28.46,32.41,27.23,23.32,0.0881,0.2339,0.3439,1.495,1.823,1.779,1.59,29.0,0.1557,0.3738,0.131,1.027,,-0.0205,1.51,0.0036,0.016,0.007,0.0262,4,18,1,23,0.047,0.0856,0.2042,0.2814,0.179,-0.1024,515.27,0.1731,310.04,-0.2942,0.588
335,2914.T,JAPAN TOBACCO INC,T,INTL,Tobacco,JPY,6886.0,2026-09-18,77.28,45.5,제외,4,6.5,9,9.2,2,4.8,10,,,,,2026-12-31,0.1179,0.0425,0.0796,0.0614,287.36,350.41,364.485,406.1099,,0.2684,0.1142,0.1888,,19.65,adjTTM,20.53,17.44,18.89,16.96,,0.0386,0.1372,,1.527,0.924,,1.527,10.98,0.1266,0.1583,0.1014,0.689,,-0.0001,0.58,0.0045,0.0601,0.0023,0.0555,4,5,0,13,0.0023,0.1595,0.5162,0.1338,0.1142,-0.0196,7377.65,0.0714,4546.83,-0.3397,0.21
336,SM,SM Energy Company,United States,Energy,Oil & Gas E&P,USD,34.48,2026-09-23,8.2,45.5,제외,9,8,7,3.8,10,6.5,8,,Commodity/Cyclical: Oil & Gas E&P,,,2026-12-31,1.4261,0.0002,0.5578,0.1899,5.42,5.9,7.3916,7.6901,7.0531,0.3638,0.0404,0.1911,0.0918,5.84,adjTTM,6.11,4.53,4.66,4.48,4.89,0.2018,0.2328,0.1635,1.122,0.237,0.494,,4.64,0.0905,-0.0293,0.1444,0.743,0.0101,-0.0046,0.71,0.0399,-0.043,0.0326,-0.0232,2,6,3,9,-0.0682,0.2646,0.3549,-0.1906,-0.0232,0.1674,32.74,-0.0504,18.31,-0.4689,-0.107
337,FCX,"Freeport-McMoRan, Inc.",United States,Basic Materials,Copper,USD,72.15,2026-09-23,103.61,45.4,제외,17,14,9.5,3.8,0,6.5,7,,Commodity/Cyclical: Copper,,,2026-12-31,0.1426,0.1944,0.1682,0.1817,1.77,2.28,3.0464,4.1424,4.495,0.7211,0.3598,0.5298,0.3643,31.64,adjTTM,35.37,18.76,23.68,17.42,16.05,0.2516,0.4496,0.4928,0.522,0.354,0.515,0.874,13.1,0.1176,0.0359,0.0681,0.598,0.0058,-0.0014,0.72,0.015,0.1139,0.0047,0.0635,5,9,6,17,-0.0588,0.1231,0.6077,0.1547,0.2147,-0.0547,82.55,0.1441,29.86,-0.5861,0.246
338,WWD,"Woodward, Inc.",United States,Energy,Aerospace & Defense,USD,325.91,2026-09-23,19.24,45.2,제외,8,2.5,8,10.2,0,6.5,10,,,,,2026-09-30,0.2151,0.0899,0.1508,0.0919,6.89,9.05,9.4594,10.7436,12.4961,0.3729,0.1358,0.2487,0.2195,36.01,adjTTM,36.33,30.41,34.45,30.34,26.08,0.0433,0.1576,0.2758,2.24,1.222,1.385,2.036,25.1,0.1412,0.603,0.0898,0.682,0.0083,-0.01,0.46,0.0002,0.0058,0.0012,-0.0017,3,5,3,12,-0.0511,-0.2387,0.3674,0.3028,0.1494,-0.1534,378.92,0.1627,232.23,-0.2874,0.566
339,KGC,Kinross Gold Corporation,Canada,Basic Materials,Gold,USD,27.69,2026-09-23,32.84,45.0,제외,7.5,9.5,1,15,6,4.8,8,,Commodity/Cyclical: Gold,,,2026-12-31,0.3022,0.0548,0.172,0.1098,1.84,2.53,2.6615,3.044,2.9971,0.4465,0.1437,0.2862,0.1766,10.94,adjTTM,10.53,9.42,10.4,9.1,9.24,0.0494,0.1688,0.1559,0.655,0.329,0.533,1.539,5.99,0.3217,,0.3638,0.97,0.0018,-0.008,-0.18,-0.0046,-0.14,-0.0061,-0.1139,1,1,5,16,-0.1558,0.1072,0.1342,-0.0281,0.0612,0.0893,28.34,0.0237,13.26,-0.5211,0.045
340,016360.KS,SamsungSecu,KS,INTL,Capital Markets,KRW,91100.0,2026-09-22,5.95,45.0,제외,6,7,10.5,5,4,2.5,10,,,,,2026-12-31,0.4822,-0.078,0.169,0.0345,11292.0,,18643.727,16538.46,,0.6511,-0.1129,0.2102,,5.47,estTTM,,5.32,4.89,5.51,,0.107,-0.0067,,,0.253,,,,,,-2.2306,-5.103,,0.0001,,-0.0059,0.0852,0.0156,0.0515,4,4,1,13,0.0473,-0.1602,0.2851,-0.1572,-0.1129,0.0443,88059.6,-0.0334,56553.77,-0.3792,-0.088
341,TTAN,"ServiceTitan, Inc.",United States,Technology,Software - Application,USD,61.73,2026-09-23,5.95,45.0,제외,11.5,8.0,8.5,4.5,0,6.5,6,,,,,2027-01-31,0.1887,0.1453,0.1668,0.1591,1.02,0.58,1.3571,1.6545,,0.3305,0.2191,0.2736,,106.43,adjTTM,,39.86,45.49,37.31,,0.5726,0.6494,,1.819,1.457,,1.819,-74.33,-0.084,,0.1071,,0.2059,1.1917,,0.035,0.0368,0.0081,0.0119,4,2,0,17,-0.3497,-0.0389,-0.4285,0.394,0.2191,-0.1749,70.6,0.1437,42.4,-0.3132,0.459
342,STLD,"Steel Dynamics, Inc.",United States,Industrials,Steel,USD,235.51,2026-09-23,33.76,44.9,제외,7,14.5,10,3.8,6,4.2,8,★★,Commodity/Cyclical: Steel,,,2026-12-31,0.3124,0.0027,0.1471,0.0711,7.99,11.03,17.1154,19.5658,,1.1421,0.1432,0.5649,,21.35,adjTTM,21.35,12.46,13.76,12.04,,0.3556,0.4363,,0.87,0.221,,0.87,13.95,0.1068,-0.5614,0.0465,0.595,0.0034,-0.0495,1.25,0.021,0.0829,0.0288,0.1116,5,0,1,13,0.029,-0.0322,0.7422,0.0423,0.1432,0.0577,256.51,0.0892,105.46,-0.5522,0.161
343,WAY,Waystar Holding Corp.,United States,Technology,Health Information Services,USD,25.0,2026-09-23,4.79,44.7,제외,4,11.5,7,5.5,8,4.2,4.5,,,,,2026-12-31,0.1699,0.1068,0.1379,0.1221,1.42,1.58,1.6698,1.878,2.3698,0.1759,0.1247,0.15,0.1862,15.82,adjTTM,35.71,13.72,14.97,13.31,10.55,0.0538,0.1587,0.3333,1.101,0.915,0.737,0.717,14.29,0.0343,0.0683,0.2042,1.827,0.0407,0.2326,3.25,0.0,0.017,0.0,0.0174,3,12,8,23,-0.0008,0.3574,-0.3384,0.0678,0.1913,0.1235,30.69,0.2278,17.39,-0.3043,0.748
344,FTNT,"Fortinet, Inc.",United States,Technology,Software - Infrastructure,USD,177.35,2026-09-23,130.12,44.5,제외,6,0,8,14.0,0,6.5,10,,,,,2026-12-31,0.1941,0.1135,0.1531,0.1326,2.76,3.27,3.4501,3.7778,4.1865,0.25,0.095,0.1699,0.149,54.24,adjTTM,62.89,48.08,51.4,46.95,42.36,0.0522,0.1344,0.2189,5.062,2.829,3.227,4.734,47.9,,1.2141,0.4141,1.47,0.0393,-0.0095,-0.92,0.0032,0.0944,0.0048,0.1027,5,2,0,42,0.1558,0.1989,1.0808,0.4609,0.1016,-0.3593,195.94,0.1048,118.23,-0.3334,0.314
345,6305.T,HITACHI CONSTRUCTION MACHINERY,T,INTL,Farm & Heavy Construction Machinery,JPY,5663.0,2026-09-18,7.46,44.5,제외,5,12,10,4.5,6,5.8,8,,Commodity/Cyclical: Farm & Heavy Construction Machinery,,,2027-03-31,0.0415,0.0386,0.04,0.0401,344.06,422.81,422.0036,493.5667,,0.2265,0.1696,0.1977,,13.39,adjTTM,16.45,12.4,13.42,11.47,,-0.0019,0.1434,,0.732,0.627,,0.732,6.96,0.0655,-0.318,0.082,1.574,,0.0002,1.83,0.0,0.0621,0.0048,0.0392,4,6,0,9,0.0048,0.0472,0.216,0.0412,0.1696,0.0588,6373.0,0.1254,3111.14,-0.4506,0.278
346,PDFS,"PDF Solutions, Inc.",United States,Technology,Software - Application,USD,48.2,2026-09-23,2.04,44.5,제외,14.5,6,10,0.5,2,5.5,6,,,,,2026-12-31,0.2053,0.2077,0.2065,0.2071,0.94,1.52,1.2943,1.6486,,0.3769,0.2737,0.3243,,31.71,adjTTM,192.8,31.05,37.24,29.24,,-0.1744,0.078,,1.134,0.957,,1.134,57.68,0.0211,0.0235,-0.0083,-0.194,0.1058,0.0069,0.86,0.0127,0.048,0.0278,0.0636,4,2,2,7,0.0556,-0.204,0.8563,0.3096,0.2737,-0.0359,56.29,0.1678,33.01,-0.3152,0.532
347,EQX,Equinox Gold Corp.,Canada,Basic Materials,Gold,USD,12.13,2026-09-23,14.16,44.3,제외,15,18,2,4.5,8,4.0,6,,Commodity/Cyclical: Gold,,,2026-12-31,1.243,0.3218,0.7219,0.4529,0.67,0.91,1.0986,1.5215,1.8002,0.6397,0.3849,0.5069,0.3902,13.33,adjTTM,17.84,8.62,11.04,7.97,6.74,0.1717,0.4019,0.4945,0.224,0.17,0.221,0.308,9.03,0.0644,0.0899,0.0703,0.22,,0.331,0.72,-0.008,-0.191,0.0051,-0.0443,1,0,2,9,-0.1044,0.2427,0.1319,-0.0493,0.2801,0.1493,14.87,0.2259,5.4,-0.5548,0.407
348,9983.T,FAST RETAILING CO LTD,T,INTL,Apparel Retail,JPY,67680.0,2026-09-18,131.28,44.0,제외,4,0.5,10,13.0,0,6.5,10,,,,,2026-08-31,0.1657,0.1158,0.1405,0.1158,1411.44,1694.7,1669.6226,1890.9321,,0.1829,0.1326,0.1575,,39.94,adjTTM,43.48,35.79,40.54,35.79,,-0.015,0.1038,,2.7,2.273,,2.7,25.23,0.4114,0.6836,0.1182,0.928,,0.0,-1.45,-0.0029,0.0304,0.0012,0.0469,4,6,2,17,-0.1088,-0.1819,0.4269,0.357,0.1326,-0.2244,72165.51,0.0663,44356.87,-0.3446,0.192
349,GS,"Goldman Sachs Group, Inc. (The)",United States,Finance,Capital Markets,USD,939.49,2026-09-23,273.55,44.0,제외,6,6.5,11,4,2,5.5,9,,,,,2026-12-31,0.2349,0.0193,0.1219,0.0692,51.32,64.79,70.1485,73.9404,72.9006,0.3669,0.0541,0.2003,0.1241,14.5,adjTTM,14.51,12.89,13.39,12.71,12.89,0.0764,0.1238,0.1113,2.384,0.643,1.038,6.633,,,,-0.6271,-2.071,0.0523,-0.048,,-0.0087,0.175,-0.0031,0.1237,5,21,0,22,-0.0935,-0.1392,0.1856,0.0511,0.0194,-0.0317,942.98,0.0037,638.05,-0.3209,0.012
350,SLAB,"Silicon Laboratories, Inc.",United States,Technology,Semiconductors,USD,221.46,2026-09-23,7.39,44.0,제외,12.5,10,7,0.5,2,5.0,7,,,Y,,2026-12-31,0.1815,0.1646,0.173,0.1687,0.92,2.12,2.8772,4.3612,,2.1274,0.5158,1.1773,,104.46,adjTTM,,55.94,76.97,50.78,,0.2632,0.5139,,1.085,0.475,,1.119,-702.46,-0.0607,,-0.0063,,0.1021,0.0165,-198.42,-0.0186,0.0417,-0.0008,0.0512,4,2,2,7,0.0159,0.0125,0.6588,0.5173,0.5158,-0.0173,288.43,0.3024,147.41,-0.3344,0.904
351,8058.T,MITSUBISHI CORP,T,INTL,Conglomerates,JPY,4947.0,2026-09-18,114.5,43.8,제외,4,7,14,4.0,0,5.8,9,,,,,2027-03-31,0.1898,-0.0303,0.0741,0.0741,210.92,240.86,327.9032,317.4148,,0.5546,-0.032,0.2267,,20.54,adjTTM,23.59,15.32,15.09,15.59,,0.2655,0.2412,,,0.676,,,30.28,0.0251,-1.3536,0.0601,1.421,,-0.0536,2.43,0.013,0.3471,0.0239,0.1357,5,3,0,8,0.0534,0.0896,0.447,0.0977,-0.032,-0.1296,4863.78,-0.0168,3310.72,-0.3308,-0.051
352,6758.T,SONY GROUP CORPORATION,T,INTL,Consumer Electronics,JPY,3697.0,2026-09-18,136.6,43.8,제외,4,7,8.5,9.5,0,4.8,10,,,Y,,2027-03-31,0.0318,-0.0059,0.0128,0.0133,77.36,195.27,218.164,230.8348,,1.8201,0.0581,0.7274,,18.93,adjTTM,19.84,16.48,16.95,16.02,,0.1049,0.1541,,2.838,0.227,,2.838,10.49,0.134,,0.1253,,,-0.0102,-0.21,0.0211,0.0521,0.0168,0.0463,4,6,0,22,-0.0212,0.1774,-0.1603,0.1179,0.0581,-0.0598,3858.44,0.0437,2420.63,-0.3452,0.126
353,9697.T,CAPCOM CO LTD,T,INTL,Electronic Gaming & Multimedia,JPY,4387.0,2026-09-18,11.6,43.8,제외,7,3.5,7.5,10,0,5.8,10,,,,,2027-03-31,0.2062,0.1014,0.1527,0.1508,130.5,159.0,153.2756,176.9519,,0.1745,0.1545,0.1645,,27.59,adjTTM,33.67,26.64,28.62,24.79,,-0.0373,0.1015,,1.724,1.62,,1.724,17.26,0.5671,0.3148,0.0874,0.313,0.0005,0.0004,-1.8,0.0184,0.0349,0.0207,0.059,4,2,1,17,0.047,0.5612,0.0713,0.2604,0.1545,-0.1059,4889.11,0.1145,2583.14,-0.4112,0.278
354,6954.T,FANUC CORPORATION,T,INTL,Specialty Industrial Machinery,JPY,5852.0,2026-09-18,34.37,43.7,제외,2,3,11.5,12.0,0,5.2,10,,,,,2027-03-31,0.1302,0.0685,0.0989,0.0985,178.47,192.08,220.8742,238.1496,,0.2376,0.0782,0.1552,,30.47,adjTTM,32.79,25.53,26.49,24.57,,0.1304,0.1934,,3.264,1.646,,3.264,19.41,0.121,,0.2678,1.379,,-0.0052,-3.26,0.0046,0.0367,0.0193,0.0444,4,10,2,19,-0.0432,-0.2169,0.4,0.2471,0.0782,-0.1689,6195.05,0.0586,3919.88,-0.3302,0.178
355,6869.T,SYSMEX CORP,T,INTL,Medical Devices,JPY,1859.5,2026-09-18,7.08,43.6,제외,6,7,8,2.8,4,5.8,10,,,,,2027-03-31,0.0912,0.0535,0.0722,0.0722,56.89,63.76,66.1746,82.5625,,0.1632,0.2476,0.2047,,29.16,adjTTM,32.68,25.1,28.1,22.52,,0.0365,0.2277,,1.014,1.226,,1.014,9.84,0.0983,-0.1554,0.0458,0.645,,-0.0007,-0.14,-0.0167,-0.0074,0.0069,0.0234,3,7,2,14,-0.0308,0.3633,-0.0027,0.2418,0.2476,0.0058,2196.26,0.1811,1199.07,-0.3552,0.51
356,ACMR,"ACM Research, Inc.",United States,Technology,Semiconductor Equipment & Materials,USD,80.5,2026-09-23,5.61,43.5,제외,15.5,12,15,2,0,5.0,5,,Commodity/Cyclical: Semiconductor Equipment & Materials,,,2026-12-31,0.2996,0.2929,0.2963,0.2944,1.61,1.56,2.1538,2.8927,,0.3377,0.3431,0.3404,,51.6,adjTTM,36.43,29.9,37.38,27.83,,0.2757,0.4607,,0.871,0.878,,0.871,29.66,0.1034,0.0374,-0.1154,-0.797,0.0252,0.0162,-3.25,0.2845,0.2845,0.2838,0.2838,5,3,0,4,0.0074,-0.1929,1.0518,0.2973,0.3431,-0.1973,97.31,0.2088,43.89,-0.4548,0.459
357,WT,"WisdomTree, Inc.",United States,Finance,Asset Management,USD,23.89,2026-09-23,3.62,43.5,제외,7.5,7.5,9,5,0,6.5,8,,,,,2026-12-31,0.4198,0.1034,0.2516,0.1691,0.86,1.1,1.205,1.3271,1.446,0.4012,0.1014,0.2423,0.1891,21.72,adjTTM,43.44,18.46,19.83,18.0,16.52,0.0871,0.1711,0.2393,1.821,0.762,0.976,1.934,17.11,0.1718,0.1439,0.3155,2.4,0.0427,-0.0875,3.0,0.0183,0.0314,0.0231,0.0157,4,4,0,7,0.0117,0.2994,0.6333,0.15,0.0954,-0.0546,26.1,0.0925,16.84,-0.295,0.314
358,ZETA,Zeta Global Holdings Corp.,United States,Technology,Software - Infrastructure,USD,30.16,2026-09-23,7.52,43.5,제외,7.5,5,9,4.5,4,6.5,7,,,,,2026-12-31,0.3947,0.1602,0.2721,0.2096,0.8899,1.0663,0.9605,1.2088,,0.0794,0.2584,0.1655,,28.28,adjTTM,,26.42,31.4,24.95,,-0.1102,0.1178,,1.022,1.597,,1.022,64.46,0.0461,0.4102,0.1286,,0.1238,0.3164,-1.97,0.0319,0.0126,0.0495,0.017,3,8,2,13,0.0368,0.5448,0.3986,0.2578,0.2584,0.0006,34.95,0.1587,19.84,-0.3422,0.464
359,FCFS,"FirstCash Holdings, Inc.",United States,Consumer Discretionary,Credit Services,USD,217.98,2026-09-23,9.45,43.5,제외,6,9,7,5,4,5.5,7,,,,,2026-12-31,0.1973,0.0834,0.1389,0.1104,8.76,10.09,11.3025,12.9325,,0.2902,0.1442,0.215,,21.6,adjTTM,24.8,17.45,19.29,16.86,,0.1073,0.2198,,1.21,0.812,,1.21,15.37,0.0959,0.1416,0.1505,1.667,0.0058,-0.0142,2.44,-0.0017,0.0352,-0.0152,0.0334,4,1,0,4,-0.0356,-0.026,0.4727,0.1339,0.1442,0.0103,237.56,0.0898,158.76,-0.2717,0.331
360,AUGO,Aura Minerals Inc.,United States,Basic Materials,Gold,USD,86.59,2026-09-23,7.26,43.5,제외,15,20,0,12.0,6,1.5,3,,Commodity/Cyclical: Gold,,,2026-12-31,0.6992,0.2087,0.4331,0.2968,2.6285,3.4111,6.0158,8.1263,,1.2887,0.3508,0.7583,,25.38,adjTTM,24.25,11.46,14.39,10.66,,0.433,0.5802,,0.327,0.151,,0.327,10.18,0.8089,,0.1911,,0.0022,0.0837,0.98,0.1636,-0.4256,-0.1625,-0.4029,1,0,1,3,-0.0142,0.4116,1.5173,0.0208,0.3508,0.0792,105.06,0.2133,43.71,-0.4952,0.431
361,BLK,"BlackRock, Inc.",United States,Finance,Asset Management,USD,1067.09,2026-09-23,173.38,43.5,제외,6,8,9,2,4,6.5,8,,,,,2026-12-31,0.2093,0.1178,0.1626,0.1393,48.09,51.15,56.2859,64.3102,74.7953,0.1704,0.1426,0.1564,0.1586,20.86,adjTTM,25.58,17.17,18.96,16.59,14.27,0.0912,0.2046,0.3161,1.205,1.098,1.083,1.124,15.59,0.1108,0.0558,0.1288,0.535,0.0535,0.0613,0.07,0.0009,0.0566,0.0025,0.06,4,4,0,17,-0.0731,0.0558,-0.0375,0.1294,0.1528,0.0234,1235.7,0.158,755.47,-0.292,0.541
362,CENX,Century Aluminum Company,United States,Industrials,Aluminum,USD,39.02,2026-09-23,3.86,43.4,제외,10.5,19,1,6.5,10,2.2,6,,Commodity/Cyclical: Aluminum,Y,,2026-12-31,0.3297,0.2218,0.2746,0.2454,2.46,5.9,9.8815,11.676,,3.0169,0.1816,1.1786,,6.61,adjTTM,6.74,3.49,3.95,3.34,,0.4029,0.4947,,0.192,0.03,,0.192,8.7,0.0945,0.1693,0.0567,0.428,0.0203,-0.0315,0.59,-0.005,-0.0914,-0.0331,-0.1471,1,0,1,3,-0.1122,-0.1762,0.4521,-0.2419,0.1816,0.3419,43.41,0.1126,17.46,-0.5525,0.204
363,ESI,Element Solutions Inc.,United States,Industrials,Specialty Chemicals,USD,35.65,2026-09-23,8.69,43.3,제외,8.5,9,10.5,5.8,2,6.5,8,,Commodity/Cyclical: Specialty Chemicals,,,2026-12-31,0.4595,0.0819,0.2566,0.1586,1.49,1.66,1.8102,2.1087,,0.2149,0.1649,0.1896,,21.48,adjTTM,48.18,17.58,19.69,16.91,,0.083,0.2128,,1.066,0.927,,1.066,18.65,0.0649,,0.0437,0.771,0.0217,-0.0008,1.99,-0.0,0.0228,0.013,0.0268,4,7,0,11,0.0115,-0.2212,0.3928,0.136,0.1649,-0.036,39.3,0.1024,20.88,-0.4143,0.247
364,IAG,Iamgold Corporation,Canada,Basic Materials,Gold,USD,19.97,2026-09-23,11.4,43.3,제외,10.5,7,3,12.0,6,5.8,6,,Commodity/Cyclical: Gold,,,2026-12-31,0.3578,0.1113,0.2284,0.1643,1.23,2.09,2.1178,2.3867,2.2261,0.7218,0.127,0.393,0.2187,9.56,adjTTM,9.69,8.63,9.43,8.37,8.97,0.0131,0.1243,0.0611,0.68,0.22,0.395,3.418,5.86,0.1907,0.4704,0.4353,1.386,0.0022,0.0656,0.16,-0.0069,-0.1261,0.0039,-0.0144,2,5,4,12,-0.0549,0.2349,0.6636,-0.0491,0.0253,0.0743,19.59,-0.0191,8.71,-0.5639,-0.034
365,SEI,"Solaris Energy Infrastructure, ",United States,Consumer Discretionary,Oil & Gas Equipment & Services,USD,67.79,2026-09-23,6.82,43.3,제외,20,15.5,11,2.5,0,5.5,3,,Commodity/Cyclical: Oil & Gas Equipment & Services,,,2026-12-31,0.6361,0.6755,0.6557,0.6682,1.25,1.5,1.1527,3.1741,5.2632,-0.0778,1.7535,0.5935,0.6148,45.19,adjTTM,85.81,25.82,58.81,21.36,12.88,-0.3012,0.5274,0.715,0.147,0.435,0.42,0.516,23.23,0.0889,0.0562,-0.9549,-13.727,0.0389,0.6939,2.94,0.1395,-0.1048,0.5069,0.2493,5,1,5,5,0.2688,-0.1327,0.7444,0.2506,1.1368,-0.1506,121.25,0.7886,25.25,-0.6275,1.257
366,MNST,Monster Beverage Corporation,United States,Consumer Staples,Beverages - Non-Alcoholic,USD,43.67,2026-09-23,85.55,43.2,제외,4,1.5,9,14.5,0,5.2,9,,,,,2026-12-31,0.1729,0.0955,0.1335,0.1141,0.97,1.08,1.151,1.309,1.5688,0.1866,0.1373,0.1617,0.1738,40.44,adjTTM,40.44,34.49,37.94,33.36,27.84,0.0617,0.175,0.3116,2.511,2.133,1.984,2.059,28.43,0.361,0.6966,0.2258,0.978,0.0147,-0.0283,-0.97,0.0028,0.0146,0.0006,0.0229,4,8,3,13,-0.086,-0.0676,0.3548,0.3445,0.1675,-0.177,51.68,0.1834,31.02,-0.2896,0.633
367,240810.KQ,WONIK IPS,KQ,INTL,Semiconductor Equipment & Materials,KRW,133700.0,2026-09-22,4.76,43.2,제외,11,6,12,7.5,0,6.5,7,,Commodity/Cyclical: Semiconductor Equipment & Materials,Y,,2026-12-31,0.3647,0.262,0.3123,0.284,1727.0,3556.0,4529.2114,4813.5547,,1.6226,0.0628,0.6695,,37.6,adjTTM,,28.23,29.52,27.78,,0.2149,0.2613,,4.496,0.422,,4.496,53.99,0.0821,,0.0303,0.162,,-0.001,-1.21,0.0,0.2699,0.0057,0.0621,5,7,3,13,0.2246,-0.1319,1.8565,0.2788,0.0628,-0.216,138985.35,0.0395,63741.0,-0.5233,0.076
368,ISRG,"Intuitive Surgical, Inc.",United States,Health Care,Medical Instruments & Supplies,USD,396.74,2026-09-23,142.14,43.0,제외,4,1.5,9,12.0,0,6.5,10,,,,,2026-12-31,0.1681,0.1279,0.1479,0.1376,8.93,10.23,10.7795,12.0916,,0.2071,0.1217,0.1636,,38.78,adjTTM,45.45,33.81,36.81,32.81,,0.051,0.154,,2.777,2.066,,2.777,32.76,0.2088,0.2673,0.2921,1.027,0.0749,0.0019,-1.4,-0.0013,0.0346,0.0017,0.0259,4,24,1,27,0.0475,-0.0158,-0.1138,0.3378,0.1217,-0.216,426.9,0.076,279.81,-0.2947,0.258
369,CAT,"Caterpillar, Inc.",United States,Industrials,Farm & Heavy Construction Machinery,USD,812.03,2026-09-23,373.27,42.9,제외,8.5,8,12,6.5,0,6.5,8,,Commodity/Cyclical: Farm & Heavy Construction Machinery,,,2026-12-31,0.1711,0.1124,0.1414,0.1266,19.06,23.82,27.1866,32.3773,38.845,0.4264,0.1909,0.3033,0.2679,34.09,adjTTM,35.02,26.22,29.87,25.08,20.9,0.1238,0.2643,0.3868,1.373,0.864,0.979,1.342,25.27,0.1604,-0.3235,0.1204,0.829,,-0.0349,1.98,-0.0043,0.1022,0.0067,0.0738,5,26,0,27,-0.0211,-0.1751,0.7351,0.2554,0.1953,-0.1554,972.53,0.1977,431.19,-0.469,0.421
370,CGAU,Centerra Gold Inc.,Canada,Basic Materials,Gold,USD,22.71,2026-09-23,4.44,42.9,제외,8.5,13,3,9.5,6,5.5,6,,Commodity/Cyclical: Gold,,,2026-12-31,0.3155,0.0682,0.1854,0.1227,1.11,1.57,1.6218,1.901,,0.4611,0.1721,0.3087,,14.46,adjTTM,7.26,12.44,14.0,11.95,,0.032,0.1741,,0.723,0.403,,0.723,4.87,0.1943,0.4766,0.0542,0.147,0.0085,-0.0494,-0.52,-0.0078,-0.1373,-0.0155,-0.0756,1,6,4,10,-0.0434,0.4216,1.3326,0.042,0.1721,0.058,25.14,0.1068,10.48,-0.5383,0.198
371,MIR,"Mirion Technologies, Inc.",United States,Industrials,Specialty Industrial Machinery,USD,16.32,2026-09-23,4.06,42.8,제외,8,8,9.5,7.0,0,5.8,4.5,,,,,2026-12-31,0.2319,0.0731,0.1498,0.1099,0.46,0.49,0.5461,0.6745,0.7767,0.1871,0.2352,0.2109,0.1908,33.3,adjTTM,181.28,25.51,29.88,24.19,21.01,0.1027,0.2735,0.3691,1.084,1.209,1.337,1.324,21.96,0.0194,0.1025,0.1305,5.457,0.0192,0.274,3.78,0.0112,0.0145,0.022,0.0317,4,4,3,8,0.1009,-0.1313,-0.3368,0.2468,0.1926,-0.0541,19.1,0.1709,11.67,-0.2846,0.6
372,DHT,"DHT Holdings, Inc.",Jersey,Consumer Discretionary,Oil & Gas Midstream,USD,21.28,2026-09-23,3.43,42.7,제외,7.5,7,15,4.5,0,6.5,8,★★,Commodity/Cyclical: Oil & Gas Midstream,Y,,2026-12-31,1.3229,-0.3344,0.2434,-0.1056,0.9854,2.5547,3.9252,2.1455,,2.9833,-0.4534,0.4756,,8.33,adjTTM,7.24,8.1,5.42,9.92,,0.3491,-0.1907,,,0.17,,,6.4,0.0951,-0.1719,0.0494,0.075,0.0054,-0.0041,0.59,0.0768,0.3303,0.1409,0.2357,5,5,0,6,0.0724,0.1359,0.889,-0.0641,-0.4534,-0.3892,17.37,-0.1837,9.66,-0.5463,-0.336
373,PAAS,Pan American Silver Corp.,Canada,Basic Materials,Gold,USD,48.25,2026-09-23,20.01,42.6,제외,9.5,14,1,12.0,6,3.5,6,,Commodity/Cyclical: Gold,,,2026-12-31,0.252,0.0452,0.1439,0.0925,2.54,3.4077,3.6338,4.6246,4.8744,0.4306,0.2727,0.3493,0.2427,14.16,adjTTM,14.28,11.08,13.28,10.43,9.9,0.0622,0.2631,0.3009,0.406,0.317,0.456,0.7,9.58,0.161,0.5952,0.3015,0.941,0.0004,0.05,-0.19,-0.0152,-0.1871,-0.0178,-0.0891,1,2,6,10,-0.0882,0.0469,0.2887,0.0121,0.1582,0.0879,53.24,0.1035,18.47,-0.6172,0.168
374,006800.KS,MIRAE ASSET SEC,KS,INTL,Capital Markets,KRW,32250.0,2026-09-22,13.73,42.5,제외,7,7,11,6,0,1.5,10,,,,,2026-12-31,1.8622,-0.3151,0.4002,-0.0645,2680.0,,6255.116,3644.571,,1.334,-0.4173,0.1662,,6.1,estTTM,,7.41,5.16,8.85,,0.155,-0.4502,,,0.446,,,,,,,-4.041,,,,0.1449,0.1939,-0.0411,-0.0377,4,5,2,11,-0.0547,-0.2206,0.5603,-0.0847,-0.4173,-0.3327,27003.73,-0.1627,19842.99,-0.3847,-0.423
375,PLXS,Plexus Corp.,United States,Technology,Electronic Components,USD,261.39,2026-09-23,6.97,42.5,제외,7,3.5,11,4.5,0,6.5,10,,,,,2026-09-30,0.2142,0.1496,0.1815,0.1506,7.43,8.29,8.69,10.12,,0.1696,0.1646,0.1671,,31.53,adjTTM,38.61,25.9,30.08,25.83,,0.046,0.1808,,1.574,1.55,,1.574,22.9,0.148,,0.0135,0.334,0.0097,-0.0105,-0.46,0.0,0.0521,0.0052,0.0684,4,5,0,5,0.088,-0.0947,0.7976,0.2516,0.1646,-0.087,283.25,0.0836,193.74,-0.2588,0.323
376,ARES,Ares Management Corporation,United States,Finance,Asset Management,USD,122.55,2026-09-23,40.66,42.5,제외,11.5,12,3,1,6,3.0,6,,,,,2026-12-31,0.1627,0.1715,0.1671,0.1694,4.76,5.17,5.8364,7.1933,8.3611,0.2261,0.2325,0.2293,0.2066,23.7,adjTTM,56.22,17.96,21.0,17.04,14.66,0.1142,0.2813,0.3817,0.772,0.783,0.869,0.912,33.22,0.0391,0.0183,0.1396,46.642,0.1237,0.0975,5.57,-0.0023,-0.0176,0.001,-0.0174,3,3,7,15,-0.1231,0.0255,-0.2954,0.142,0.1969,0.0549,144.44,0.1786,88.65,-0.2767,0.646
377,AMZN,"Amazon.com, Inc.",United States,Consumer Discretionary,Internet Retail,USD,249.22,2026-09-23,2688.16,42.3,제외,6,3,12,7.5,0,5.8,8,,,,,2026-12-31,0.1553,0.1443,0.1498,0.147,7.17,12.43,12.8779,10.4849,13.6443,0.7961,-0.1858,0.2093,0.2392,20.05,adjTTM,20.07,22.38,19.35,23.77,18.27,0.0348,-0.1855,0.089,,1.07,0.936,7.633,17.04,0.1699,0.1821,-0.0034,-0.032,0.0276,0.0099,0.18,0.0051,0.4844,0.0003,0.0531,5,8,1,52,-0.0356,0.0654,0.1301,0.2067,0.0293,-0.1774,286.23,0.1485,162.13,-0.3494,0.425
378,XMTR,"Xometry, Inc.",United States,Consumer Discretionary,Industrial Distribution,USD,103.06,2026-09-23,5.91,42.3,제외,15.5,7.5,5,2.5,0,4.8,7,,,,,2026-12-31,0.3367,0.2173,0.2756,0.2433,0.38,0.55,0.7045,1.2833,2.7467,0.8539,0.8217,0.8377,0.9335,187.37,adjTTM,,91.5,146.29,80.3,37.52,0.2193,0.5714,0.7998,1.114,1.092,0.98,1.83,-559.5,-0.0881,0.5752,-0.0173,,0.0505,0.0352,,0.0073,-0.0073,-0.0051,0.0272,3,1,4,11,0.2308,0.1211,0.8978,0.7159,0.9746,-0.2159,215.0,1.0863,67.61,-0.3439,3.158
379,FSLY,"Fastly, Inc.",United States,Technology,Software - Application,USD,28.55,2026-09-23,4.55,42.0,제외,9,5,12,3.5,0,6.5,6,,,Y,,2026-12-31,0.1868,0.1413,0.1639,0.1522,0.13,0.47,0.5253,0.628,,3.0405,0.1956,1.1979,,60.76,adjTTM,,47.58,54.36,45.47,,0.1052,0.2516,,2.433,0.397,,2.433,-109.46,-0.0904,,0.0501,,0.1973,0.0637,,0.0,0.6169,0.0756,0.5917,5,10,0,12,0.1457,0.7158,2.3394,0.4571,0.1956,-0.2615,32.01,0.121,18.72,-0.3444,0.351
380,272210.KS,HANWHA SYSTEMS,KS,INTL,Aerospace & Defense,KRW,73900.0,2026-09-22,10.11,42.0,제외,14,10.5,4,0,8,1.5,4,,,,,2026-12-31,0.2292,0.1171,0.1718,0.1432,1244.2163,,1029.25,2312.111,,-0.1728,1.2464,0.3632,,67.95,estTTM,,37.62,71.8,31.96,,-0.0566,0.5296,,0.302,1.036,,0.752,40.39,0.0206,-0.0005,-0.0456,-1.073,0.0021,0.0015,5.85,-0.0106,-0.1018,0.0025,0.007,2,1,3,9,0.1041,-0.0549,0.3257,0.374,1.2464,0.126,102840.66,0.3916,33073.76,-0.5525,0.709
381,5108.T,BRIDGESTONE CORP,T,INTL,Auto Parts,JPY,3730.0,2026-09-18,29.11,41.8,제외,2,11,9,4.5,6,6.5,8,,Commodity/Cyclical: Auto Parts,,,2026-12-31,0.0672,0.0334,0.0502,0.0422,246.0,324.19,289.934,325.7562,,0.1786,0.1236,0.1507,,11.51,adjTTM,18.9,11.8,12.86,11.45,,-0.1182,0.0048,,0.955,0.783,,0.955,5.02,0.0915,-0.2877,0.0843,1.141,,-0.0287,0.13,0.0323,0.0497,0.0189,0.0095,4,5,1,12,-0.0878,0.1079,0.1035,0.0283,0.1236,0.0717,4017.76,0.0771,1862.02,-0.5008,0.154
382,058470.KQ,LEENO,KQ,INTL,Semiconductor Equipment & Materials,KRW,74300.0,2026-09-22,4.13,41.7,제외,10.5,3.5,6,13.8,0,5.5,8,,Commodity/Cyclical: Semiconductor Equipment & Materials,,,2026-12-31,0.1943,0.1807,0.1875,0.1839,2002.0,2474.0,2429.0369,2824.2578,,0.2133,0.1627,0.1877,,30.03,adjTTM,,27.35,30.59,26.31,,-0.0185,0.124,,1.681,1.457,,1.681,16.66,0.5291,1.1521,0.2306,0.521,,-0.7999,-1.77,-0.016,0.0117,-0.0193,-0.0121,3,3,2,11,0.161,-0.1166,0.4531,0.2687,0.1627,-0.1687,81810.25,0.1011,40966.02,-0.4486,0.225
383,NUE,Nucor Corporation,United States,Industrials,Steel,USD,248.13,2026-09-23,56.29,41.7,제외,9,9.5,14,2.8,0,5.8,8,★★,Commodity/Cyclical: Steel,,,2026-12-31,0.2459,0.0111,0.1224,0.0651,7.71,12.43,19.134,19.7684,18.2223,1.4817,0.0332,0.6012,0.332,19.96,adjTTM,19.54,12.66,12.97,12.55,13.62,0.3504,0.3712,0.3179,3.819,0.211,0.381,,10.79,0.0831,-0.6016,0.0438,0.551,0.004,-0.0319,0.77,0.0201,0.1783,0.0326,0.198,5,10,0,11,0.0165,0.036,0.8554,0.0465,-0.0241,-0.0707,236.04,-0.0487,123.09,-0.5039,-0.097
384,ESE,ESCO Technologies Inc.,United States,Telecommunications,Scientific & Technical Instruments,USD,265.62,2026-09-23,6.88,41.7,제외,9.5,2,10.5,5.2,0,6.5,8,,,,,2026-09-30,0.1987,0.1841,0.1914,0.1844,6.03,8.07,8.3567,9.2256,,0.3858,0.104,0.2369,,32.91,adjTTM,49.28,28.84,31.79,28.79,,0.0343,0.1253,,2.774,1.217,,2.774,22.21,0.0879,0.0903,0.1523,0.625,0.01,0.0015,0.42,0.0189,0.0206,0.0147,0.0058,3,4,0,4,-0.0753,-0.2256,0.232,0.2857,0.104,-0.1817,279.67,0.0529,191.51,-0.279,0.19
385,DT,"Dynatrace, Inc.",United States,Technology,Software - Application,USD,58.55,2026-09-23,16.99,41.5,제외,5,5,8,9.0,0,5.5,9,,,,,2027-03-31,0.1491,0.1476,0.1483,0.1483,1.7,1.77,1.9776,2.2966,2.9168,0.1633,0.1613,0.1623,0.1972,33.08,adjTTM,117.09,27.47,29.6,25.49,20.07,0.105,0.2293,0.3932,1.703,1.693,1.393,1.281,53.47,0.0994,0.2287,0.2723,3.769,0.1438,0.0004,-3.38,0.0013,0.0155,-0.0006,0.0154,3,18,8,31,0.1899,0.452,0.228,0.2701,0.2145,-0.0556,71.3,0.2178,41.41,-0.2927,0.744
386,6273.T,SMC CORP,T,INTL,Specialty Industrial Machinery,JPY,66330.0,2026-09-18,26.2,41.5,제외,6,4,15,2,0,6.5,8,,,,,2027-03-31,0.2741,0.09,0.1784,0.1742,2740.06,3172.26,3490.344,3713.359,,0.2738,0.0639,0.1641,,20.91,adjTTM,25.13,18.44,19.0,17.86,,0.0911,0.1457,,2.885,1.123,,2.885,12.77,0.1013,-0.1907,0.041,0.206,,0.1215,-2.5,0.095,0.2156,0.0928,0.189,5,10,0,13,-0.0617,-0.0894,0.4635,0.1496,0.0639,-0.0857,69513.55,0.048,42579.23,-0.3581,0.134
387,NOVT,Novanta Inc.,United States,Miscellaneous,Scientific & Technical Instruments,USD,145.5,2026-09-23,5.5,41.5,제외,8.5,3.0,11,4.5,0,6.5,8,,,,,2026-12-31,0.1557,0.1587,0.1572,0.158,3.29,3.48,3.6933,4.3667,,0.1226,0.1823,0.1521,,41.81,adjTTM,92.68,34.78,39.4,33.32,,0.0578,0.2031,,1.907,2.287,,1.907,27.74,0.0772,-0.0196,0.111,1.85,0.0336,0.016,-0.44,0.0288,0.0288,0.0539,0.0539,4,3,0,3,0.0018,-0.0386,0.3194,0.3472,0.1823,-0.1649,161.94,0.113,107.83,-0.2589,0.436
388,IBKR,"Interactive Brokers Group, Inc.",United States,Finance,Capital Markets,USD,92.77,2026-09-23,158.06,41.5,제외,9,3,9,6,0,5.5,9,,,,,2026-12-31,0.2123,0.1689,0.1904,0.1791,2.19,2.51,2.7066,3.1964,3.4888,0.2359,0.181,0.2081,0.1679,36.96,adjTTM,36.81,30.28,34.28,29.02,26.59,0.0726,0.2147,0.2806,1.673,1.455,1.803,2.237,,0.563,0.3981,1.4284,14.062,0.0112,0.0171,-0.5,-0.0026,0.0772,0.0041,0.1111,5,0,2,14,-0.0124,-0.0211,0.4202,0.3014,0.1353,-0.1661,103.25,0.1129,65.28,-0.2964,0.381
389,MOD,Modine Manufacturing Company,United States,Consumer Discretionary,Auto Parts,USD,196.84,2026-09-23,10.45,41.4,제외,15.5,18,4,5.8,0,5.5,6,,Commodity/Cyclical: Auto Parts,,,2027-03-31,0.2758,0.2337,0.2546,0.2529,5.02,5.49,7.6231,11.0076,,0.5186,0.444,0.4808,,35.85,adjTTM,73.45,21.27,25.82,17.88,,0.2798,0.5013,,0.479,0.442,,0.479,24.44,0.1775,0.1798,0.0297,0.695,0.0074,-0.0019,1.2,-0.0027,-0.0239,-0.0156,-0.0313,2,1,2,6,-0.0043,-0.2906,0.3469,0.1914,0.444,-0.0914,259.17,0.3167,102.67,-0.4784,0.662
390,ABBN.SW,ABB LTD N,SW,INTL,Electrical Equipment & Parts,CHF,82.42,2026-09-23,181.12,41.2,제외,4,1,8,13.0,0,5.2,10,,,,,2026-12-31,0.1463,0.1095,0.1278,0.1185,2.142,2.5196,2.624,2.9493,,0.2251,0.124,0.1734,,32.71,adjTTM,36.79,28.81,31.41,27.95,,0.0398,0.1457,,2.324,1.661,,2.324,21.63,0.2371,0.5029,0.117,0.835,,-0.0108,0.33,-0.0009,0.0132,0.0011,0.0495,4,2,0,13,0.0352,-0.0248,0.4648,0.2853,0.124,-0.1613,88.8,0.0774,54.82,-0.3348,0.231
391,TNK,Teekay Tankers Ltd.,Bermuda,Consumer Discretionary,Oil & Gas Midstream,USD,95.0,2026-09-23,3.29,41.2,제외,7.5,7,15,4.5,0,6.0,7,,Commodity/Cyclical: Oil & Gas Midstream,Y,,2026-12-31,1.0481,-0.2747,0.2188,-0.0713,6.96,13.59,17.9673,10.8979,,1.5815,-0.3935,0.2513,,6.99,adjTTM,5.6,7.41,5.29,8.72,,0.2436,-0.247,,,0.295,,,4.19,0.1347,,0.2324,0.453,,0.002,-1.17,0.1955,0.1678,0.3496,0.4587,5,3,1,5,0.042,0.2013,0.7803,-0.0846,-0.3935,-0.3089,80.79,-0.1496,42.73,-0.5502,-0.272
392,AXON,"Axon Enterprise, Inc.",United States,Industrials,Aerospace & Defense,USD,451.94,2026-09-23,36.71,41.2,제외,14,6,7,0,4,4.2,6,,,,,2026-12-31,0.3325,0.2934,0.3128,0.3019,6.85,6.81,7.6696,10.5519,16.3115,0.1196,0.3758,0.2411,0.3354,66.36,adjTTM,189.1,46.26,58.93,42.83,27.71,0.1121,0.3546,0.5825,1.231,1.918,1.379,1.009,233.01,-0.0169,-0.0675,0.0414,0.668,0.1968,0.0485,0.43,-0.0056,-0.0025,-0.0007,-0.002,3,12,5,20,-0.28,0.0438,-0.4187,0.4468,0.4583,0.0115,682.26,0.5096,272.1,-0.3979,1.281
393,MDB,"MongoDB, Inc.",United States,Technology,Software - Infrastructure,USD,432.61,2026-09-23,34.8,41.0,제외,12.0,1,11,4.5,0,6.5,6,,,,,2027-01-31,0.2287,0.1797,0.204,0.1949,4.97,6.19,6.5531,7.7927,,0.3185,0.1892,0.2522,,69.89,adjTTM,592.61,58.85,66.02,55.51,,0.0554,0.2057,,3.111,2.334,,3.111,2316.8,-0.1522,0.1611,0.2368,11.189,0.2028,0.0898,-20.41,0.0686,0.0685,0.0615,0.0619,4,30,1,39,0.0024,0.3455,0.3539,0.5366,0.1892,-0.3474,486.51,0.1246,299.68,-0.3073,0.406
394,SQM,Sociedad Quimica y Minera S.A.,Chile,Industrials,Specialty Chemicals,USD,69.7,2026-09-23,19.91,41.0,제외,9,9,12,3,4,3.2,8,★★,Commodity/Cyclical: Specialty Chemicals,Y,,2026-12-31,0.7642,-0.0139,0.319,0.1217,2.06,4.8515,7.52,7.0173,7.3985,2.6505,-0.0669,0.8457,0.5314,14.37,adjTTM,14.34,9.74,9.27,9.93,9.42,0.3549,0.3086,0.3443,,0.115,0.183,,7.78,0.0809,-0.5116,0.0651,0.316,,0.0,0.75,0.0801,0.1471,0.0064,0.1389,5,4,2,17,-0.1339,-0.0721,0.661,-0.0198,-0.0081,0.0117,71.08,0.0198,25.1,-0.6399,0.031
395,EBC,"Eastern Bankshares, Inc.",United States,Finance,Banks - Regional,USD,21.36,2026-09-23,4.88,41.0,제외,4,13,3,2,8,3.0,8,,,,,2026-12-31,0.2118,0.0462,0.126,0.0851,1.56,1.7,1.8731,2.1315,,0.2007,0.1379,0.1689,,12.57,adjTTM,11.94,10.36,11.41,10.02,,0.0924,0.2024,,0.751,0.614,,0.751,,,,0.3458,1.025,0.0232,0.1214,,0.0007,0.0001,0.0,-0.0173,3,2,5,8,-0.0541,0.0253,0.2207,-0.0046,0.1379,0.1425,23.2,0.086,15.57,-0.2712,0.317
396,7272.T,YAMAHA MOTOR CO,T,INTL,Auto Manufacturers,JPY,1821.0,2026-09-18,11.17,40.9,제외,4,12,13,1.5,4,5.8,7,★★,Commodity/Cyclical: Auto Manufacturers,Y,,2026-12-31,0.1339,0.0386,0.0852,0.0622,71.32,79.35,180.8458,186.614,,1.5357,0.0319,0.6176,,22.95,adjTTM,8.15,9.84,10.07,9.76,,0.5612,0.5748,,3.085,0.159,,3.085,8.9,0.0462,-0.4139,0.01,1.573,,-0.0114,2.51,0.2097,0.6066,0.326,0.4072,5,8,0,10,-0.0577,0.5019,0.6879,-0.0174,0.0319,0.0493,1857.74,0.0202,968.52,-0.4681,0.043
397,HHH,Howard Hughes Holdings Inc.,United States,Real Estate,Real Estate - Development,USD,64.65,2026-09-23,3.86,40.8,제외,9,6.5,12,7.5,0,4.8,1,★★,,,,2026-12-31,0.7068,-0.1731,0.188,-0.0156,2.21,4.94,4.7463,4.5701,,1.1477,-0.0371,0.438,,13.09,adjTTM,12.78,14.0,13.62,14.15,,-0.0408,-0.0809,,,0.32,,,8.36,0.0311,,0.3281,2.666,,0.1186,4.72,0.9232,0.5768,0.0707,-0.0011,5,0,1,3,-0.0292,-0.0396,-0.1987,0.0731,-0.0371,-0.1103,63.98,-0.0104,30.73,-0.5246,-0.02
398,6920.T,LASERTEC CORP,T,INTL,Semiconductor Equipment & Materials,JPY,39090.0,2026-09-18,22.15,40.8,제외,15.5,10,12.5,0,0,5.0,8,,Commodity/Cyclical: Semiconductor Equipment & Materials,,,2027-06-30,0.4765,0.2771,0.3731,0.4147,862.99,862.99,1122.3336,1487.217,,0.3005,0.3251,0.3128,,45.3,adjTTM,45.25,32.38,34.83,26.28,,0.2311,0.4197,,0.996,1.035,,0.996,31.04,,,,,,-0.0045,,0.0087,0.0731,0.0094,0.1357,5,6,1,16,0.1191,-0.2878,1.3112,0.3234,0.3251,-0.2234,49975.75,0.2785,20371.44,-0.4789,0.582
399,SUN,Sunoco LP,United States,Energy,Oil & Gas Refining & Marketing,USD,75.8,2026-09-23,14.28,40.8,제외,9,17,8,4.0,10,3.2,0,★★,Commodity/Cyclical: Oil & Gas Refining & Marketing,Y,,2026-12-31,0.8844,0.0073,0.3777,0.1519,2.28,4.52,9.493,10.1089,11.1467,3.1636,0.0649,1.1056,0.6972,16.77,adjTTM,16.73,7.62,7.98,7.5,6.8,0.5239,0.5529,0.5945,1.175,0.069,0.109,0.912,8.84,0.0489,0.0159,0.0419,2.69,0.0006,0.1496,4.7,-0.0885,0.035,0.0388,0.1816,5,3,2,5,-0.0033,0.1746,0.6494,-0.0781,0.0836,0.1617,82.84,0.0929,25.26,-0.6667,0.139
400,IDR.MC,"INDRA SISTEMAS S.A., SERIE A",MC,INTL,Information Technology Services,EUR,62.24,2026-09-23,12.41,40.7,제외,7,8,7,5.2,4,2.5,7,,,,,2026-12-31,0.293,0.1076,0.1967,0.149,2.481,,2.7422,3.2677,,0.1053,0.1916,0.1476,,23.3,estTTM,24.8,19.92,22.7,19.05,,0.0258,0.1825,,1.039,1.349,,1.039,14.42,0.1335,0.0459,0.0507,0.635,,-0.0001,2.1,0.0034,0.0164,0.002,0.0165,3,2,0,14,0.0227,0.3342,0.6534,0.172,0.1916,0.0196,69.62,0.1186,39.17,-0.3706,0.32
401,ESLT,Elbit Systems Ltd.,Israel,Industrials,Aerospace & Defense,USD,745.22,2026-09-23,34.92,40.5,제외,6,1,10,9.0,0,6.5,8,,,,,2026-12-31,0.147,0.1163,0.1316,0.1238,12.75,14.92,16.2662,18.3622,21.3174,0.2758,0.1289,0.2001,0.1869,49.95,adjTTM,56.16,41.88,45.81,40.58,34.96,0.0828,0.1875,0.3001,3.25,2.093,2.241,2.893,35.31,0.143,4.1648,0.0797,1.072,0.0034,0.0494,0.16,0.0437,0.0437,0.0166,0.0166,4,2,0,4,0.0052,-0.0353,0.5011,0.4113,0.1448,-0.2666,859.22,0.153,543.19,-0.2711,0.564
402,LTH,"Life Time Group Holdings, Inc.",United States,Consumer Discretionary,Leisure,USD,38.17,2026-09-23,8.53,40.5,제외,7,8,10.5,4.5,2,6.5,2,,,,,2026-12-31,0.1251,0.1197,0.1224,0.121,1.44,1.65,1.7544,2.0415,,0.2183,0.1636,0.1907,,23.14,adjTTM,20.86,19.44,21.76,18.7,,0.0595,0.1918,,1.188,1.02,,1.188,14.83,0.0533,0.3386,-0.0474,-0.364,0.0155,0.0679,4.56,0.0125,0.0305,0.0074,0.0469,4,7,0,10,-0.1554,0.0071,0.3641,0.165,0.1636,-0.0013,42.06,0.1016,27.09,-0.2905,0.35
403,VRNS,"Varonis Systems, Inc.",United States,Technology,Software - Infrastructure,USD,48.17,2026-09-23,5.53,40.5,제외,15.5,3,9,0.5,0,5.5,7,,,,,2026-12-31,0.1833,0.1863,0.1848,0.1856,0.18,0.24,0.1512,0.4082,,-0.1601,1.6998,0.5059,,200.71,adjTTM,,142.31,318.61,118.01,,-0.5874,0.412,,0.837,2.813,,2.846,-40.26,-0.2752,,0.1719,,0.1925,0.0247,,-0.0003,0.2733,-0.0111,0.068,5,16,5,24,0.1676,0.3743,-0.1743,0.9162,1.6998,-0.4162,68.67,0.4257,25.83,-0.4637,0.918
404,TECK,Teck Resources Ltd,Canada,Industrials,Copper,USD,66.46,2026-09-23,32.61,40.3,제외,7.5,6,10.5,8.2,0,6.5,7,,Commodity/Cyclical: Copper,,,2026-12-31,0.3954,-0.0056,0.1779,0.0788,2.1924,4.1224,4.2157,3.5655,,0.9228,-0.1542,0.2753,,16.12,adjTTM,18.26,17.76,15.76,18.64,,0.0221,-0.1562,,,0.645,,,5.88,0.0332,,0.1376,0.771,,-0.0473,0.71,0.0094,0.2632,0.0067,0.174,5,3,2,18,-0.041,0.1131,0.7237,0.1389,-0.1542,-0.2932,63.33,-0.0471,26.65,-0.599,-0.079
405,KGS,"Kodiak Gas Services, Inc.",United States,Utilities,Oil & Gas Equipment & Services,USD,53.63,2026-09-23,5.42,40.3,제외,14.5,16.5,10,4.5,2,2.2,3,,Commodity/Cyclical: Oil & Gas Equipment & Services,,,2026-12-31,0.1664,0.1635,0.165,0.1642,1.2856,1.644,2.6212,3.2372,4.547,1.0389,0.235,0.5868,0.5236,32.62,adjTTM,63.09,17.47,20.46,16.57,11.79,0.3728,0.4922,0.6384,0.743,0.298,0.334,0.551,10.97,0.0749,0.1389,0.0036,0.063,0.0185,0.0394,4.32,0.0316,-0.0106,0.0336,0.0911,4,2,2,5,-0.1279,-0.2467,0.5875,0.1342,0.3171,-0.0342,73.22,0.3653,27.13,-0.4941,0.739
406,NP,Neptune Insurance Holdings Inc.,,Finance,Insurance Brokers,USD,27.55,2026-09-23,3.78,40.3,제외,13.0,3.5,11,0,0,4.8,8,,,,,2026-12-31,0.2732,0.1812,0.2264,0.2021,0.41,0.45,0.5477,0.6738,0.8458,0.3358,0.2303,0.282,0.273,61.22,adjTTM,137.75,43.07,50.3,40.89,32.57,0.1783,0.3321,0.468,1.87,1.528,1.578,1.774,48.09,20.2278,,0.3732,2.059,0.1378,-0.2271,2.94,0.024,0.024,0.0363,0.0465,4,9,0,13,-0.1737,-0.0725,0.1115,0.4213,0.2427,-0.1785,34.42,0.2495,19.48,-0.2931,0.851
407,039490.KS,KIWOOM,KS,INTL,Capital Markets,KRW,266000.0,2026-09-22,5.11,40.0,제외,5.5,7,9,6,2,2.5,8,,,,,2026-12-31,0.723,-0.1163,0.234,0.0328,42059.0,,69960.32,55632.42,,0.6634,-0.2048,0.1501,,4.26,estTTM,,4.47,3.8,4.78,,0.1082,-0.1215,,,0.298,,,,,,-3.5142,-6.995,,-0.0951,,-0.0028,0.1818,0.0031,-0.0137,4,2,1,15,-0.0206,-0.1851,-0.0127,-0.1933,-0.2048,-0.0115,248631.85,-0.0653,161955.58,-0.3911,-0.167
408,4307.T,NOMURA RESEARCH INSTITUTE,T,INTL,Information Technology Services,JPY,5156.0,2026-09-18,18.26,40.0,제외,5.5,8.5,7.5,5.5,0,4.0,9,,,,,2027-03-31,0.0653,0.0572,0.0612,0.0612,141.7,32.61,220.046,246.09,,0.5529,0.1184,0.3178,,28.73,estTTM,192.32,22.17,23.43,20.95,,0.1844,0.2707,,1.873,0.697,,1.873,26.36,0.0683,,0.1244,6.642,,0.0036,0.36,0.0049,0.0139,0.0083,0.0203,3,5,1,14,0.016,0.1831,-0.1217,0.2038,0.1184,-0.0854,5610.59,0.0882,3649.58,-0.2922,0.302
409,KNSA,Kiniksa Pharmaceuticals Interna,United States,Health Care,Drug Manufacturers - Specialty & Generic,USD,75.72,2026-09-23,5.91,40.0,제외,15,5.5,0,10.5,0,3.0,6,,,,,2026-12-31,0.4666,0.229,0.3426,0.2771,0.75,0.97,1.1575,1.6175,1.9301,0.5433,0.3974,0.4686,0.3704,78.06,adjTTM,76.48,50.72,65.41,46.81,39.23,0.162,0.4003,0.4974,1.276,1.083,1.37,1.741,54.58,0.2793,,0.2174,2.267,0.05,0.1058,-3.96,-0.0354,-0.0354,-0.0797,-0.0797,2,1,2,4,-0.0435,0.2707,1.0808,0.4806,0.2913,-0.1893,93.6,0.2362,46.53,-0.3855,0.613
410,NET,"Cloudflare, Inc.",United States,Technology,Software - Infrastructure,USD,355.35,2026-09-23,126.53,40.0,제외,15.5,2,9,0,0,6.5,7,,,,,2026-12-31,0.3246,0.2871,0.3057,0.2953,0.93,1.09,1.2632,1.6761,3.5534,0.3582,0.3269,0.3425,0.5633,326.01,adjTTM,,227.19,281.32,212.0,100.0,0.1371,0.3497,0.6933,6.949,6.633,4.033,4.544,-34643.41,-0.214,-0.0488,0.1253,,0.2021,0.0205,-15.07,0.0004,0.0548,0.0031,0.065,4,29,2,33,0.2102,0.5771,0.589,1.1539,0.6772,-0.6539,691.61,0.9463,230.37,-0.3517,2.691
411,KTOS,Kratos Defense & Security Solut,United States,Industrials,Aerospace & Defense,USD,46.94,2026-09-23,8.81,40.0,제외,15.5,7,7,0,0,5.5,5,,,,,2026-12-31,0.3325,0.2349,0.2828,0.2562,0.55,0.69,0.8115,1.1012,1.4158,0.4754,0.357,0.415,0.3705,68.03,adjTTM,276.12,45.9,57.84,42.63,33.15,0.1497,0.3734,0.5127,1.286,1.106,1.239,1.43,87.05,0.0124,-0.0074,-0.0847,-4.172,0.0325,0.0948,-3.58,-0.0073,0.062,-0.0145,0.0227,4,6,5,19,-0.1793,-0.0764,-0.4408,0.4441,0.3209,-0.1232,61.07,0.3011,26.95,-0.4258,0.707
412,VECO,Veeco Instruments Inc.,United States,Technology,Semiconductor Equipment & Materials,USD,45.77,2026-09-23,2.79,40.0,제외,18.5,19,4,1.5,2,3.0,7,,Commodity/Cyclical: Semiconductor Equipment & Materials,,,2026-12-31,0.1694,0.3192,0.2421,0.2831,1.33,1.07,1.5137,2.9058,,0.1381,0.9196,0.4781,,42.78,adjTTM,120.45,18.1,30.24,15.75,,0.2931,0.6318,,0.197,0.379,,0.362,51.63,0.0535,-0.285,0.0654,1.845,0.0555,-0.0163,-2.48,0.0,-0.0657,0.0,-0.0457,2,1,3,5,-0.0451,-0.3894,0.5439,0.1444,0.9196,-0.0444,62.19,0.3587,19.11,-0.5824,0.616
413,PR,Permian Resources Corporation,United States,Energy,Oil & Gas E&P,USD,21.7,2026-09-23,18.17,39.9,제외,6,8,11,7.0,2,6.5,5,,Commodity/Cyclical: Oil & Gas E&P,,,2026-12-31,0.3194,0.0162,0.1579,0.0829,1.43,1.82,2.2534,2.2231,2.1338,0.5758,-0.0134,0.2469,0.1427,11.92,adjTTM,14.46,9.72,9.63,9.76,10.17,0.1923,0.1813,0.1471,,0.394,0.681,,4.9,0.1006,0.1562,0.1877,0.872,0.012,0.0679,0.88,0.0333,0.1577,0.0192,0.0494,5,13,3,20,-0.0807,0.1383,0.6503,-0.0203,-0.0269,-0.0066,20.98,-0.0329,9.04,-0.5832,-0.056
414,KALU,Kaiser Aluminum Corporation,United States,Industrials,Aluminum,USD,155.41,2026-09-23,2.54,39.6,제외,9,6.5,13,5.5,0,5.8,6,★★,Commodity/Cyclical: Aluminum,,,2026-12-31,0.4209,-0.0014,0.1912,0.0862,6.03,12.66,14.0702,11.5859,,1.3334,-0.1766,0.3861,,12.28,adjTTM,11.53,12.68,11.05,13.41,,0.1002,-0.0927,,,0.328,,,7.63,0.0772,0.1833,0.021,0.383,0.0049,0.0186,2.26,0.041,0.3684,0.0263,0.0664,5,1,0,4,0.0052,-0.1311,1.1452,0.0468,-0.1766,-0.2234,146.87,-0.055,83.56,-0.4623,-0.119
415,ICHR,Ichor Holdings,United States,Technology,Semiconductor Equipment & Materials,USD,58.42,2026-09-23,2.19,39.5,제외,15.5,19,13,0,0,4.8,1,,Commodity/Cyclical: Semiconductor Equipment & Materials,Y,,2026-12-31,0.3143,0.33,0.3221,0.3265,0.23,0.57,1.57,3.2686,,5.8261,1.0819,2.7698,,102.49,adjTTM,,20.81,37.21,17.87,,0.6369,0.8256,,0.192,0.075,,0.416,55.69,-0.0438,,-0.0253,,0.0165,0.0311,9.87,0.0,0.1389,0.0,0.2112,5,7,0,7,-0.0326,-0.3683,2.1721,0.1849,1.0819,-0.0849,80.4,0.3762,32.54,-0.443,0.849
416,BAM,Brookfield Asset Management Inc,,Real Estate,Asset Management,USD,45.41,2026-09-23,72.53,39.5,제외,8.5,7,5,4,2,5.0,8,,,,,2026-12-31,0.2634,0.159,0.21,0.1827,1.65,1.75,1.8335,2.171,,0.1112,0.1841,0.1471,,25.95,adjTTM,26.1,21.84,24.77,20.92,,0.0455,0.1939,,1.186,1.485,,1.186,21.0,0.2049,0.0342,0.4846,0.832,0.0766,2.8903,0.48,-0.0003,-0.0024,0.0,-0.0047,3,6,8,17,-0.1236,-0.0239,-0.2292,0.1993,0.1841,-0.0152,50.59,0.1141,32.54,-0.2834,0.402
417,FSS,Federal Signal Corporation,United States,Industrials,Farm & Heavy Construction Machinery,USD,113.94,2026-09-23,6.96,39.3,제외,4,6.5,10.5,11.0,0,6.5,5,,Commodity/Cyclical: Farm & Heavy Construction Machinery,,,2026-12-31,0.2096,0.0583,0.1314,0.0939,4.23,4.9,5.231,5.779,,0.2366,0.1048,0.1688,,23.25,adjTTM,24.56,20.24,21.78,19.72,,0.0633,0.1521,,1.932,1.199,,1.932,14.98,0.1664,0.154,0.1386,1.189,0.0061,-0.0032,1.1,0.006,0.055,0.008,0.0426,4,7,0,8,-0.0699,-0.0347,-0.0799,0.1767,0.1048,-0.0767,121.42,0.0656,66.23,-0.4187,0.157
418,LOAR,Loar Holdings Inc.,United States,Industrials,Aerospace & Defense,USD,62.51,2026-09-23,5.86,39.0,제외,8.5,1.5,10.5,6.5,0,6.5,5.5,,,,,2026-12-31,0.3553,0.1106,0.2268,0.1633,1.04,1.33,1.3702,1.617,,0.3175,0.1801,0.2469,,47.0,adjTTM,88.04,40.32,45.62,38.65,,0.0294,0.1775,,2.239,1.633,,2.239,32.0,0.0681,0.0475,0.1809,1.559,0.0293,0.0459,3.32,0.0083,0.0522,0.0116,0.0244,4,4,0,5,-0.1657,-0.1261,-0.2041,0.398,0.1801,-0.2179,69.48,0.1117,45.02,-0.2798,0.399
419,J,Jacobs Solutions Inc.,United States,Industrials,Engineering & Construction,USD,142.41,2026-09-23,16.67,39.0,제외,4,5,6,9.0,0,5.0,10,,,,,2026-09-30,0.2531,0.0432,0.1434,0.0465,6.12,6.87,7.27,8.2589,6.653,0.1879,0.136,0.1617,0.0282,20.73,adjTTM,47.31,17.28,19.59,17.24,21.41,0.055,0.1682,-0.0326,1.271,1.069,6.123,,18.56,0.0841,,0.0453,1.899,0.005,-0.0314,1.63,0.0018,0.0034,0.0,-0.0018,3,7,5,16,-0.0513,0.1805,-0.0268,0.1312,-0.0434,-0.1746,115.52,-0.1889,99.68,-0.3001,-0.629
420,MA,Mastercard Incorporated,United States,Consumer Discretionary,Credit Services,USD,559.84,2026-09-23,490.42,39.0,제외,5,4.5,8,6,0,5.5,10,,,,,2026-12-31,0.1363,0.1261,0.1312,0.1286,17.01,18.78,19.9303,23.0248,26.3987,0.1717,0.1553,0.1634,0.1578,29.81,adjTTM,30.79,25.23,28.09,24.31,21.21,0.0577,0.1844,0.2886,1.625,1.544,1.599,1.672,22.52,0.9883,1.6745,0.4553,0.983,0.0175,-0.0227,0.37,0.0002,0.0141,-0.0,0.011,3,31,2,38,-0.0361,0.1486,-0.0119,0.2434,0.1509,-0.0926,643.06,0.1487,408.11,-0.271,0.549
421,PEN,"Penumbra, Inc.",United States,Health Care,Medical Devices,USD,318.5,2026-09-23,12.55,39.0,제외,9.5,3.5,1,12.0,0,3.0,10,,,,,2026-12-31,0.1348,0.1298,0.1323,0.1311,3.84,4.1709,4.7875,6.1319,,0.2467,0.2808,0.2637,,76.36,adjTTM,78.45,55.23,66.53,51.94,,0.1288,0.3198,,1.966,2.094,,1.966,59.4,0.1534,,0.1435,1.344,0.0395,0.0006,-1.46,-0.0348,-0.0219,-0.0153,-0.0262,2,2,4,13,-0.0204,0.0029,0.2535,0.5124,0.2808,-0.2316,373.29,0.172,207.84,-0.3474,0.495
422,OMC,Omnicom Group Inc.,United States,Consumer Discretionary,Advertising Agencies,USD,76.4,2026-09-23,20.96,39.0,제외,5.5,11,2,2.5,10,3.0,5,,,,,2026-12-31,0.4981,-0.0349,0.2024,0.0711,8.65,9.38,10.5341,11.745,11.8438,0.2178,0.115,0.1652,0.1104,8.14,adjTTM,206.49,6.69,7.25,6.5,6.45,0.1096,0.2014,0.208,0.582,0.405,0.606,1.109,8.07,0.0285,-0.1286,0.1068,6.123,0.0049,0.5765,2.22,-0.0056,-0.0268,-0.0249,-0.0381,2,3,6,11,-0.1187,0.0574,0.0426,-0.1077,0.0603,0.168,79.08,0.0351,44.51,-0.4174,0.084
423,AJG,Arthur J. Gallagher & Co.,United States,Finance,Insurance Brokers,USD,230.0,2026-09-23,58.96,38.8,제외,8,9,5,1,4,4.8,7,,,,,2026-12-31,0.2164,0.0913,0.1521,0.1206,10.69,12.01,13.1834,14.8908,16.6708,0.2332,0.1295,0.1802,0.1596,19.15,adjTTM,38.08,15.94,17.45,15.45,13.8,0.089,0.1935,0.2796,1.231,0.884,0.999,1.28,16.75,0.0759,0.0324,0.145,1.456,0.0041,0.1563,3.05,0.0006,-0.0015,0.0004,0.0012,3,9,7,22,-0.1264,0.0681,-0.2359,0.1086,0.1245,0.0159,258.06,0.122,167.54,-0.2715,0.449
424,6506.T,YASKAWA ELECTRIC CORP,T,INTL,Electrical Equipment & Parts,JPY,4383.0,2026-09-18,7.19,38.7,제외,7.5,13,4,0,4,2.2,8,,,,,2027-02-28,0.0992,0.0787,0.0889,0.0871,135.88,130.07,179.6326,222.4929,,0.322,0.2386,0.2796,,33.7,adjTTM,32.26,21.49,24.4,19.7,,0.2759,0.4154,,0.901,0.769,,0.901,17.95,0.0672,-0.1472,0.0109,0.168,,994.0962,0.82,-0.0357,-0.0825,-0.0075,0.0077,2,2,3,16,-0.1209,-0.3805,0.4292,0.1945,0.2386,0.0441,5105.26,0.1648,2909.63,-0.3362,0.49
425,RBC,RBC Bearings Incorporated,United States,Industrials,Tools & Accessories,USD,503.63,2026-09-23,15.94,38.5,제외,4,1.5,10,8.5,0,5.5,9,,,,,2027-03-31,0.1374,0.1052,0.1212,0.1208,12.39,13.42,14.6897,16.6229,17.8927,0.1856,0.1316,0.1583,0.1303,37.53,adjTTM,49.86,32.24,34.28,30.3,28.15,0.0864,0.1927,0.25,2.45,2.037,2.474,3.11,26.94,0.0809,0.2083,0.1971,1.201,0.0177,0.0422,1.58,0.0032,0.0229,-0.0025,0.0143,3,4,1,9,-0.0052,-0.2059,0.311,0.322,0.1036,-0.2183,555.64,0.1033,354.68,-0.2958,0.349
426,WHD,"Cactus, Inc. Class A Common Sto",United States,Consumer Discretionary,Oil & Gas Equipment & Services,USD,65.9,2026-09-23,4.6,38.5,제외,7.5,10,7.5,7.0,0,6.5,7,,Commodity/Cyclical: Oil & Gas Equipment & Services,,,2026-12-31,0.5848,0.0407,0.2842,0.1442,2.69,2.95,2.9597,3.6234,4.3818,0.1003,0.2242,0.1606,0.1766,22.34,adjTTM,56.32,19.14,22.27,18.19,15.04,0.0033,0.1858,0.3268,0.854,1.192,1.084,0.883,12.47,0.1678,-0.0591,0.2377,1.983,0.0195,-0.1364,-0.23,0.0097,-0.0092,0.0057,0.0514,4,3,2,7,-0.0488,0.2499,0.6398,0.1604,0.2167,-0.0604,79.92,0.2128,32.23,-0.5109,0.416
427,042700.KS,HANMISemi,KS,INTL,Semiconductor Equipment & Materials,KRW,243500.0,2026-09-22,16.9,38.5,제외,20,8,0,11.5,0,2.2,8,,Commodity/Cyclical: Semiconductor Equipment & Materials,,,2026-12-31,0.2846,0.5573,0.4144,0.4961,2248.0,2331.0,3196.9177,4999.2744,,0.4221,0.5638,0.4913,,104.46,adjTTM,,53.99,76.17,48.71,,0.2709,0.5337,,0.958,1.099,,1.08,93.59,0.4521,7.3474,0.1869,0.464,0.016,-0.0119,-0.9,-0.0571,-0.04,-0.0594,-0.0886,2,0,1,7,0.1483,-0.0698,1.5077,0.5038,0.5638,-0.4038,319063.61,0.3103,105367.75,-0.5673,0.547
428,CAVA,"CAVA Group, Inc.",United States,Consumer Discretionary,Restaurants,USD,53.02,2026-09-23,6.19,38.5,제외,10.5,2,5,6.2,0,4.8,10,,,,,2026-12-31,0.2757,0.2082,0.2415,0.2234,0.54,0.55,0.5468,0.743,0.9568,0.0125,0.3589,0.173,0.21,96.41,adjTTM,94.69,76.87,96.98,71.37,55.42,-0.0059,0.2598,0.4251,2.142,4.443,3.66,2.381,38.82,0.0915,0.155,0.0357,0.74,0.0134,0.0,0.4,0.0025,-0.0177,0.0001,-0.0113,3,8,12,27,-0.2796,-0.3162,-0.1858,0.6427,0.3228,-0.3199,69.09,0.303,34.45,-0.3504,0.865
429,SXT,Sensient Technologies Corporati,United States,Industrials,Specialty Chemicals,USD,129.53,2026-09-23,5.51,38.1,제외,7,6,11,6.5,0,5.8,7,,Commodity/Cyclical: Specialty Chemicals,,,2026-12-31,0.118,0.1316,0.1248,0.1282,3.48,3.92,4.182,4.9592,,0.2017,0.1858,0.1938,,33.04,adjTTM,34.82,27.28,30.97,26.12,,0.0627,0.2096,,1.468,1.408,,1.468,20.28,0.0887,0.2148,0.0026,0.028,0.0098,0.0047,2.23,0.0665,0.0622,0.0546,0.0463,4,5,0,5,-0.0375,0.0944,0.3098,0.2679,0.1858,-0.1679,144.45,0.1151,75.96,-0.4136,0.278
430,HL,Hecla Mining Company,United States,Industrials,Other Precious Metals & Mining,USD,18.36,2026-09-23,12.33,38.1,제외,14,14.5,1,11.0,0,4.0,5,,Commodity/Cyclical: Other Precious Metals & Mining,,,2026-12-31,-0.0028,0.2019,0.0948,0.1463,0.473,0.7485,0.8043,1.0451,,0.7004,0.2993,0.4864,,24.52,adjTTM,21.34,18.73,22.82,17.56,,0.0694,0.2838,,0.626,0.385,,0.626,12.71,0.1402,7.9938,0.3019,1.451,0.0075,0.0534,-0.03,-0.0209,-0.0652,-0.0176,-0.1323,1,1,5,8,-0.1152,0.2166,0.6425,0.1542,0.2993,-0.0542,21.71,0.183,7.92,-0.5685,0.322
431,AVPT,"AvePoint, Inc.",United States,Technology,Software - Infrastructure,USD,13.05,2026-09-23,2.76,38.0,제외,11.0,2,5,6.5,0,5.5,8,,,,,2026-12-31,0.2174,0.2046,0.211,0.2076,0.3188,0.4543,0.449,0.4956,,0.4083,0.1039,0.2469,,28.74,adjTTM,42.11,27.03,29.08,26.34,,-0.0118,0.0834,,2.602,1.095,,2.602,45.3,,,0.2129,1.388,0.0759,0.2481,-9.05,0.0,0.1119,0.0,-0.0037,4,4,6,12,-0.0239,0.2658,-0.1624,0.265,0.1039,-0.1611,13.9,0.065,8.59,-0.342,0.19
432,VIST,Vista Energy S.A.B. de C.V.,Mexico,Energy,Oil & Gas E&P,USD,69.11,2026-09-23,7.64,38.0,제외,9,19,0,4,10,2.2,5,,EM macro (Argentina),Y,,2026-12-31,0.6672,0.0454,0.3202,0.1589,3.2498,5.3063,8.8749,9.7394,13.3714,1.7309,0.0974,0.7312,0.6024,13.02,adjTTM,9.21,7.27,7.79,7.1,5.17,0.4021,0.4552,0.6032,0.746,0.099,0.121,0.32,5.16,0.1556,0.0349,0.0819,0.343,0.0211,0.0401,1.15,-0.052,-0.1928,-0.0484,-0.0788,1,0,1,7,-0.0088,0.034,0.8469,-0.089,0.2275,0.189,90.06,0.3031,29.4,-0.5747,0.528
433,247540.KQ,ECOPROBM,KQ,INTL,Electrical Equipment & Parts,KRW,105000.0,2026-09-22,7.52,37.8,제외,18.5,4,4,2.5,0,4.8,4,,,,,2026-12-31,0.1323,0.4005,0.2593,0.3342,403.0,393.0,106.308,726.3084,,-0.7362,5.8321,0.3425,,267.18,adjTTM,,188.12,987.7,144.57,,-2.6968,0.4589,,0.323,5.493,,3.762,71.18,0.0297,-0.0094,-0.0528,-2.782,0.0017,0.0001,12.66,1.7206,-0.5714,-0.0367,-0.3208,1,0,2,15,-0.1085,-0.3088,-0.1209,1.0547,5.8321,-0.5547,161529.6,0.5384,17921.46,-0.8293,0.649
434,SAIL,"SailPoint, Inc.",United States,Technology,Software - Infrastructure,USD,21.43,2026-09-23,12.23,37.8,제외,13.0,5,5.5,0.5,0,5.8,8,,,,,2027-01-31,0.1858,0.1882,0.187,0.1875,0.24,0.18,0.3254,0.4028,0.5136,0.3557,0.238,0.2955,0.2886,119.06,adjTTM,,57.11,65.87,53.2,41.73,0.4468,0.5531,0.6495,2.4,1.933,1.979,2.228,-1258.91,-0.2762,0.0037,0.1514,,0.2044,-0.0044,,0.0074,0.0057,0.0084,0.0095,3,1,0,25,0.1518,0.6669,-0.0398,0.5252,0.2564,-0.2688,27.08,0.2636,15.09,-0.296,0.89
435,TFPM,Triple Flag Precious Metals Cor,Canada,Industrials,Other Precious Metals & Mining,USD,32.66,2026-09-23,6.73,37.7,제외,9.5,5.5,4,11.2,0,5.5,8,,Commodity/Cyclical: Other Precious Metals & Mining,,,2026-12-31,0.3259,0.2466,0.2857,0.264,1.01,1.41,1.3768,1.5422,,0.3632,0.1202,0.2357,,23.16,adjTTM,16.33,21.81,23.72,21.17,,-0.0241,0.0857,,1.815,0.925,,1.815,18.97,0.1055,1.1067,0.4393,0.521,0.0006,0.0137,-0.17,-0.012,-0.0446,-0.0012,0.0323,3,2,6,11,-0.0341,0.1332,0.1509,0.1989,0.1202,-0.0989,35.11,0.0751,14.29,-0.5623,0.133
436,META,"Meta Platforms, Inc.",United States,Technology,Internet Content & Information,USD,750.66,2026-09-23,1912.31,37.7,제외,9.5,4,2,10.2,0,3.0,9,,,,,2026-12-31,0.2645,0.2045,0.2341,0.2181,23.49,26.55,31.2288,33.899,38.1906,0.3295,0.0855,0.2013,0.1759,28.27,adjTTM,28.31,22.63,24.04,22.14,19.66,0.1498,0.2168,0.3048,2.646,1.124,1.287,2.137,17.31,0.3138,0.2718,0.1795,0.602,0.1101,-0.0153,0.02,-0.0159,-0.05,-0.0009,-0.0293,2,7,39,51,0.3665,0.3366,-0.0027,0.21,0.1059,-0.1041,837.82,0.1161,483.8,-0.3555,0.327
437,005490.KS,POSCO Holdings,KS,INTL,Steel,KRW,311500.0,2026-09-22,17.24,37.7,제외,10,16.5,6,0,6,3.8,6,★★,Commodity/Cyclical: Steel,Y,,2026-12-31,1.1115,0.0569,0.4939,0.215,8697.0,17818.0,25650.4,29998.408,,1.9493,0.1695,0.8572,,17.48,adjTTM,,10.81,12.14,10.38,,0.3054,0.406,,0.638,0.126,,0.638,7.67,0.0189,-0.1427,-0.036,-1.853,,-0.154,1.91,-0.0012,0.0811,0.0072,-0.0079,4,3,5,17,-0.0305,-0.0078,0.1691,0.0059,0.1695,0.0941,344274.77,0.1052,133813.12,-0.5704,0.184
438,DDOG,"Datadog, Inc.",United States,Technology,Software - Application,USD,253.0,2026-09-23,90.85,37.5,제외,10.5,1,9,2.5,0,6.5,8,,,,,2026-12-31,0.3048,0.2253,0.2644,0.243,2.05,2.39,2.5274,2.9735,4.5353,0.2329,0.1765,0.2044,0.303,105.86,adjTTM,516.33,88.7,100.1,85.09,55.78,0.0543,0.1962,0.473,5.025,4.34,2.927,2.612,1027.23,-0.0833,-0.0483,0.2704,6.041,0.2075,0.0135,-11.34,0.0,0.0437,0.0017,0.0413,4,38,5,46,0.0722,0.1454,0.8374,0.7026,0.3396,-0.363,364.69,0.4414,173.78,-0.3131,1.41
439,ZS,"Zscaler, Inc.",United States,Technology,Software - Infrastructure,USD,211.85,2026-09-23,34.54,37.5,제외,7.5,4.5,10,1.0,2,6.5,6,,,,,2027-07-31,0.1727,0.1641,0.1684,0.1712,4.21,4.24,4.9082,5.602,9.6762,0.1658,0.1414,0.1535,0.3197,49.96,adjTTM,,42.28,43.16,37.82,21.89,0.1361,0.2431,0.5618,2.991,2.754,1.322,1.046,744.92,-0.1449,0.0002,0.2324,,0.2452,0.0377,-9.17,0.0675,0.0675,0.0337,0.0279,4,22,3,42,0.1658,0.6792,-0.2676,0.4147,0.4041,-0.0106,262.33,0.2383,153.26,-0.2766,0.862
440,TLN,Talen Energy Corporation,United States,Utilities,Utilities - Independent Power Producers,USD,300.64,2026-09-23,14.4,37.4,제외,15,19,7,1,6,3.0,0,,Commodity/Cyclical: Utilities - Independent Power Producers,,,2026-12-31,0.755,0.1568,0.4248,0.2615,9.0607,14.4314,22.263,30.7547,37.5912,1.4571,0.3814,0.8424,0.6068,20.83,adjTTM,,10.57,13.5,9.78,8.0,0.3518,0.5308,0.6161,0.277,0.125,0.174,0.353,40.34,0.0022,-0.0307,0.1187,,0.1518,-0.1911,7.95,0.0459,-0.0532,0.0553,-0.0001,3,1,2,6,-0.0432,-0.2696,-0.2889,0.0003,0.2994,0.0997,377.62,0.2561,150.38,-0.4998,0.512
441,MRP,"Millrose Properties, Inc.",United States,Finance,REIT - Residential,USD,27.47,2026-09-23,4.56,37.2,제외,5.5,8.5,5,4.5,6,2.2,5.5,,,,,2026-12-31,0.3504,0.0759,0.2054,0.1352,2.44,2.87,3.09,3.2333,,0.2664,0.0464,0.1511,,9.57,adjTTM,9.54,8.6,8.89,8.5,,0.0712,0.1124,,1.854,0.569,,1.854,,0.0557,0.066,6.3058,9.519,0.0009,0.0002,3.32,-0.0054,-0.0048,-0.0072,0.001,3,1,1,3,-0.0969,-0.0282,-0.1227,-0.0499,0.0464,0.0963,28.28,0.0293,20.29,-0.2615,0.112
442,EE,"Excelerate Energy, Inc.",United States,Utilities,Oil & Gas Midstream,USD,34.15,2026-09-23,3.87,37.2,제외,14.0,15,7,1.8,2,4.0,5,,Commodity/Cyclical: Oil & Gas Midstream,,,2026-12-31,0.2405,0.2703,0.2553,0.2635,1.52,1.48,1.6854,2.2408,2.9877,0.1088,0.3295,0.2142,0.2527,23.07,adjTTM,23.39,16.34,20.26,15.24,11.43,0.1219,0.3395,0.5046,0.496,0.763,0.647,0.493,8.18,0.1013,0.0719,0.0164,0.507,,0.1849,1.75,0.0872,-0.2247,0.1463,-0.2214,1,3,0,5,-0.1337,-0.0523,0.3765,0.1154,0.3314,-0.0154,45.5,0.3325,16.28,-0.5233,0.635
443,AMKR,"Amkor Technology, Inc.",United States,Technology,Semiconductor Equipment & Materials,USD,53.53,2026-09-23,13.3,37.0,제외,9,8.5,13.5,2.5,0,6.5,4,,Commodity/Cyclical: Semiconductor Equipment & Materials,,,2026-12-31,0.1427,0.1272,0.135,0.131,1.5,2.23,2.5722,2.8064,3.2397,0.7148,0.091,0.3678,0.2926,24.0,adjTTM,24.0,19.52,20.81,19.07,16.52,0.133,0.2054,0.3117,2.144,0.531,0.667,1.596,10.39,0.0999,-0.0076,-0.0231,-0.31,0.0027,0.0026,-0.31,-0.0024,0.2323,0.0165,0.1445,5,5,0,9,0.0676,-0.3812,0.8233,0.1661,0.1223,-0.0661,60.93,0.1383,27.58,-0.4848,0.285
444,KRYS,"Krystal Biotech, Inc.",United States,Health Care,Biotechnology,USD,340.7,2026-09-23,10.08,36.8,제외,8.5,0.5,1,13.0,0,4.8,9,,,,,2026-12-31,0.3173,0.2769,0.297,0.2858,6.84,7.98,7.8651,9.3195,,0.1499,0.1849,0.1673,,42.69,adjTTM,42.75,38.17,43.32,36.56,,-0.0146,0.1437,,2.064,2.282,,2.064,47.91,0.3365,1.393,0.5852,1.068,0.1241,0.0071,-4.0,0.0,-0.0514,-0.0083,-0.0751,2,3,5,11,-0.0224,-0.0041,1.0538,0.379,0.1849,-0.1941,379.73,0.1146,196.08,-0.4245,0.27
445,MTRN,Materion Corporation,United States,Industrials,Other Industrial Metals & Mining,USD,253.56,2026-09-23,5.28,36.5,제외,9.5,5.0,14,1,0,5.8,7,,Commodity/Cyclical: Other Industrial Metals & Mining,,,2026-12-31,0.3341,0.0916,0.2067,0.1444,5.44,6.11,7.02,8.4333,,0.2904,0.2013,0.2451,,41.5,adjTTM,59.24,31.5,36.12,30.07,,0.1296,0.2755,,1.565,1.285,,1.565,28.07,0.0734,-0.2581,0.0155,0.36,0.0067,-0.0008,2.59,0.0887,0.0969,0.1099,0.1335,5,5,0,6,0.0935,-0.0435,1.1402,0.3143,0.2013,-0.2143,285.12,0.1245,142.48,-0.4381,0.284
446,AXGN,"AxoGen, Inc.",United States,Health Care,Medical Devices,USD,43.85,2026-09-23,2.57,36.5,제외,15.5,7,2,0,0,4.0,8,,,,,2026-12-31,0.2414,0.2006,0.2208,0.21,0.29,0.38,0.4614,0.685,,0.5911,0.4845,0.5369,,115.41,adjTTM,,70.24,95.04,64.02,,0.1765,0.4453,,1.45,1.308,,1.45,-385.92,-0.0422,0.5117,0.0259,,0.1499,0.0405,,0.0068,-0.0555,-0.0093,-0.0542,2,2,3,8,-0.1314,-0.0205,1.5303,0.6061,0.4845,-0.1216,56.61,0.2908,24.14,-0.4495,0.647
447,TRGP,"Targa Resources, Inc.",United States,Utilities,Oil & Gas Midstream,USD,286.7,2026-09-23,61.48,36.4,제외,10.5,3.5,8.5,7.5,0,6.5,5.5,,Commodity/Cyclical: Oil & Gas Midstream,,,2026-12-31,0.1132,0.2562,0.1825,0.2203,8.995,11.1011,11.4972,12.0796,14.6129,0.2782,0.0507,0.1588,0.1756,25.83,adjTTM,27.38,24.05,24.94,23.73,19.62,0.0345,0.081,0.2403,4.748,1.514,1.37,1.888,14.57,0.1342,0.1804,0.0443,0.328,0.0045,-0.0142,3.16,0.026,0.0297,0.0125,0.0212,4,4,1,5,-0.0425,0.0707,0.7195,0.2286,0.1274,-0.1286,334.9,0.1681,166.09,-0.4207,0.4
448,PAM,Pampa Energia S.A.,Argentina,Utilities,Conglomerates,USD,80.17,2026-09-23,4.3,36.4,제외,9.0,10,2,1.5,10,5.5,6,,EM macro (Argentina),,,2026-12-31,0.4163,0.1403,0.2708,0.1977,6.9,12.1116,10.6179,11.7364,12.0714,0.5388,0.1053,0.3042,0.205,6.62,adjTTM,7.35,7.01,7.55,6.83,6.64,-0.1407,-0.032,-0.0033,0.666,0.231,0.342,1.058,6.01,0.0528,-0.0242,-0.1882,-0.798,,0.0,0.77,0.0192,-0.0244,-0.0156,-0.1673,1,0,3,9,0.0073,-0.0285,0.2363,-0.0972,0.0662,0.1634,84.01,0.0479,35.35,-0.559,0.086
449,FRO,Frontline Plc,Bermuda,Consumer Discretionary,Oil & Gas Midstream,USD,47.44,2026-09-23,10.56,36.2,제외,7.5,7,13,4,0,2.5,8,★★,Commodity/Cyclical: Oil & Gas Midstream,Y,,2026-12-31,1.2681,-0.3478,0.2162,-0.12,1.77,5.38,8.1667,4.5781,,3.614,-0.4394,0.6083,,8.82,adjTTM,7.11,8.54,5.81,10.36,,0.3412,-0.1751,,,0.14,,,7.75,0.0852,,0.2538,0.463,0.002,0.0,1.68,0.0607,0.2101,0.1585,0.3026,5,2,1,5,0.1562,0.1775,1.2632,-0.0515,-0.4394,-0.3879,39.12,-0.1753,23.97,-0.4947,-0.354
450,LASR,"nLIGHT, Inc.",United States,Technology,Semiconductors,USD,40.98,2026-09-23,2.36,36.0,제외,13,1,4,4.5,0,5.5,8,,,,,2026-12-31,0.1705,0.1347,0.1524,0.1433,0.24,0.57,0.4956,0.63,,1.0648,0.2713,0.6202,,71.89,adjTTM,,69.04,82.69,65.05,,-0.1502,0.0952,,2.545,1.113,,2.545,-4376.29,-0.1487,,0.1346,,0.1379,0.0434,-30.22,0.0,-0.0551,0.0,-0.0674,2,0,2,9,-0.1437,-0.3892,0.3231,0.5992,0.2713,-0.3279,47.8,0.1664,21.23,-0.4819,0.345
451,CRWD,"CrowdStrike Holdings, Inc.",United States,Technology,Software - Infrastructure,USD,260.73,2026-09-23,266.97,36.0,제외,14.5,2,5,2.5,0,5.0,7,,,,,2027-01-31,0.2482,0.2259,0.237,0.2328,0.9325,1.105,1.2561,1.6059,3.7228,0.347,0.2785,0.3123,0.5864,235.95,adjTTM,8691.0,176.01,207.57,162.36,70.04,0.1203,0.3119,0.7032,6.32,5.636,3.002,3.52,2357.17,,-0.4039,0.2822,26.045,0.2305,0.0238,-10.09,-0.0186,-0.0185,-0.0148,-0.013,3,41,5,53,0.356,0.529,1.1506,1.0208,0.7216,-0.5208,522.55,1.0042,186.09,-0.2863,3.508
452,PI,"Impinj, Inc.",United States,Technology,Semiconductors,USD,176.37,2026-09-23,5.39,35.5,제외,12,2,5,6.0,0,3.5,7,,,,,2026-12-31,0.0787,0.2025,0.139,0.1708,2.11,2.08,2.0958,2.8033,,-0.0067,0.3376,0.1526,,84.79,adjTTM,,67.54,84.15,62.92,,0.0075,0.258,,2.001,4.425,,2.001,643.46,-0.0019,0.2754,0.1695,,0.1634,-0.0064,,0.0037,0.1139,-0.002,-0.006,4,3,5,9,0.0667,0.4102,-0.0454,0.5904,0.3376,-0.2529,212.62,0.2055,116.17,-0.3413,0.602
453,003670.KS,POSCO FUTURE M,KS,INTL,Electrical Equipment & Parts,KRW,179900.0,2026-09-22,11.71,35.5,제외,15.5,8,2.5,2.5,0,4.0,3,,,Y,,2026-12-31,0.1042,0.305,0.2004,0.2544,51.0,321.0102,458.5101,1046.9441,,7.9904,1.2834,3.5308,,560.42,adjTTM,,202.74,392.36,171.83,,0.2999,0.6934,,1.58,0.574,,4.055,80.58,0.0036,-0.0009,-0.2903,-18.698,0.0001,,10.81,-0.0186,-0.1775,0.0182,-0.0989,1,1,6,20,0.0778,0.0654,0.2843,1.0935,1.2834,-0.5935,250929.56,0.3948,58863.24,-0.6728,0.587
454,AEHR,Aehr Test Systems,United States,Industrials,Semiconductor Equipment & Materials,USD,99.62,2026-09-23,3.25,35.0,제외,12,8,15,0,0,5.0,3,,Commodity/Cyclical: Semiconductor Equipment & Materials,Y,,2027-05-31,1.7251,0.4811,1.0091,1.0332,0.03,0.03,0.75,1.3833,,24.0,0.8444,5.7905,,387.85,estTTM,,104.91,132.83,72.01,,0.6575,0.8143,,1.242,0.181,,2.098,-279.9,-0.0773,-0.3311,-0.1075,,0.1352,,,4.0,4.0,3.6111,3.6111,5,1,0,3,-0.0285,-0.0348,1.9388,0.7756,0.8444,-0.6756,156.56,0.5716,52.59,-0.4721,1.211
455,SNPS,"Synopsys, Inc.",United States,Technology,Software - Infrastructure,USD,416.49,2026-09-23,79.81,34.5,제외,6.5,7,10.5,1.5,0,6.5,2.5,,,,,2026-10-31,0.3782,0.1092,0.2364,0.1301,12.91,13.93,15.1419,17.5259,20.6894,0.1729,0.1574,0.1651,0.1702,29.9,adjTTM,72.69,24.11,27.51,23.76,20.13,0.08,0.2052,0.3267,1.531,1.46,1.416,1.427,41.27,0.0388,-0.0115,0.2918,2.552,0.1009,0.0623,3.03,0.0252,0.0253,0.0142,0.0169,3,17,1,26,0.0473,-0.0971,-0.1502,0.2293,0.1689,-0.0604,490.79,0.1784,296.67,-0.2877,0.62
456,MELI,"MercadoLibre, Inc.",Argentina,Consumer Discretionary,Internet Retail,USD,1793.76,2026-09-23,90.94,34.4,제외,14,7.5,2,9.5,0,3.0,7,,EM macro (Argentina),,,2026-12-31,0.4433,0.2792,0.3587,0.3128,39.4,36.77,38.0258,55.7678,79.1495,-0.0349,0.4666,0.1897,0.2618,48.78,adjTTM,48.61,35.2,47.17,32.16,22.66,0.033,0.3407,0.5354,0.754,1.856,1.345,0.795,25.71,0.2242,0.0876,0.3527,6.661,,-0.0,1.55,-0.0073,-0.0483,-0.0039,-0.0287,2,6,8,20,-0.0677,0.1319,-0.2813,0.3514,0.4427,-0.2514,2563.0,0.4288,823.59,-0.5409,0.793
457,HBM,Hudbay Minerals Inc.,Canada,Basic Materials,Copper,USD,26.79,2026-09-23,11.9,34.3,제외,12.5,10.5,5,7.5,0,3.0,5,,Commodity/Cyclical: Copper,,,2026-12-31,0.3205,0.1513,0.233,0.1885,0.67,0.93,1.539,1.9366,1.6008,1.2969,0.2584,0.7001,0.3369,28.81,adjTTM,16.44,14.65,17.41,13.83,16.74,0.3957,0.5198,0.419,0.567,0.209,0.435,7.363,11.28,0.0996,0.4127,0.1147,0.418,0.0329,0.0513,0.3,0.0111,-0.0554,-0.0135,-0.0883,2,6,1,16,-0.1092,0.0559,0.9935,0.0854,0.0199,-0.0655,24.78,-0.0748,11.75,-0.5615,-0.133
458,BG,Bunge Limited,United States,Consumer Staples,Farm Products,USD,111.58,2026-09-23,21.44,34.1,제외,7,14,8,0,8,5.5,0,,Commodity/Cyclical: Farm Products,,,2026-12-31,0.3051,0.0277,0.1581,0.0893,7.57,8.09,9.6149,11.262,11.84,0.2701,0.1713,0.2197,0.1608,13.79,adjTTM,24.05,10.32,11.6,9.91,9.42,0.1586,0.2817,0.3167,0.602,0.47,0.642,0.94,12.43,0.0426,-0.0844,-0.0077,-0.706,0.001,0.362,4.38,-0.0024,0.0195,-0.007,0.0345,4,5,2,7,-0.0163,0.01,0.4546,-0.0057,0.1097,0.1057,120.53,0.0803,62.22,-0.4424,0.181
459,TWLO,Twilio Inc.,United States,Technology,Software - Infrastructure,USD,291.27,2026-09-23,44.73,34.0,제외,4,1,8,6.5,0,5.5,9,,,,,2026-12-31,0.1841,0.1147,0.1489,0.1313,4.89,5.55,5.9293,6.7906,8.7064,0.2125,0.1453,0.1784,0.212,52.48,adjTTM,40.23,44.42,49.12,42.89,33.45,0.064,0.1827,0.3625,3.058,2.49,2.095,2.098,84.24,0.0163,,0.1774,0.861,0.1059,-0.037,-2.78,0.0026,0.039,-0.0002,0.0243,4,25,3,30,0.2874,0.576,1.8042,0.4323,0.2118,-0.2205,363.67,0.2486,203.52,-0.3013,0.825
460,FROG,JFrog Ltd.,United States,Technology,Software - Application,USD,90.11,2026-09-23,11.11,34.0,제외,10.5,1.5,8,1.5,0,6.5,6,,,,,2026-12-31,0.2235,0.1794,0.2013,0.1897,0.82,0.98,0.9802,1.145,32.0603,0.1953,0.1682,0.1817,2.394,91.95,adjTTM,,81.9,91.93,78.7,2.81,0.0002,0.1441,0.9694,4.87,4.508,0.342,1.638,-253.47,-0.3082,-0.2959,0.2829,,0.2684,0.0593,,-0.0,0.0277,0.0002,0.0202,4,13,3,23,-0.0257,0.1404,0.788,0.669,4.7192,-0.169,1938.89,20.5169,61.04,-0.3226,63.59
461,TW,Tradeweb Markets Inc.,United States,Finance,Capital Markets,USD,101.14,2026-09-23,21.85,33.5,제외,4,4.5,5,4,0,6.0,10,,,,,2026-12-31,0.1409,0.1149,0.1278,0.1213,3.47,3.79,4.0466,4.5925,5.14,0.1662,0.1349,0.1504,0.1399,26.69,adjTTM,24.14,22.76,24.99,22.02,19.68,0.0634,0.1747,0.2626,1.687,1.513,1.626,1.791,,0.1282,0.2763,0.4875,1.2,0.0495,-0.0001,-1.26,-0.0024,-0.0044,0.0012,0.0055,3,3,2,14,-0.0538,0.0211,-0.0896,0.2117,0.127,-0.0847,113.59,0.1231,71.83,-0.2898,0.425
462,HSAI,Hesai Group,China,Industrials,Auto Parts,USD,16.34,2026-09-23,20.54,33.5,제외,17.0,15,3,2.5,0,4.8,4,,Commodity/Cyclical: Auto Parts,,,2026-12-31,0.4185,0.4141,0.4163,0.415,0.5611,0.6029,0.549,0.9227,,-0.0215,0.6807,0.2824,,27.1,adjTTM,32.68,19.89,29.76,17.71,,-0.0981,0.3466,,0.292,0.705,,0.398,-36.1,0.0346,0.167,-0.0675,-0.452,0.0344,0.1335,-6.87,0.0,-0.0763,-0.0024,-0.0036,2,0,2,6,-0.145,0.027,-0.4417,0.1717,0.6807,-0.0717,21.7,0.3281,8.77,-0.463,0.709
463,AEM,Agnico Eagle Mines Limited,Canada,Basic Materials,Gold,USD,196.36,2026-09-23,99.43,33.3,제외,6,5,2,12.2,0,5.5,7,,Commodity/Cyclical: Gold,,,2026-12-31,0.3003,0.0328,0.1588,0.0923,8.31,11.31,12.1083,12.4541,13.1854,0.4571,0.0286,0.2242,0.1664,17.36,adjTTM,16.81,15.89,16.22,15.77,14.89,0.0659,0.0919,0.1422,5.562,0.709,0.955,3.649,9.84,0.1943,2.7792,0.3131,0.774,0.0066,0.0051,-0.24,-0.0023,-0.0956,-0.0032,-0.138,1,1,14,17,-0.0902,0.2274,0.2185,0.1076,0.0435,-0.0641,206.32,0.0507,93.82,-0.5222,0.097
464,HCC,"Warrior Met Coal, Inc.",United States,Energy,Coking Coal,USD,90.64,2026-09-23,4.79,33.0,제외,7.5,17.5,5,0,4,4.0,5,,Commodity/Cyclical: Coking Coal,Y,,2026-12-31,0.5345,0.0742,0.2839,0.164,1.09,4.165,6.3075,6.8345,10.911,4.7867,0.0835,1.504,1.1552,21.76,adjTTM,21.79,13.55,14.37,13.26,8.31,0.3397,0.3906,0.6183,1.621,0.09,0.117,0.43,10.74,0.0189,-0.5248,0.0036,0.028,0.0133,0.0049,-0.18,-0.0041,-0.0734,0.0,-0.0742,2,4,1,4,-0.1512,0.053,0.465,0.0643,0.3152,0.0357,132.82,0.4653,34.59,-0.6184,0.752
465,RDNT,"RadNet, Inc.",United States,Health Care,Diagnostics & Research,USD,73.84,2026-09-23,5.81,33.0,제외,14,5.5,2,1,0,3.0,7.5,,,,,2026-12-31,0.229,0.1005,0.163,0.1303,0.39,0.44,0.5143,0.8867,1.2434,0.3187,0.7241,0.5078,0.4718,167.82,adjTTM,,93.98,143.58,83.28,59.39,0.1445,0.5038,0.6461,1.298,1.851,1.992,1.88,27.43,0.0288,-0.0157,0.0319,,0.0261,0.0057,3.24,0.0,-0.0028,0.0,-0.0601,2,1,3,6,-0.0381,0.3148,-0.0434,0.7274,0.5549,-0.2274,107.76,0.4594,23.7,-0.679,0.677
466,RKT,"Rocket Companies, Inc.",United States,Finance,Mortgage Finance,USD,12.29,2026-09-23,34.8,32.3,제외,15,17.5,1,1,2,4.8,4,,Commodity/Cyclical: Mortgage Finance,,,2026-12-31,0.5963,0.1053,0.3283,0.1981,0.28,0.49,0.614,0.8525,1.0851,1.193,0.3884,0.7449,0.5707,25.08,adjTTM,,15.6,20.01,14.42,11.33,0.202,0.4252,0.5484,0.402,0.209,0.273,0.474,25.51,,,-0.1603,-3.048,0.048,8.376,,-0.0065,-0.1654,-0.0171,-0.2001,1,0,13,15,-0.1195,-0.0895,-0.3749,0.1026,0.3293,-0.0026,15.94,0.2972,5.69,-0.5367,0.554
467,ENLT,Enlight Renewable Energy Ltd.,Israel,Utilities,Utilities - Renewable,USD,72.82,2026-09-23,10.19,32.0,제외,17,5.5,13,0,0,5.5,0,,Commodity/Cyclical: Utilities - Renewable,,,2026-12-31,0.6105,0.4102,0.507,0.4478,0.4221,0.623,0.58,1.1037,2.9431,0.3741,0.9029,0.617,0.9104,116.89,adjTTM,119.38,75.73,125.55,65.98,24.74,-0.0741,0.4355,0.7883,0.839,1.227,0.832,1.515,33.71,0.0333,0.0338,-2.2121,-16.736,0.0258,0.0755,9.41,-0.0986,-0.0986,0.3026,0.3026,5,1,1,4,-0.0888,-0.1959,1.5506,0.6366,1.2526,-0.5366,185.09,1.5417,32.97,-0.5472,2.818
468,VST,Vistra Corp.,United States,Utilities,Utilities - Independent Power Producers,USD,139.03,2026-09-23,46.67,32.0,제외,8,12.5,2,4.5,4,2.2,7,,Commodity/Cyclical: Utilities - Independent Power Producers,Y,,2026-12-31,0.2665,0.0644,0.1611,0.1103,2.18,5.92,9.4729,10.3811,12.0555,3.3454,0.0959,1.1822,0.7684,23.49,adjTTM,23.45,13.72,14.68,13.39,11.53,0.3751,0.4297,0.5089,1.431,0.116,0.179,1.071,10.49,0.0783,-0.0615,0.1174,1.112,0.007,-0.005,2.94,-0.0182,-0.01,-0.0127,-0.0646,2,0,6,10,0.0223,-0.1425,-0.3154,0.0677,0.1281,0.0323,159.15,0.1447,73.7,-0.4699,0.308
469,AG,First Majestic Silver Corp.,Canada,Basic Materials,Silver,USD,19.14,2026-09-23,9.43,31.1,제외,10.5,6,3,12.0,0,2.2,4,,Commodity/Cyclical: Silver,,,2026-12-31,0.3743,0.1225,0.242,0.1762,0.46,0.89,0.945,1.0175,,1.0543,0.0767,0.4873,,21.5,adjTTM,27.34,19.18,20.25,18.81,,0.0582,0.1253,,2.5,0.394,,2.5,10.09,0.1548,0.3196,0.3723,1.601,0.0077,0.6396,-0.66,0.0,-0.1021,0.0,-0.0792,1,2,2,4,-0.0936,0.1594,0.6231,0.161,0.0767,-0.0843,20.06,0.0482,10.12,-0.4714,0.102
470,CEG,Constellation Energy Corporatio,United States,Utilities,Utilities - Independent Power Producers,USD,263.08,2026-09-23,93.21,30.6,제외,6,8,5,5,0,4.2,8,,Commodity/Cyclical: Utilities - Independent Power Producers,,,2026-12-31,0.3758,0.0361,0.1939,0.1084,9.39,10.63,12.1342,13.2524,16.703,0.2923,0.0921,0.188,0.2116,24.75,adjTTM,25.74,20.32,21.68,19.85,15.75,0.124,0.1979,0.3636,2.205,1.081,0.96,1.173,14.8,0.142,47.9818,0.0099,0.089,,-0.0032,0.65,0.0032,0.0355,-0.0041,-0.0215,3,7,9,18,-0.0363,-0.0255,-0.2145,0.1779,0.1733,-0.0779,320.34,0.2176,149.96,-0.43,0.506
471,RNW,ReNew Energy Global plc,United Kingdom,Utilities,Utilities - Renewable,USD,6.84,2026-09-23,2.5,30.6,제외,14,19,1,1,4,4.8,0,,Commodity/Cyclical: Utilities - Renewable,,,2027-03-31,0.2492,0.1229,0.1844,0.1813,0.2904,0.3209,0.229,0.6996,,-0.2112,2.0545,0.5522,,21.33,adjTTM,22.08,15.01,29.89,9.78,,-0.401,0.5413,,0.073,0.272,,0.3,8.28,0.0576,0.0858,-0.1268,-1.609,0.0065,0.0065,6.91,-0.1928,0.0295,-0.0545,-0.042,3,0,1,3,0.0051,0.1076,-0.128,0.0921,2.0545,0.0079,11.77,0.7194,3.68,-0.4619,1.558
472,FNV,Franco-Nevada Corporation,Canada,Basic Materials,Gold,USD,261.8,2026-09-23,50.49,30.5,제외,9.0,4,2,11.2,0,1.5,8,,Commodity/Cyclical: Gold,,,2026-12-31,0.3924,0.1677,0.2751,0.2151,5.58,,8.4253,9.3562,,0.5099,0.1105,0.2949,,34.21,estTTM,34.27,28.76,31.07,27.98,,0.0916,0.182,,2.603,0.975,,2.603,24.2,0.1775,0.1687,0.3848,0.603,0.0023,0.0021,-0.3,-0.0079,-0.0639,-0.0058,-0.0259,2,2,7,13,-0.0132,0.2258,0.2341,0.2847,0.1105,-0.1847,279.89,0.0691,126.89,-0.5153,0.134
473,WPM,Wheaton Precious Metals Corp,Canada,Basic Materials,Gold,USD,147.35,2026-09-23,66.92,30.4,제외,10.5,3.5,3,8.5,0,5.5,5,,Commodity/Cyclical: Gold,,,2026-12-31,0.6121,0.1024,0.3331,0.198,3.019,4.312,4.7646,4.9852,6.4002,0.5782,0.0463,0.285,0.2846,34.17,adjTTM,32.74,29.92,30.93,29.56,23.02,0.095,0.135,0.3263,6.462,1.05,1.051,1.882,26.89,0.1967,0.8516,-0.9192,-1.422,0.008,0.0012,-0.41,-0.01,-0.1078,-0.0146,-0.1165,1,8,5,15,-0.067,0.2657,0.374,0.2975,0.159,-0.1975,179.99,0.2215,64.57,-0.5618,0.394
474,DLR,"Digital Realty Trust, Inc.",United States,Real Estate,REIT - Specialty,USD,183.81,2026-09-23,69.42,30.3,제외,7.5,2,5,6.0,0,4.8,5,,,,,2026-12-31,0.1655,0.1093,0.1371,0.1229,1.5745,1.8161,3.1869,2.7621,3.1127,1.0241,-0.1333,0.3245,0.2551,101.21,adjTTM,90.11,63.88,57.68,66.55,59.05,0.4301,0.3425,0.4165,,1.969,2.505,,27.94,0.023,0.0701,0.4164,2.008,0.0161,0.0491,4.41,-0.0492,0.0733,-0.0447,-0.0356,3,2,1,6,-0.0297,-0.0515,0.0852,0.5685,-0.0117,-0.5802,192.78,0.0488,102.15,-0.4443,0.11
475,PAGP,"Plains GP Holdings, L.P.",United States,Energy,Oil & Gas Midstream,USD,26.94,2026-09-23,6.28,28.8,제외,9,11.5,1,5.0,4,4.0,2.5,,Commodity/Cyclical: Oil & Gas Midstream,,,2026-12-31,0.2796,-0.0009,0.1307,0.0623,1.0237,2.708,1.8391,2.0628,2.4803,0.7966,0.1216,0.4195,0.3431,9.95,adjTTM,76.97,13.46,14.65,13.06,10.86,-0.4724,-0.3128,-0.0918,1.107,0.321,0.392,0.834,10.34,0.0545,0.0923,0.0448,4.229,0.001,2.5736,3.73,-0.0229,-0.0642,-0.0409,-0.0526,2,1,1,4,0.0019,0.1464,0.5727,0.0626,0.1613,0.0374,31.85,0.1823,14.43,-0.4644,0.392
476,OR,OR Royalties Inc.,Canada,Basic Materials,Gold,USD,36.34,2026-09-23,6.81,27.5,제외,10.5,2,1,7.5,0,5.5,6,,Commodity/Cyclical: Gold,,,2026-12-31,0.4597,0.1941,0.3202,0.248,0.88,1.26,1.3225,1.3751,,0.5029,0.0397,0.25,,28.84,adjTTM,24.22,26.7,27.47,26.42,,0.0473,0.0837,,6.717,1.068,,6.717,21.62,0.1369,,-0.2534,-0.325,0.0215,0.0084,-0.36,-0.0068,-0.1138,-0.0072,-0.1671,1,0,9,11,0.0076,0.1316,-0.0294,0.2611,0.0397,-0.2214,37.25,0.0251,18.14,-0.5007,0.05
477,ET,Energy Transfer LP,United States,Utilities,Oil & Gas Midstream,USD,20.56,2026-09-23,70.79,27.4,제외,5.5,6.5,7,4.5,2,2.2,4.5,,Commodity/Cyclical: Oil & Gas Midstream,,,2026-12-31,0.4394,0.0005,0.2,0.0907,1.21,1.47,1.7141,1.6812,1.7999,0.4166,-0.0191,0.1788,0.1415,13.99,adjTTM,14.08,12.16,11.99,12.23,11.42,0.1424,0.1257,0.1833,,0.681,0.859,4.916,9.23,0.0781,0.0466,0.0486,1.034,0.0015,0.0084,3.96,-0.0049,0.1399,-0.0056,0.0473,4,6,4,15,-0.0314,0.0858,0.2894,0.0361,0.0247,-0.0114,21.5,0.0459,10.51,-0.4886,0.094
478,RGLD,"Royal Gold, Inc.",United States,Industrials,Gold,USD,254.47,2026-09-23,21.56,27.0,제외,12.5,13,3,3.5,0,2.2,3,,Commodity/Cyclical: Gold,,,2026-12-31,0.8299,0.2048,0.4848,0.3105,7.33,9.26,10.452,12.8671,,0.4259,0.2311,0.3249,,27.48,adjTTM,28.15,20.84,24.35,19.78,,0.114,0.2803,,0.902,0.641,,0.902,17.38,0.1011,0.0616,0.0004,0.001,0.0083,0.0575,0.53,-0.0069,-0.0799,-0.0036,-0.0422,2,6,5,11,-0.0196,0.232,0.3346,0.1853,0.2311,-0.0853,290.69,0.1423,129.46,-0.4913,0.29
479,PRM,"Perimeter Solutions, SA",Luxembourg,Industrials,Specialty Chemicals,USD,28.77,2026-09-23,4.71,26.7,제외,6.5,10,2,2,2,4.8,6,,Commodity/Cyclical: Specialty Chemicals,,,2026-12-31,0.3502,0.1294,0.2348,0.1771,1.34,1.36,1.5459,1.8341,1.9254,0.1536,0.1865,0.1699,0.1284,21.15,adjTTM,,16.38,18.61,15.69,14.94,0.1202,0.2585,0.2936,0.879,0.964,1.276,1.412,-22.23,-0.1109,,0.1283,,0.0228,0.032,,-0.0722,-0.1368,-0.0329,-0.0694,1,0,3,4,-0.0865,-0.198,0.2867,0.1162,0.116,-0.0162,31.14,0.0824,15.45,-0.4631,0.178
480,VNOM,"Viper Energy, Inc.",United States,Energy,Oil & Gas Midstream,USD,41.13,2026-09-23,14.77,26.2,제외,7.5,7,6,3.5,0,3.0,5,,Commodity/Cyclical: Oil & Gas Midstream,,,2026-12-31,0.6742,-0.032,0.273,0.0964,1.66,2.02,2.6113,2.5212,2.8786,0.5731,-0.0345,0.2324,0.2014,20.36,adjTTM,,16.16,15.75,16.31,14.29,0.2264,0.1988,0.2983,,0.695,0.802,3.235,7.8,0.066,0.0009,0.0972,3.414,,0.5174,1.98,0.0401,-0.0245,0.0164,0.0136,3,4,5,14,-0.0917,-0.0434,0.1314,0.1123,0.0499,-0.0624,44.94,0.0927,12.88,-0.6868,0.135
481,AVAV,"AeroVironment, Inc.",United States,Industrials,Aerospace & Defense,USD,158.1,2026-09-23,8.03,26.0,제외,10,5.5,2.5,0,0,4.0,4,,,,,2027-04-30,0.115,0.1523,0.1335,0.1309,3.31,2.92,3.2651,4.4574,5.5006,-0.0136,0.3652,0.1604,0.1845,54.14,adjTTM,,42.25,48.42,35.47,28.74,0.1057,0.3449,0.4691,1.157,2.633,2.29,1.418,37.37,-0.0236,-0.0346,-0.0224,,0.0159,0.7423,,0.0073,-0.1798,0.012,-0.1631,1,2,9,18,-0.0124,0.0614,-0.4701,0.4144,0.298,-0.1165,205.96,0.3027,102.54,-0.3514,0.861
482,SBLK,Star Bulk Carriers Corp.,Greece,Consumer Discretionary,Marine Shipping,USD,30.41,2026-09-23,3.53,25.7,제외,4,8,6,3.0,0,5.5,4,★★,Commodity/Cyclical: Marine Shipping,Y,,2026-12-31,0.3941,-0.0999,0.1202,0.0042,0.97,2.71,4.3139,3.5596,,3.4473,-0.1749,0.9156,,11.22,adjTTM,11.93,8.08,7.05,8.54,,0.3718,0.2387,,,0.088,,,8.3,0.0354,-0.141,0.2386,1.0,0.0144,0.0618,1.46,0.0,0.147,0.0,-0.0085,4,1,2,4,-0.0043,0.1604,0.6461,-0.0647,-0.1749,-0.1102,28.76,-0.0544,16.37,-0.4618,-0.118
483,AMBA,"Ambarella, Inc.",United States,Technology,Semiconductor Equipment & Materials,USD,67.36,2026-09-23,2.97,25.0,제외,10.5,4.5,4,1.5,0,5.5,5,,Commodity/Cyclical: Semiconductor Equipment & Materials,,,2027-01-31,0.1288,0.1335,0.1311,0.1319,0.62,0.69,0.8044,1.1206,,0.2974,0.393,0.3444,,97.62,adjTTM,,66.82,83.73,60.11,,0.1422,0.3842,,1.7,1.94,,1.7,-55.23,-0.1618,,0.0233,,0.2186,0.0339,,0.0179,0.0179,-0.0233,-0.0233,3,5,5,13,-0.0869,0.0277,-0.2264,0.5862,0.393,-0.4862,84.35,0.2524,31.73,-0.5289,0.477
484,TSLA,"Tesla, Inc.",United States,Industrials,Auto Manufacturers,USD,379.77,2026-09-23,1499.94,19.2,제외,6,1,2.5,3.5,0,3.0,6,,Commodity/Cyclical: Auto Manufacturers,,,2026-12-31,0.1198,0.1377,0.1287,0.1332,1.66,1.74,1.7779,2.1972,2.0208,0.071,0.2359,0.1505,0.0678,218.26,adjTTM,345.25,182.28,213.61,172.84,187.93,0.0213,0.2081,0.139,7.728,12.112,26.901,27.564,136.65,0.0679,-0.3127,0.0555,1.512,0.0367,0.0965,-2.44,0.003,-0.1321,0.0179,-0.1267,1,4,19,31,0.0461,-0.0053,-0.1086,1.0385,0.0661,-0.9724,377.07,-0.0071,154.52,-0.5931,-0.012
,GALD.SW,GALDERMA GROUP N,SW,INTL,Drug Manufacturers - Specialty & Generic,CHF,160.9,2026-09-23,45.53,72.5,B+,14,14.5,12,9.5,10,2.5,10,,,,FY1/FY2 추정 기준·통화 불일치 의심 → 성장률 신뢰 불가,2026-12-31,0.2295,0.1701,0.1994,0.1839,2.1399,,3.1099,5.5125,,0.4533,0.7726,0.605,,56.52,estTTM,53.63,33.1,51.74,29.19,,0.0846,0.4836,,0.428,0.547,,0.662,28.91,0.0832,1.1944,0.1967,1.682,0.0122,,1.74,0.0034,0.0169,0.0571,0.0571,4,11,1,14,-0.0624,-0.0973,0.1543,0.3307,0.7726,0.1693,215.72,0.3407,118.04,-0.2664,1.279
,CDNS,"Cadence Design Systems, Inc.",United States,Technology,Software - Application,USD,309.78,2026-09-23,85.31,67.5,B,14,8.5,10,12.0,8,6.0,9,,,,FY1/FY2 추정 기준 불일치(GAAP vs Non-GAAP) → 성장률 왜곡,2026-12-31,0.1929,0.1343,0.1632,0.1482,4.06,7.99,4.8057,9.5454,11.0051,0.1837,0.9863,0.5333,0.3943,38.77,adjTTM,61.59,37.5,64.46,32.45,28.15,-0.6626,0.1629,0.274,0.38,0.703,0.951,0.75,39.22,0.2556,0.1483,0.2864,1.213,0.0881,-0.0019,-0.24,0.0009,0.068,0.0002,0.0155,4,19,0,26,-0.0288,-0.1826,-0.1541,0.3729,0.5133,0.1271,397.89,0.2844,215.7,-0.3037,0.937
