ticker,rank,name,sector,ind,type,P,mcap,pe_ttm,pe_ntm,pe1,pe2,comp1,comp2,rg1,rg2,rc,eg1,eg2,ecagr2,e2,peg1,peg,roic_u,ronic,fcfm_ttm,nd_ebitda,sbc_rev,sh_g,rv1m_f1,rv3m_f1,rv1m_f2,rv3m_f2,r1m,r3m,impl_g,gap,up12,up_roll,tgt,tlow,A,B,C,D,E,F2,G2,final,grade,alpha,peak,turn,oneoff,risk
NVDA,1,NVIDIA Corporation,Technology,Semiconductors,Earnings Revision Play / High-Growth at Fair Price,225.51,5445.3899,32.1698,16.6838,24.2298,14.3796,0.2468,0.553,0.9059,0.6589,0.7781,0.9512,0.685,0.8132,0.8132,0.1754,0.2052,1.318,3.3312696176778664,0.41920460509161,-0.1173,0.023900134997309957,-0.010068481982716482,0.0365,0.0428,0.2171,0.2374,0.0829,0.1345,0.1149,0.6983,0.3945,0.6894,327.7,180.0,16.0,19.5,14.5,14.0,10.0,10.0,8.0,92.0,S+,★★,False,False,False,매출채권 급증
CLS,2,"Celestica, Inc.",Technology,Electronic Components,Earnings Revision Play / Growth Inflection,361.84,45.632,44.2889,21.0944,32.2408,18.6896,0.272,0.578,0.6598,0.7112,0.6853,0.855,0.7251,0.7889,0.7889,0.2467,0.2674,0.4605,1.7799766423357664,0.03326172689089102,0.2844,0.005027413511173811,-0.007919879206212288,-0.0013,0.0906,0.302,0.3382,0.2202,0.0303,0.1822,0.6067,0.3754,0.7251,471.2034,375.0,18.0,18.5,15.0,12.5,10.0,10.0,8.0,92.0,S+,★,False,False,False,
3017.TW,3,ASIA VITAL COMPONENTS CO LTD,Technology,Electronic Components,Growth Inflection / Capex-to-FCF,3530.0,43.5706,47.2557,24.4213,34.142,22.0814,0.2775,0.5327,0.5888,0.41,0.4968,1.1433,0.5462,0.8204,0.8204,0.2136,0.2977,2.1227,2.0416200790033465,0.24096398191835713,-1.0366,0.00039280403009210563,0.0030613037677553745,0.0461,0.0938,0.0587,0.174,0.1189,0.5439,0.2263,0.5941,0.353,0.5514,4098.7646,3327.0,17.0,17.0,14.0,15.0,10.0,8.5,9.0,90.5,S+,,False,False,False,
CIEN,4,Ciena Corporation,Technology,Communication Equipment,Earnings Revision Play / Growth Inflection,355.91,50.4711,59.2196,35.9239,49.663,34.7731,0.1614,0.4128,0.3466,0.3069,0.3266,1.7146,0.4282,0.969,0.969,0.2095,0.3707,0.2017,-0.1225008251402655,0.13525599354514461,0.6395,0.03521188049482352,0.01015923985633127,0.0949,0.0958,0.2662,0.2844,-0.1008,-0.226,0.3505,0.6185,0.3097,0.4282,516.8323,347.0,18.0,13.5,15.0,9.5,10.0,10.0,10.0,86.0,S,,False,False,False,
TSM,5,Taiwan Semiconductor Manufactur,Technology,Semiconductors,Quality Compounder / GARP,446.57,2316.1238,32.2201,21.7084,26.3714,20.368,0.1815,0.3678,0.4288,0.3455,0.3865,0.59,0.2947,0.4348,0.4348,0.3679,0.4993,0.6134,1.3978173595203884,0.25327527248178816,-0.7733,0.0001539196399089841,0.00011161300969564358,0.0021,0.0739,0.0066,0.115,0.0918,0.0157,0.1907,0.2441,0.2351,0.3037,552.2594,440.0,17.0,16.5,13.0,14.0,8.5,9.5,7.0,85.5,S,,False,False,False,매출채권 급증
AMD,6,"Advanced Micro Devices, Inc.",Technology,Semiconductors,Earnings Revision Play / Momentum-supported Fundamental,614.61,1003.3355,106.7031,45.561,81.1283,39.4722,0.2397,0.6301,0.4687,0.7312,0.5946,0.8167,1.0553,0.9324,0.9324,0.5578,0.4887,0.0896,0.9307584973166368,0.2034378404551507,-0.924,0.0458782229754267,0.017791411042944683,0.0012,0.026,0.014,0.1828,0.3456,0.1825,0.4332,0.4992,0.4104,1.0553,616.508,365.0,20.0,13.5,13.5,9.5,10.0,10.0,9.0,85.5,S,,False,False,False,
5803.T,7,FUJIKURA,Industrials,Conglomerates,Growth Inflection (가이던스 신뢰도 낮음),4964.0,52.0506,39.8422,23.484,25.3187,21.7885,0.3645,0.4531,0.4382,0.1269,0.2731,1.0653,0.162,0.5492,0.5492,0.2204,0.4276,0.359,7.034014898688915,,-0.2729,,0.0002359035001406884,0.2271,0.6417,0.1709,0.4671,-0.0593,-0.1938,0.2144,0.3348,0.1445,0.1697,7351.6665,3500.0,15.5,16.0,15.0,11.0,10.0,7.5,9.0,84.0,A+,,False,False,False,
TER,8,"Teradyne, Inc.",Technology,Semiconductor Equipment & Materials,Earnings Revision Play (분기 감속),389.14,60.8384,50.6693,35.5126,42.8036,33.3955,0.1552,0.3409,0.6119,0.2182,0.4013,1.2958,0.2817,0.7154,0.7154,0.2741,0.4964,0.4362,0.23855955886673935,0.17919499214947207,-0.1692,0.016561712945093794,-0.015249633122053297,-0.0002,0.263,0.0086,0.2298,0.0361,-0.0734,0.3466,0.3687,0.2175,0.283,446.4667,350.0,17.0,12.5,14.0,14.0,10.0,8.5,8.0,84.0,A+,,False,False,False,매출채권 급증
RDDT,9,"Reddit, Inc.",Communication Services,Internet Content & Information,High-Growth at Fair Price,151.98,29.2404,35.3442,22.9922,28.2574,21.5011,0.2005,0.3917,0.5375,0.3181,0.4236,1.0528,0.3142,0.6425,0.6425,0.2184,0.3578,1.5009,0.23760431154381084,0.3665742538057329,-3.4503,0.12162799217225642,0.012566446601019576,-0.0029,0.0828,0.0066,0.0924,-0.0085,-0.0824,0.208,0.4346,0.2408,0.3142,213.7091,130.0,16.0,15.5,13.0,12.5,10.0,9.0,7.5,83.5,A+,,False,False,False,SBC>10%
ONTO,10,Onto Innovation Inc.,Technology,Semiconductor Equipment & Materials,Growth Inflection / Earnings Revision,282.31,17.2558,51.0506,26.2878,34.7848,24.0129,0.3186,0.5296,0.4316,0.3072,0.368,0.6429,0.4486,0.5427,0.5427,0.4089,0.4844,0.1007,1.0689161849710982,0.22539296532477723,-1.3282,0.02780999109930303,0.01358740003264236,0.0034,0.133,0.0161,0.2168,-0.0376,-0.1063,0.2491,0.2936,0.3314,0.4486,386.3636,330.0,17.0,15.0,14.0,11.0,8.5,8.5,9.0,83.0,A+,,False,False,False,
TSEM,11,Tower Semiconductor Ltd.,Technology,Semiconductors,Growth Inflection / Capex-to-FCF,230.5,26.0537,80.5944,39.1149,59.4063,34.7032,0.2629,0.5694,0.2608,0.372,0.3153,0.6943,0.7118,0.7031,0.7031,0.5633,0.5563,0.099,-0.013917232137205816,0.1758382014795421,-2.244,,0.010107519288148126,0.0063,0.161,0.0209,0.1576,0.0355,-0.1845,0.3796,0.3235,0.3735,0.7118,314.3611,270.0,20.0,13.5,14.5,6.0,10.0,10.0,9.0,83.0,A+,,False,False,False,
LITE,12,Lumentum Holdings Inc.,Technology,Communication Equipment,Earnings Revision Play / Growth Inflection,937.0,84.0489,111.9474,37.8301,43.2384,27.1434,0.6138,0.7575,1.0958,0.5219,0.786,1.4995,0.593,0.9954,0.9954,0.2523,0.3801,0.1514,1.1932644017725258,0.09956867949568679,-1.3328,0.05646980756469808,0.17500000000000004,0.0022,0.1952,0.0457,0.2207,0.1287,0.1121,0.3681,0.6273,0.4945,0.593,1149.3787,820.0,17.0,14.5,14.5,9.5,10.0,10.0,7.0,82.5,A+,,False,False,False,희석>5%
6857.T,13,ADVANTEST CORP,Technology,Semiconductor Equipment & Materials,Quality Compounder / Earnings Revision,33220.0,151.9328,52.4587,31.6448,35.7423,28.176,0.3187,0.4629,0.7783,0.2579,0.4956,0.8042,0.2685,0.5128,0.5128,0.3935,0.617,0.935,124.42495566502463,,-0.5232,,-0.007882190111422438,0.0167,0.3065,0.0544,0.3608,-0.0741,0.0333,0.3084,0.2045,0.2268,0.2704,42138.094,23000.0,16.0,14.0,15.0,11.0,8.5,9.0,9.0,82.5,A+,,False,False,False,
FLEX,14,Flex Ltd.,Technology,Electronic Components,GARP / Margin Expansion,112.3,41.484,31.2813,19.1142,23.7706,15.7922,0.2401,0.4952,0.2403,0.2992,0.2694,0.4316,0.5052,0.468,0.468,0.4429,0.4085,0.1726,0.8434732824427481,0.03768718205918177,1.4555,,-0.018372703412073532,0.0,0.0403,0.0,0.0229,0.0167,-0.2605,0.1534,0.3145,0.3854,0.5052,160.5,142.0,18.5,18.0,9.5,8.5,10.0,9.0,9.0,82.5,A+,★,False,False,False,
FIX,15,"Comfort Systems USA, Inc.",Industrials,Engineering & Construction,Quality Compounder / Growth,1625.9,57.2225,39.9877,28.4505,33.1769,27.018,0.1703,0.3243,0.4264,0.1898,0.3027,0.6969,0.228,0.4435,0.4435,0.4082,0.6415,0.9339,29.403534248279293,0.1923585129493845,-0.7672,0.003404695251809223,-0.003251434872345804,0.0007,0.1358,0.0023,0.1313,-0.0179,-0.1474,0.274,0.1695,0.1777,0.2302,2197.0,1910.0,17.0,12.5,12.0,14.5,7.0,9.5,10.0,82.5,A+,,False,False,False,
ENVA,16,"Enova International, Inc.",Financial Services,Credit Services,GARP / Earnings Revision,168.37,4.1921,11.2247,8.4373,9.7493,8.0348,0.1314,0.2842,0.2243,0.1764,0.2001,0.3326,0.2134,0.2716,0.2716,0.2537,0.3107,0.0622,0.10279515760260416,0.5666578065068781,,0.01001410854701698,-0.013960819635217336,0.0039,0.0548,0.0176,0.0727,-0.3069,-0.202,-0.0598,0.3314,0.1644,0.2134,241.0,205.0,14.0,16.5,13.0,10.5,10.0,9.0,9.0,82.0,A+,,False,False,False,
AMAT,17,"Applied Materials, Inc.",Technology,Semiconductor Equipment & Materials,Cyclical Recovery / GARP,474.38,376.4668,43.4812,26.4381,37.0771,25.705,0.1473,0.4088,0.2075,0.3468,0.2752,0.3582,0.4424,0.3997,0.3997,0.738,0.6615,0.3472,0.8556666666666667,0.18234588319226902,-0.1858,0.022732431818918833,-0.0024937655860348684,0.0002,0.0457,0.0062,0.1324,-0.0203,-0.1937,0.2509,0.1488,0.3137,0.4469,640.8857,358.0,18.5,12.5,12.5,13.5,7.0,9.0,9.0,82.0,A+,,False,False,False,
LLY,18,Eli Lilly and Company,Healthcare,Drug Manufacturers - General,Quality Compounder,1150.99,1026.3854,36.551,25.7736,31.1865,24.2097,0.1468,0.3376,0.3567,0.1547,0.2516,0.5244,0.2882,0.4013,0.4013,0.4915,0.6422,0.4726,0.7780301228256407,0.17021105668931963,1.1019,0.008146532138006523,-0.006811513669704339,0.0053,0.0193,0.0065,0.0694,-0.0832,0.0412,0.2429,0.1584,0.227,0.2941,1325.3855,930.0,15.5,13.5,11.5,14.5,7.0,9.5,10.0,81.5,A+,,False,False,False,
MKSI,19,MKS Inc.,Technology,Scientific & Technical Instruments,GARP / Deleveraging,262.72,17.7645,26.272,15.9919,19.9841,14.8852,0.2393,0.4334,0.2926,0.2069,0.249,0.6683,0.3425,0.4966,0.4966,0.2393,0.322,0.104,inf,0.10466988727858294,3.3822,0.012652403956751783,0.07863501483679536,0.0009,0.1238,0.0083,0.1809,-0.0578,-0.3243,0.1031,0.3935,0.2659,0.3463,410.8572,270.0,15.5,18.5,14.0,8.5,10.0,8.5,6.0,81.0,A+,★★(조건부),False,False,False,ND/EBITDA>2.5x;희석>5%
8035.T,20,TOKYO ELECTRON,Technology,Semiconductor Equipment & Materials,Cyclical Recovery / Earnings Revision,54390.0,156.4845,40.028,26.6463,31.8105,22.6905,0.2053,0.4331,0.5422,0.2398,0.3828,0.3629,0.4019,0.3823,0.3823,0.7343,0.6971,0.328,0.5569121219548905,,-0.5263,,-0.014300338806111257,0.0148,0.0917,0.062,0.2017,0.0018,-0.3009,0.2533,0.1289,0.3478,0.416,76808.695,42300.0,18.0,14.5,15.0,11.0,7.0,6.5,9.0,81.0,A+,,False,False,False,
BESI.AS,21,BE Semiconductor Industries N.V,Technology,Semiconductor Equipment & Materials,Growth Inflection,189.5,17.0746,72.3282,31.6395,43.0535,28.798,0.4047,0.6018,0.6959,0.3516,0.514,1.6515,0.495,0.991,0.991,0.1916,0.3193,0.6753,-0.15301090105638646,0.23084089695675386,-0.5421,0.024498131340096103,-0.026646356224587775,0.0056,0.0813,0.013,0.049,-0.0774,-0.3362,0.3083,0.6827,0.3471,0.5032,293.0909,220.0,17.0,15.5,12.0,11.0,10.0,6.5,9.0,81.0,A+,,False,False,False,
ENR.DE,22,Siemens Energy AG             N,Industrials,Specialty Industrial Machinery,Margin Expansion / Turnaround,144.54,140.0383,41.5557,23.4035,32.3503,23.2776,0.2215,0.4398,0.1305,0.144,0.1372,1.8016,0.3898,0.9732,0.9732,0.1299,0.2405,0.409,inf,0.18619156868368225,-1.7649,,-0.021680216737391733,0.0038,0.0261,0.0046,0.0351,-0.0194,-0.1077,0.2133,0.7599,0.2793,0.3946,196.3164,100.0,14.0,16.5,10.5,13.5,10.0,6.5,10.0,81.0,A+,,False,False,False,
VRT,23,"Vertiv Holdings, LLC",Industrials,Electrical Equipment & Parts,Quality Growth,248.78,95.7774,47.0284,29.3553,36.939,27.2715,0.2145,0.4201,0.3704,0.2971,0.3332,0.6035,0.3545,0.4738,0.4738,0.4864,0.6196,0.383,inf,0.2547127077598523,0.085,0.004547196766437855,0.007439239719655433,0.0041,0.0392,0.0026,0.0362,-0.05,-0.2183,0.284,0.1897,0.2721,0.3555,338.1538,236.0,18.0,13.5,10.5,15.0,7.0,8.0,9.0,81.0,A+,,False,False,False,재고 급증
HRMY,24,"Harmony Biosciences Holdings, I",Healthcare,Biotechnology,Deep Value (단일제품 LOE 위험),40.48,2.3574,10.2853,6.4365,7.7523,6.0541,0.2463,0.4114,0.1874,0.1258,0.1562,0.4505,0.2805,0.3628,0.3628,0.1429,0.1774,0.3934,0.12148382316126771,0.36972574169338823,-1.9829,0.04260452673096517,0.0056176809904795455,0.1609,0.0906,0.1108,0.1682,0.0611,0.185,-0.1213,0.4842,0.2153,0.2805,47.3636,30.0,14.0,19.0,14.0,12.5,10.0,3.0,8.0,80.5,A+,★★(조건부),False,False,False,
AEIS,25,"Advanced Energy Industries, Inc",Industrials,Electrical Equipment & Parts,Earnings Revision Play,279.43,11.1913,32.8355,19.6381,24.8504,18.2161,0.2432,0.4452,0.3479,0.2407,0.2932,0.7542,0.3642,0.547,0.547,0.2604,0.359,0.1671,0.5419858653002817,0.03584925467142557,-0.0558,0.031912660088179716,0.1076115485564304,0.1935,0.206,0.0099,0.3023,-0.022,-0.2341,0.1613,0.3857,0.2799,0.3657,429.0833,370.0,15.5,16.5,14.0,7.5,10.0,9.0,8.0,80.5,A+,★,False,False,False,희석>5%
LRCX,26,Lam Research Corporation,Technology,Semiconductor Equipment & Materials,Cyclical Recovery / Quality,307.28,384.5059,52.7973,30.6117,32.3266,26.1748,0.3877,0.5042,0.5031,0.1806,0.3321,0.6332,0.235,0.4202,0.4202,0.4834,0.7284,0.7769,33.81335884645975,0.21053317545234754,-0.1687,0.01663091962230805,-0.016368125813962076,0.0048,0.1799,0.0158,0.1921,-0.0083,-0.1793,0.2976,0.1227,0.2196,0.2392,373.7742,290.0,17.0,11.5,14.0,14.0,7.0,9.0,8.0,80.5,A+,,False,False,False,매출채권 급증
TTMI,27,"TTM Technologies, Inc.",Technology,Electronic Components,Growth Inflection,125.82,13.255,40.4566,19.8151,25.9423,18.2546,0.3588,0.5488,0.5116,0.2381,0.368,0.9715,0.4211,0.6739,0.6739,0.204,0.2941,0.1256,inf,-0.004482858890771511,1.2185,0.01816388448502644,0.025840778846795587,0.0,0.1931,0.0,0.2764,0.1382,-0.4098,0.1639,0.51,0.3204,0.4211,203.0,175.0,17.0,18.0,13.0,7.0,10.0,9.0,6.0,80.0,A+,★,False,False,False,FCF<0
NESR,28,National Energy Services Reunit,Energy,Oil & Gas Equipment & Services,Cyclical Recovery / Turnaround,32.81,3.3089,27.8051,12.9984,17.4523,11.8709,0.3723,0.5731,0.5449,0.2295,0.3782,1.265,0.4702,0.8248,0.8248,0.1028,0.1576,0.1113,inf,0.0965671452794001,0.4488,0.006124472254565558,0.05713776289345662,0.0,0.1398,0.0,0.1485,-0.0067,0.3087,0.0474,0.7774,0.3344,0.4702,43.2857,40.0,17.0,19.5,11.0,8.5,10.0,8.0,6.0,80.0,A+,★★(조건부),False,False,False,희석>5%
6669.TW,29,WIWYNN CORPORATION,Technology,Computer Hardware,Growth Inflection (운전자본 부담),2090.0,36.5257,20.6064,12.8108,17.3569,11.6729,0.1577,0.4335,0.4101,0.7588,0.5748,0.3058,0.4869,0.3934,0.3934,0.419,0.3256,0.3685,0.8081552315103419,-0.05838244194232234,1.056,,0.07288148866541855,-0.0075,0.0486,0.0028,0.154,-0.0812,0.3611,0.0436,0.3498,0.3604,0.5099,2773.6792,2234.817,19.0,18.5,11.5,10.0,10.0,8.0,3.0,80.0,A+,★★(조건부),False,False,False,희석>5%;FCF<0;재고 급증
CRDO,30,Credo Technology Group Holding ,Technology,Semiconductors,High-Growth at Fair Price (모멘텀 훼손),193.87,36.4382,47.2854,25.3545,30.7482,19.9766,0.3497,0.5775,0.8736,0.5496,0.7039,0.8223,0.5392,0.6748,0.6748,0.3083,0.3757,0.4011,3.602862481315396,0.2756666216228956,-1.3586,0.1478034876449126,0.06731313042571063,0.025,0.0328,0.0641,0.0969,-0.1291,-0.2793,0.2379,0.4369,0.4194,0.5392,280.098,185.0,16.0,16.5,13.5,13.0,10.0,8.0,3.0,80.0,A+,,False,False,False,SBC>10%;희석>5%;재고 급증
MYRG,31,"MYR Group, Inc.",Industrials,Engineering & Construction,GARP,295.18,4.5957,28.0057,21.1989,24.2249,20.2571,0.135,0.2767,0.1998,0.1547,0.177,0.6182,0.1959,0.3911,0.3911,0.3429,0.542,0.2552,0.2278893114408871,0.04826773298692403,-0.2433,0.004483467634336158,0.010016051364365897,0.0627,0.0627,0.0956,0.1056,-0.0505,-0.3693,0.1837,0.2074,0.1511,0.1959,412.0,375.0,14.0,14.5,14.0,10.0,8.5,9.0,10.0,80.0,A+,,False,False,False,
329180.KS,32,HD HYUNDAI HEAVY INDUSTRIES,Industrials,Aerospace & Defense,Cyclical Recovery / Earnings Revision,441000.0,33.8129,17.4074,12.7761,14.1707,12.3247,0.1859,0.292,0.4211,0.0688,0.2324,0.9819,0.1498,0.5096,0.5096,0.1301,0.2507,0.4956,inf,0.16161313506568303,-1.4226,,0.18211352248317225,-0.0018,0.029,0.0024,0.0584,-0.0506,-0.2395,0.0429,0.4666,0.1387,0.1727,823772.75,560000.0,15.5,17.5,10.5,11.5,10.0,8.0,7.0,80.0,A+,★★(조건부),False,False,False,희석>5%
DAVE,33,Dave Inc.,Technology,Software - Application,GARP,326.19,4.1607,20.7897,15.6784,18.823,14.7606,0.0946,0.29,0.3173,0.2242,0.2699,0.3148,0.2752,0.2949,0.2949,0.498,0.5317,0.8538,2.3819711164696735,0.4959085097094242,0.062,0.05833111940750684,-0.06796944340145905,-0.0009,0.0429,0.0203,0.0696,-0.0804,0.0259,0.0977,0.1972,0.2113,0.2752,444.2143,350.0,14.0,15.5,12.0,14.0,7.0,7.5,10.0,80.0,A+,,False,False,False,자사주 효과 큼
APH,34,Amphenol Corporation,Technology,Electronic Components,Quality Compounder,82.19,202.6778,38.1392,26.3895,30.7938,25.0557,0.1926,0.343,0.5386,0.1839,0.3496,0.5982,0.229,0.4015,0.4015,0.4411,0.6572,0.2397,0.8155982235833648,0.17880388205591458,1.4151,0.0055204255746261165,0.013362678824084373,0.004,0.1084,0.0128,0.1538,0.0486,0.0374,0.2503,0.1512,0.1823,0.235,99.3889,85.0,17.0,12.5,14.0,12.5,7.0,8.0,9.0,80.0,A+,,False,False,False,
STRL,35,"Sterling Infrastructure, Inc.",Industrials,Engineering & Construction,Quality Growth (리비전 하향),512.0,15.6613,32.1003,21.3851,25.5562,20.1605,0.2039,0.372,0.6487,0.1986,0.4057,0.8414,0.2676,0.5278,0.5278,0.2542,0.4052,0.5703,inf,0.1401785553292932,-0.1788,0.008009920645307266,0.012385410571484234,-0.0002,0.0589,0.0047,-0.0608,-0.0093,-0.4262,0.1863,0.3415,0.2056,0.2676,876.0,700.0,17.0,16.5,8.0,12.5,10.0,7.5,8.0,79.5,A,,False,False,False,매출채권 급증;컨센 하향
SMTC,36,Semtech Corporation,Technology,Semiconductors,Growth Inflection,169.33,15.8028,79.1262,33.6327,48.6932,29.0152,0.3846,0.6333,0.4157,0.2924,0.3527,1.0336,0.6782,0.8474,0.8474,0.3254,0.3969,0.1019,inf,0.15659738633895837,1.7896,0.07143751357289764,0.16262975778546718,0.313,0.3085,0.4983,0.5019,0.3646,0.0371,0.3285,0.5189,0.3887,0.6782,208.6667,155.0,17.0,14.5,15.0,9.5,10.0,9.0,4.0,79.0,A,,False,False,False,희석>5%
SANM,37,Sanmina Corporation,Technology,Electronic Components,GARP,221.89,11.8927,21.0922,15.9663,18.3406,15.9434,0.1305,0.2441,0.7408,0.1598,0.4209,1.003,0.1504,0.518,0.518,0.1592,0.3083,0.2346,-0.2077878279895891,0.046551021156478085,0.6698,0.006952316362791902,0.011744627750353231,0.0784,0.0784,0.0686,0.0686,0.1747,-0.1018,0.1027,0.4153,0.1057,0.1504,260.0,210.0,16.0,15.5,13.0,7.5,10.0,9.0,8.0,79.0,A,,False,False,False,재고 급증
ONON,38,On Holding AG,Consumer Cyclical,Footwear & Accessories,GARP,30.16,10.0799,17.7569,15.3724,17.495,14.7082,0.0148,0.1717,0.1649,0.1895,0.1771,0.7762,0.1895,0.4535,0.4535,0.198,0.339,0.6953,inf,0.13324431747608992,-1.3803,0.022450627251273135,-0.018748250013728818,0.0062,0.0099,0.0064,-0.0202,0.022,-0.1831,0.0923,0.3612,0.1462,0.1895,43.2019,19.9304,15.0,16.5,8.5,13.5,10.0,5.5,10.0,79.0,A,,False,False,False,
ASM.AS,39,ASM International N.V.,Technology,Semiconductor Equipment & Materials,Quality Compounder,851.4,47.3273,45.729,29.6683,36.4406,27.749,0.2031,0.3932,0.3073,0.2911,0.2992,0.5527,0.3132,0.428,0.428,0.5368,0.6933,0.2579,0.45391009112138087,0.12231210472128254,-0.9609,0.013590233857920282,0.0014866405995437315,0.0061,0.0545,0.0199,0.1226,0.0467,-0.1314,0.2874,0.1405,0.2438,0.317,1125.8948,690.0,15.5,12.5,13.0,12.5,7.0,9.0,9.0,78.5,A,,False,False,False,
ASX,40,"ASE Technology Holding Co., Ltd",Technology,Semiconductors,Growth Inflection,43.93,114.379,51.1409,25.3318,38.3434,22.4912,0.2502,0.5602,0.2999,0.245,0.2722,1.0065,0.7048,0.8495,0.8495,0.2517,0.2982,0.1099,0.47486809294498433,-0.061543234698234965,1.3581,,0.025144777685226938,0.0231,0.0577,0.0611,0.2314,0.2032,0.1157,0.2376,0.6119,0.3817,0.714,51.0,51.0,16.5,17.5,15.0,7.0,10.0,6.0,6.0,78.0,A,,False,False,False,FCF<0
LFST,41,"LifeStance Health Group, Inc.",Healthcare,Medical Care Facilities,,12.08,4.5923,43.472,24.4501,30.5428,22.7602,0.2974,0.4764,0.1992,0.144,0.1713,1.1684,0.3419,0.7058,0.7058,0.2093,0.3464,0.04,inf,0.10973073520633707,1.8385,0.0441371146757326,-0.008618615390128648,-0.0456,0.2699,0.0153,0.3539,-0.0313,0.2797,0.2267,0.4792,0.2616,0.3419,14.2,12.0,14.0,16.0,14.0,8.0,10.0,7.5,8.0,77.5,A,,False,False,False,ROIC<8%
FLYW,42,Flywire Corporation - Voting,Technology,Software - Infrastructure,,16.86,2.0513,20.3638,13.3324,16.0109,12.5509,0.2138,0.3837,0.2625,0.1537,0.2069,1.2505,0.2757,0.6944,0.6944,0.1066,0.192,0.0513,0.40946709701061296,0.21536904831978115,-4.6157,0.0993415907772256,0.004862753246882789,-0.0,0.0299,-0.0017,0.0712,-0.1372,0.0801,0.0541,0.6403,0.2117,0.2757,21.1538,18.0,15.5,18.5,10.5,7.5,10.0,7.5,8.0,77.5,A,★★(조건부),False,False,False,ROIC<8%
MTZ,43,"MasTec, Inc.",Industrials,Engineering & Construction,,217.52,17.4679,26.6569,18.634,23.3608,17.329,0.1236,0.3499,0.2718,0.1893,0.2299,0.4216,0.3481,0.3843,0.3843,0.442,0.4848,0.1243,inf,0.015196625162803913,2.2315,0.0023240276010402317,0.0044446708523835365,-0.0001,0.0535,0.0053,0.0664,-0.1831,-0.4429,0.1461,0.2382,0.2662,0.3481,413.8,321.0,15.5,16.5,12.0,8.5,8.5,7.5,9.0,77.5,A,★,False,False,False,
FCX,44,"Freeport-McMoRan, Inc.",Basic Materials,Copper,,72.58,104.2262,31.8333,18.8756,23.8246,17.5211,0.2516,0.4496,0.1426,0.1944,0.1682,0.7211,0.3598,0.5298,0.5298,0.2617,0.3563,0.1791,0.04236399388245576,0.06811504561620535,0.6572,0.005798670171640637,0.0,0.015,0.1139,0.0047,0.0635,-0.0532,0.1298,0.1498,0.38,0.2831,0.3679,72.4546,30.0,16.0,17.5,10.0,7.5,10.0,7.5,9.0,77.5,A,,False,False,False,
ADI,45,"Analog Devices, Inc.",Technology,Semiconductors,,385.23,186.6692,34.2123,24.1083,29.8744,23.5642,0.1268,0.3112,0.3734,0.2034,0.2856,0.6553,0.2678,0.4487,0.4487,0.3679,0.5373,0.1041,,0.3556826145187521,0.9879,0.025220390175758896,-0.0158819953052588,0.037,0.0449,0.0854,0.106,0.0357,-0.0512,0.2224,0.2263,0.2057,0.2791,470.7188,365.0,15.5,13.5,13.5,10.0,8.5,7.5,9.0,77.5,A,,False,False,False,
AAMI,46,Acadian Asset Management Inc.,Financial Services,Asset Management,,91.51,3.2477,20.5179,14.8398,17.0728,14.151,0.1679,0.3103,0.409,0.1772,0.2879,0.6492,0.2065,0.4106,0.4106,0.2286,0.3614,0.5342,0.3467571428571429,-0.07494390426327599,1.1112,,-0.005726410674278037,-0.0028,0.1178,-0.0072,0.1042,-0.0075,0.2548,0.0827,0.3279,0.1635,0.2109,86.3333,80.0,14.5,16.0,10.0,9.5,10.0,8.5,9.0,77.5,A,★★,False,False,False,매출채권 급증
ASML,47,ASML Holding N.V. - New York Re,Technology,Semiconductor Equipment & Materials,,1744.61,670.1047,55.592,31.8603,39.9769,29.6219,0.2809,0.4672,0.3122,0.2734,0.2927,0.551,0.3496,0.4468,0.4468,0.5782,0.7131,0.881,0.39324844011083143,0.25177269832283633,-0.415,0.005474488712759182,-0.009011328527291473,0.0078,0.2121,0.0058,0.2439,-0.0109,-0.0178,0.3106,0.1362,0.2726,0.3548,2118.6436,881.0386,16.5,10.5,14.0,14.0,7.0,7.5,8.0,77.5,A,,False,False,False,매출채권 급증
GLBE,48,Global-E Online Ltd.,Consumer Cyclical,Internet Retail,,41.24,6.927,31.0402,21.8137,25.9045,20.6028,0.1655,0.3363,0.39,0.2841,0.336,0.4834,0.2573,0.3657,0.3657,0.4512,0.5965,0.3709,inf,0.2616393720647854,-2.5332,0.03741558579802656,-0.0026416431965847753,0.0613,0.0613,0.0415,0.0436,0.017,0.2819,0.1922,0.1735,0.1978,0.2573,50.7692,45.0,16.0,12.5,11.5,14.0,7.0,7.5,9.0,77.5,A,,False,False,False,매출채권 급증
NU,49,Nu Holdings Ltd.,Financial Services,Banks - Regional,GARP,13.62,65.794,18.5357,13.1673,15.9687,12.3602,0.1385,0.3332,0.4472,0.2222,0.33,0.459,0.2919,0.3729,0.3729,0.2869,0.3531,,,-0.12676030572779243,,0.026858171230548063,0.0024953869372452697,0.0131,0.0442,0.0009,0.0196,-0.0658,0.0818,0.0508,0.3221,0.2239,0.2919,18.6909,12.0,17.0,16.0,7.5,10.5,10.0,6.5,10.0,77.5,A,★★,False,False,False,
2308.TW,50,DELTA ELECTRONIC,Technology,Electronic Components,Quality Growth,1910.0,156.0013,62.6846,33.0953,47.0341,29.8076,0.2497,0.5245,0.4011,0.4081,0.4046,0.7595,0.5779,0.6662,0.6662,0.4358,0.4968,0.4587,10.960390989648406,0.11702831438941404,-0.7956,1.8247312030788194e-05,-0.000887187221435437,-0.0022,-0.0227,-0.0015,-0.0136,0.0914,0.0026,0.3231,0.3431,0.3591,0.584,2469.6365,1330.0,19.0,15.0,4.5,14.5,10.0,5.5,9.0,77.5,A,,False,False,False,
JBL,51,Jabil Inc.,Technology,Electronic Components,GARP,308.75,32.353,25.7506,18.3385,24.1871,18.3385,0.0607,0.2878,0.1756,0.2201,0.1977,0.3092,0.3189,0.3141,0.3141,0.593,0.5839,0.4155,,0.03888061923191426,1.0776,,-0.025617566331198494,0.0003,0.033,0.0053,0.1539,-0.0142,-0.1721,0.1416,0.1725,0.2242,0.3199,429.5556,365.0,15.5,15.5,13.5,9.5,7.0,8.0,8.0,77.0,A,,False,False,False,매출채권 급증
KEYS,52,Keysight Technologies Inc.,Technology,Scientific & Technical Instruments,Earnings Revision Play,353.36,60.1577,35.2655,25.9405,30.7965,25.4737,0.1267,0.2777,0.3238,0.1517,0.2348,0.6025,0.209,0.3919,0.3919,0.4305,0.6619,0.177,-0.3248525695029486,0.2231844424187177,0.0948,0.03251291400790034,0.0,0.1206,0.1207,0.1637,0.17,0.1178,0.0022,0.2449,0.147,0.1518,0.209,415.0833,350.0,15.5,11.5,15.0,9.0,7.0,9.0,10.0,77.0,A,,False,False,False,
COCO,53,"The Vita Coco Company, Inc.",Consumer Defensive,Beverages - Non-Alcoholic,,57.98,3.355,29.5629,25.7013,28.5616,24.7778,0.0339,0.1619,0.3106,0.2042,0.2563,0.53,0.1527,0.328,0.328,0.4849,0.7835,0.8202,inf,0.17625612944712457,-1.9368,0.019703463651068388,0.01675709083266086,0.1426,0.2583,0.1433,0.223,-0.0848,-0.2993,0.2421,0.086,0.1181,0.1527,83.2222,68.0,13.0,11.0,15.0,13.5,5.5,8.5,10.0,76.5,A,,False,False,False,
RSI,54,"Rush Street Interactive, Inc.",Consumer Cyclical,Gambling,,20.56,5.0217,44.6957,26.3555,33.1613,24.4852,0.2581,0.4522,0.3994,0.1595,0.2738,0.6757,0.3543,0.5065,0.5065,0.3901,0.5204,,inf,0.10638059726059866,-1.8942,0.0185516419508962,-0.5056649101728394,0.0,0.0318,-0.0013,0.0072,-0.2031,-0.3033,0.2499,0.2566,0.271,0.3543,35.8333,30.0,15.5,16.0,9.5,10.5,8.5,6.5,10.0,76.5,A,,False,False,False,자사주 효과 큼
2382.TW,55,QUANTA COMPUTER,Technology,Computer Hardware,,338.0,43.5694,15.1638,11.0616,12.6461,10.5687,0.166,0.303,0.9039,0.3229,0.587,0.4134,0.1966,0.3005,0.3005,0.2676,0.3681,0.2969,0.7631604425215952,-0.01202486622746601,0.9196,4.934373516856293e-06,0.020017442149155018,0.0035,0.1338,0.0016,0.1315,0.0165,-0.0397,0.006,0.2944,0.1973,0.2423,427.8421,250.0,14.5,17.5,12.0,10.0,8.5,8.5,5.0,76.0,A,★★(조건부),False,False,False,FCF<0;재고 급증
WK,56,Workiva Inc.,Technology,Software - Application,,70.79,3.8521,24.6655,18.3282,21.0766,17.4799,0.1455,0.2913,0.1781,0.1545,0.1662,0.8869,0.2058,0.5084,0.5084,0.2067,0.3605,,inf,0.20725237833399088,-0.5368,0.12938633960755808,-0.0003683703129371274,0.0,0.1539,0.0002,0.1562,-0.054,0.5068,0.1414,0.367,0.1586,0.2058,89.8,80.0,15.0,13.5,12.0,9.0,10.0,8.5,8.0,76.0,A,,False,False,False,SBC>10%
CXW,57,"CoreCivic, Inc.",Industrials,Security & Protection Services,,32.28,3.1923,25.0233,14.7834,19.1857,13.6203,0.2333,0.4557,0.2227,0.0836,0.151,0.5295,0.4086,0.4678,0.4678,0.2792,0.316,0.0726,inf,0.023073337101394666,3.2822,0.010568284839672211,-0.08915534629794175,-0.0025,0.0499,0.041,0.191,-0.0509,0.0858,0.0817,0.3862,0.3117,0.4086,41.8,40.0,14.0,19.0,14.0,7.0,10.0,5.5,6.0,75.5,A,★★(조건부),False,False,False,ND/EBITDA>2.5x;매출채권 급증;ROIC<8%;자사주 효과 큼
HPE,58,Hewlett Packard Enterprise Comp,Technology,Communication Equipment,,62.33,82.7409,19.6625,13.7993,16.3012,13.5575,0.1709,0.3105,0.3553,0.1708,0.2596,0.971,0.2024,0.5394,0.5394,0.1421,0.2558,0.0618,-12.6084,0.09925724248286404,2.0472,0.01898688829977789,0.019704433497536922,0.111,0.117,0.1196,0.1384,0.1918,0.2818,0.0632,0.4762,0.1563,0.2117,68.0795,52.59,15.5,17.5,13.0,4.0,10.0,8.5,7.0,75.5,A,★★(조건부),False,False,False,재고 급증;ROIC<8%
PENG,59,"Penguin Solutions, Inc.",Technology,Information Technology Services,,53.88,2.761,23.6316,16.1118,20.6065,16.1118,0.128,0.3182,0.2303,0.3054,0.2673,0.3762,0.279,0.3267,0.3267,0.4283,0.4932,0.1944,0.8158947055324212,-0.046205343031400045,0.3932,0.021966387281602176,0.02465666753507767,0.1451,0.1999,0.1903,0.2993,0.0239,-0.1953,0.1052,0.2215,0.1953,0.279,74.2857,40.0,15.0,15.5,15.0,8.0,8.5,8.5,5.0,75.5,A,,False,False,False,FCF<0;매출채권 급증;재고 급증
MCHP,60,Microchip Technology Incorporat,Technology,Semiconductors,,75.53,41.0134,35.6274,18.4303,20.7151,16.4785,0.4186,0.5375,0.3572,0.1621,0.2558,1.2233,0.2571,0.6718,0.6718,0.1507,0.2744,0.06,,0.21687523182945162,3.4038,0.054174882377057185,0.020956973293768444,-0.0002,0.1532,0.004,0.1145,-0.0013,-0.1852,0.143,0.5288,0.2395,0.2811,107.84,80.0,15.5,18.0,12.0,6.5,10.0,8.5,5.0,75.5,A,,False,False,False,ND/EBITDA>2.5x;ROIC<8%
HALO,61,"Halozyme Therapeutics, Inc.",Healthcare,Biotechnology,GARP (특허 만료 위험),112.44,12.7617,20.9776,11.357,13.1096,10.8188,0.3751,0.4843,0.3272,0.1061,0.2116,1.0667,0.2117,0.5825,0.2117,0.1065,0.5364,0.3887,inf,0.3116193775702665,1.8536,0.03790620879008594,-0.02370366790702172,0.0,0.0509,0.0,0.0506,0.0395,0.6151,0.0127,0.5698,0.1631,0.2117,99.5556,70.0,12.5,17.0,10.0,13.0,7.0,8.0,8.0,75.5,A,,False,False,True,FY0 일회성 저기저(정상화 성장률 적용)
SEZL,62,Sezzle Inc.,Financial Services,Credit Services,,106.89,3.5995,23.8594,17.0463,20.3213,16.0817,0.1483,0.326,0.3524,0.2434,0.2967,0.4652,0.2636,0.3607,0.3607,0.3664,0.4726,0.735,1.006952255116662,0.5112006873640453,0.1342,0.01350474818899503,-0.04000442343313704,0.0267,0.0318,0.0161,0.0273,-0.1026,-0.295,0.1209,0.2398,0.2025,0.2636,168.0,150.0,14.5,15.0,10.5,10.5,8.5,7.5,9.0,75.5,A,★,False,False,False,매출채권 급증;자사주 효과 큼
INOD,63,Innodata Inc.,Technology,Information Technology Services,,71.99,2.4752,54.5379,36.5877,43.7629,34.4834,0.1976,0.3677,0.4287,0.2795,0.352,0.788,0.2691,0.5064,0.5064,0.4643,0.7225,1.493,3.7938816195531415,0.5796622567504509,-4.161,0.058789774375402,-0.015013738987564085,0.0,0.1955,0.0,0.0438,0.2601,-0.1172,0.3567,0.1497,0.2067,0.2691,122.75,111.0,16.0,11.0,11.0,14.0,7.0,6.5,10.0,75.5,A,,False,False,False,
EMBJ,64,Embraer S.A.,Industrials,Aerospace & Defense,,75.43,13.4234,30.0675,20.0073,23.4264,18.9765,0.2209,0.3689,0.1317,0.1148,0.1232,1.3312,0.2345,0.6964,0.6964,0.1503,0.2873,0.1398,inf,0.04511222862749908,0.5236,,-0.02545949625595645,0.0438,0.1365,0.0086,0.0316,-0.0068,0.2392,0.1667,0.5297,0.1927,0.2468,91.6,70.0,13.0,17.5,11.0,7.5,10.0,6.0,10.0,75.0,A,,False,False,False,
HUBS,65,"HubSpot, Inc.",Technology,Software - Application,,226.03,11.5706,19.2694,14.2346,17.0029,13.4214,0.1176,0.3035,0.1765,0.1409,0.1586,0.3705,0.2668,0.3176,0.3176,0.3842,0.4481,0.2641,0.3071741740372633,0.19074867809471677,-7.028,0.1492351838895865,-0.039490663427964146,0.003,0.0152,0.0142,0.0786,-0.0582,0.3043,0.0715,0.2461,0.205,0.2668,249.7168,190.0,12.5,14.5,11.5,11.5,8.5,8.5,8.0,75.0,A,★★(조건부),False,False,False,SBC>10%
DLO,66,DLocal Limited,Technology,Software - Infrastructure,,14.06,4.1374,17.868,13.2061,16.4981,12.2931,0.0767,0.312,0.4578,0.2975,0.3753,0.0566,0.3421,0.1908,0.1908,2.3339,0.6921,1.205,0.6666264055440432,0.28645486084478455,-3.2956,0.018998507260143845,-0.007329544505797259,-0.009,-0.01,0.0114,0.0358,-0.0732,0.1572,0.0516,0.1392,0.2753,0.3557,18.8,15.0,14.0,15.5,8.5,15.0,7.0,6.0,9.0,75.0,A,,False,False,False,매출채권 급증
SGHC,67,Super Group (SGHC) Limited,Consumer Cyclical,Gambling,,12.03,6.1122,16.5794,14.1341,15.7899,13.6032,0.0476,0.1795,0.2023,0.0877,0.1436,0.7788,0.1607,0.4369,0.4369,0.1815,0.3235,1.3012,inf,0.11929247223364871,-0.7893,,0.010787611137055952,0.0,-0.0229,0.0,-0.011,-0.0925,-0.102,0.0696,0.3673,0.1404,0.1769,19.5,18.0,12.0,16.5,6.5,13.5,10.0,6.5,10.0,75.0,A,,False,False,False,
GNRC,68,Generac Holdlings Inc.,Industrials,Specialty Industrial Machinery,,199.42,11.7785,24.4687,17.0399,20.5199,16.0282,0.1614,0.3449,0.1731,0.2692,0.2202,0.5329,0.2802,0.4009,0.4009,0.3198,0.4251,0.0908,,0.0854408421143696,1.7903,0.011497427643750512,0.010465042060260332,-0.003,0.0796,0.0526,0.1133,-0.0318,-0.2736,0.1208,0.2801,0.2151,0.2802,293.9375,215.0,16.5,15.5,14.0,5.0,8.5,6.0,9.0,74.5,B+,,False,False,False,
LFUS,69,"Littelfuse, Inc.",Technology,Electronic Components,,422.43,10.7292,32.1484,21.8972,24.8269,21.0243,0.2277,0.346,0.2361,0.0987,0.1654,0.5932,0.1809,0.3716,0.3716,0.3692,0.5892,0.1202,,0.16996898624654022,0.138,0.011018909668426714,0.028709094559325354,0.1528,0.3071,0.1638,0.2955,0.0247,-0.0936,0.1933,0.1783,0.1467,0.1885,488.75,415.0,14.0,13.5,15.0,8.5,7.0,8.5,8.0,74.5,B+,,False,False,False,
ECG,70,"Everus Construction Group, Inc.",Industrials,Engineering & Construction,,114.98,5.8688,23.1348,19.7187,21.5453,19.1155,0.0687,0.1737,0.2443,0.1166,0.1787,0.3511,0.1271,0.234,0.234,0.5617,0.8426,0.3025,54.78069408224674,0.05867921379809468,0.5648,0.002038299499952189,0.0024660429796061756,0.1555,0.1555,0.1748,0.1903,-0.0872,-0.2649,0.1625,0.0716,0.0984,0.1271,176.0,152.0,10.0,12.0,15.0,13.5,5.5,8.5,10.0,74.5,B+,,False,False,False,
FORM,71,"FormFactor, Inc.",Technology,Semiconductor Equipment & Materials,,131.26,10.2541,60.4885,38.993,42.9356,37.7727,0.2902,0.3755,0.316,0.1331,0.2211,1.3516,0.1367,0.635,0.635,0.2885,0.6141,0.137,2.641987335228741,0.15087256504752142,-1.6905,0.04002327579040705,0.026829362673649104,0.0,0.2544,0.0,0.245,0.1498,-0.0807,0.3785,0.2565,0.1054,0.1367,138.625,64.0,14.5,11.5,13.0,10.5,8.5,8.5,8.0,74.5,B+,,False,False,False,
RHM.DE,72,RHEINMETALL AG                I,Industrials,Aerospace & Defense,GARP (정책 리스크),1025.0,54.4691,33.8192,20.8815,27.549,19.1561,0.1854,0.4336,0.4037,0.337,0.37,0.5146,0.4381,0.4759,0.4759,0.4058,0.4388,0.3296,0.31766750926389586,0.03749880118922029,1.1788,,-0.0011454681808442668,0.0018,-0.0049,-0.0,-0.0199,-0.1189,0.0447,0.1792,0.2967,0.34,0.4497,1641.2858,1050.0,18.0,17.5,5.5,10.5,8.5,5.5,9.0,74.5,B+,,False,False,False,
STLD,73,"Steel Dynamics, Inc.",Basic Materials,Steel,,234.29,33.5803,21.2412,12.3955,13.6888,11.9745,0.3556,0.4363,0.3124,0.0027,0.1471,1.1421,0.1432,0.5649,0.5649,0.1085,0.2194,0.1405,-0.5839116220474216,0.04652504898319162,1.4305,0.003383518647110588,-0.029330021482277147,0.021,0.0829,0.0288,0.1116,0.0245,-0.0364,0.0351,0.5298,0.1199,0.1523,272.1428,221.0,12.0,18.5,13.5,6.5,10.0,4.5,9.0,74.0,B+,★★(조건부),False,False,False,
SCHW,74,Charles Schwab Corporation (The,Financial Services,Capital Markets,,99.5,172.0689,17.3043,13.3271,15.3378,12.7071,0.1136,0.2657,0.1818,0.1196,0.1503,0.3321,0.207,0.268,0.268,0.4013,0.4973,,,0.4145629202689721,,0.013410182516810759,-0.04555433589462132,-0.0001,0.0546,0.0033,0.0798,-0.1245,0.0919,0.054,0.214,0.1724,0.2198,125.45,91.0,12.5,16.0,11.0,10.5,8.5,6.5,9.0,74.0,B+,,False,False,False,매출채권 급증;자사주 효과 큼
LPLA,75,LPL Financial Holdings Inc.,Financial Services,Capital Markets,,302.47,23.8172,13.8304,10.7066,12.5946,10.1408,0.0894,0.2668,0.2408,0.1435,0.1912,0.1954,0.242,0.2185,0.2185,0.5479,0.4901,0.1356,-0.017298287305128363,-0.047491818253026695,,0.004407658653681399,-0.0042427183258059165,-0.0009,0.0352,-0.001,0.0483,-0.1629,0.0258,-0.0021,0.2206,0.19,0.2459,430.0,377.0,12.0,16.0,10.5,9.5,8.5,7.5,10.0,74.0,B+,,False,False,False,
ARQT,76,"Arcutis Biotherapeutics, Inc.",Healthcare,Biotechnology,,26.38,3.3158,125.619,23.814,61.3488,19.3971,0.5116,0.8456,0.4288,0.2784,0.3515,,2.1628,,2.1628,,0.1101,0.3678,4.6328394998462645,0.0843806104129264,-3.4083,0.09385944683079694,0.07008826980164895,0.0445,1.6061,0.0435,0.2071,0.0518,0.0042,0.2186,1.9442,0.4961,2.1628,37.0,34.0,14.0,15.3,14.5,11.5,6.0,7.5,5.0,73.8,B+,,False,True,False,희석>5%;재고 급증;Turnaround 기저효과
KLIC,77,"Kulicke and Soffa Industries, I",Technology,Semiconductor Equipment & Materials,,90.85,4.7541,33.524,15.5516,23.516,15.3896,0.2985,0.5409,0.7576,0.3196,0.5229,17.3968,0.528,4.302,4.302,0.0089,0.0361,0.2763,,0.04206741014909289,-2.493,0.02858832703825353,0.013986942989448137,0.1413,0.1413,0.3934,0.3934,0.0622,-0.2834,0.0955,4.2065,0.3137,0.5372,106.6667,100.0,14.0,14.8,15.0,8.5,6.0,7.5,8.0,73.8,B+,★,False,True,False,Turnaround 기저효과
ATRO,78,Astronics Corporation,Industrials,Aerospace & Defense,,69.14,2.9736,31.0742,22.8068,25.4191,21.9666,0.182,0.2931,0.1978,0.1001,0.1479,0.6239,0.1572,0.3708,0.3708,0.3656,0.6151,0.2478,2.9509728087138405,0.06440998206116189,2.3121,0.008190300289781231,0.06629912743804067,0.1161,0.2044,0.194,0.2086,-0.1136,-0.164,0.2055,0.1653,0.1215,0.1572,100.5,95.0,12.0,13.5,15.0,10.5,7.0,8.5,7.0,73.5,B+,,False,False,False,희석>5%
FSLR,79,"First Solar, Inc.",Technology,Solar,,191.97,20.631,11.8354,8.8699,10.9762,8.2786,0.0726,0.3005,-0.0351,0.173,0.0638,0.2308,0.3258,0.2774,0.2774,0.3843,0.3197,0.1917,0.1908732260074887,0.27893253919481537,-0.6425,0.004398417202004213,0.002951170693106242,0.0,0.0085,0.006,-0.0019,-0.1041,-0.2298,-0.048,0.3254,0.2495,0.3258,272.1013,150.0,11.5,18.0,8.5,12.5,10.0,3.0,10.0,73.5,B+,,False,False,False,
NVT,80,nVent Electric plc,Industrials,Electrical Equipment & Parts,,162.85,26.3586,37.4368,26.6269,31.7054,25.1289,0.1531,0.3288,0.4017,0.1741,0.2829,0.5332,0.2617,0.3909,0.3909,0.4993,0.6812,0.124,0.06884055223623854,0.11950765411667356,1.3118,0.008378154737277616,0.003056234718826323,0.0008,0.1183,0.0045,0.15,0.0715,-0.0315,0.2531,0.1378,0.2063,0.2669,206.6667,136.0,15.5,12.5,12.0,8.0,7.0,8.5,10.0,73.5,B+,,False,False,False,
FTAI,81,FTAI Aviation Ltd.,Industrials,Aerospace & Defense,,186.01,19.1045,36.2963,18.2779,32.6907,15.7015,0.0993,0.5674,0.5543,0.6557,0.6042,0.2159,1.082,0.5911,0.5911,0.8466,0.3092,0.1896,0.27374306080246863,-0.286281423533365,3.1725,0.008033733456606339,0.008579586487277746,0.0,-0.2282,-0.0139,0.0262,-0.113,-0.2887,0.1406,0.4505,0.4291,1.0925,364.1,290.0,20.0,18.5,6.0,10.0,10.0,4.0,5.0,73.5,B+,,False,False,False,ND/EBITDA>2.5x;FCF<0;재고 급증
298040.KS,82,HYOSUNG HEAVY,Industrials,Electrical Equipment & Parts,,2896000.0,19.7044,46.0934,25.6567,34.1849,23.4769,0.2584,0.4907,0.2017,0.1945,0.1981,0.5173,0.4561,0.4864,0.4864,0.4959,0.5275,0.2724,1.0715965308802269,0.08006812509446976,0.0572,,5.0367949144813906e-05,0.0026,-0.0073,0.0001,0.0014,0.0512,-0.1363,0.2415,0.2449,0.3344,0.4587,4233477.0,3400000.0,15.0,15.0,8.5,11.5,8.5,5.0,10.0,73.5,B+,,False,False,False,
LIFE,83,Ethos Technologies Inc.,Financial Services,Insurance Brokers,,33.91,3.2499,,14.1692,19.339,12.887,,,0.8956,0.3076,0.5744,0.2525,0.5007,0.371,0.371,0.5612,0.382,-1.9167,0.49429798513840406,0.121294319832507,,0.3554810308729959,0.04933983264911901,0.0,0.3025,0.0,0.3667,-0.0073,1.2221,0.0703,0.3007,0.3399,0.5007,35.625,32.0,18.0,16.0,12.0,4.0,10.0,6.0,7.0,73.0,B+,★★(조건부),False,False,False,SBC>10%
TIGO,84,Millicom International Cellular,Communication Services,Telecom Services,,91.9,15.4125,23.496,14.4288,20.2244,13.0383,0.1392,0.4451,0.5058,0.0425,0.2529,0.1669,0.5512,0.3454,0.3454,0.8647,0.4178,0.1468,inf,0.1681868435599779,3.6274,0.0009673852957435047,0.002207255307852485,-0.0373,-0.1301,-0.0407,0.078,-0.019,0.0545,0.0751,0.2702,0.3804,0.583,98.3875,60.1,15.0,18.5,7.0,11.5,8.5,5.5,7.0,73.0,B+,★★,False,False,False,ND/EBITDA>2.5x;매출채권 급증
AVGO,85,Broadcom Inc.,Technology,Semiconductors,High-Growth at Fair Price,354.99,1694.5908,36.3719,19.1524,30.4495,18.3161,0.1628,0.4964,0.6587,0.6373,0.648,0.7094,0.6624,0.6858,0.6858,0.27,0.2793,0.2457,0.09411813738371788,0.44221359310468666,0.6782,0.0951921350332196,0.005555555555555536,0.0026,0.003,-0.0096,-0.0041,-0.0087,-0.0692,0.154,0.5318,0.3321,0.6695,531.8468,215.88,17.0,18.0,6.5,9.5,10.0,6.0,6.0,73.0,B+,,False,False,False,매출채권 급증
BTSG,86,"BrightSpring Health Services, I",Healthcare,Health Information Services,,55.78,11.0369,37.9456,25.8986,30.6585,24.4839,0.192,0.3548,0.19,0.1341,0.1617,0.8194,0.2522,0.5094,0.5094,0.3161,0.5084,0.0863,2.9243110974086033,0.027996260401939994,2.9311,0.003812032593731052,0.01821241032468013,0.0,0.077,0.0,0.0768,-0.0525,-0.1655,0.2444,0.2649,0.1939,0.2522,78.9412,70.0,14.0,15.5,12.0,7.0,8.5,7.5,8.0,72.5,B+,,False,False,False,ND/EBITDA>2.5x
U,87,Unity Software Inc.,Technology,Software - Application,,44.1,19.4079,46.4211,27.6093,36.4075,25.331,0.2157,0.4543,0.2009,0.2066,0.2038,0.4085,0.4373,0.4228,0.4228,0.6759,0.653,-0.1464,inf,0.2639451590161752,-0.2127,0.16857193565403444,0.04869170382646093,0.1717,0.1708,0.3294,0.308,-0.0603,0.5972,0.2645,0.1583,0.3282,0.4373,49.39,35.0,18.5,12.0,14.0,7.5,7.0,7.5,6.0,72.5,B+,,False,False,False,SBC>10%;ROIC<8%
VIK,88,Viking Holdings Ltd,Consumer Cyclical,Travel Services,,80.3,35.865,26.1564,19.5623,24.6267,18.1715,0.0585,0.3053,0.1363,0.2126,0.1738,0.2493,0.3552,0.3012,0.3012,0.7847,0.6495,0.4155,0.26464725314411053,0.16557743865809404,1.1502,0.012921917994190209,0.005667165676502384,-0.0052,-0.0107,-0.0035,0.0172,-0.1346,-0.2061,0.1601,0.1411,0.2716,0.3552,110.8095,82.0,15.5,14.5,7.5,13.5,7.0,4.5,10.0,72.5,B+,,False,False,False,
TOST,89,"Toast, Inc.",Technology,Software - Infrastructure,,29.81,17.2302,24.9899,18.1651,21.49,17.176,0.1401,0.3127,0.2139,0.1839,0.1988,0.3695,0.2512,0.309,0.309,0.4916,0.5879,1.7478,10.429411764705883,0.08465608465608465,-3.5912,0.034832451499118164,-0.024793388429752095,0.002,0.0277,-0.0018,0.0228,-0.1864,0.2162,0.1388,0.1701,0.1931,0.2512,38.9231,25.0,13.5,13.5,8.5,12.5,7.0,8.5,9.0,72.5,B+,,False,False,False,재고 급증
APP,90,Applovin Corporation,Communication Services,Advertising Agencies,Value Trap Candidate (소송/모델 둔화),315.25,105.9049,24.2314,16.7448,20.1237,15.76,0.1695,0.3496,0.4783,0.2665,0.3683,0.6067,0.2769,0.4323,0.4323,0.276,0.3873,1.292,inf,0.6588357452581034,0.0853,0.038951847996902676,-0.015089178847044526,-0.0038,-0.0257,-0.0171,-0.0533,0.031,-0.325,0.1159,0.3164,0.2126,0.2769,498.3681,325.0,16.0,16.5,4.5,14.0,10.0,3.5,8.0,72.5,B+,,False,False,False,컨센 하향
SMCI,91,"Super Micro Computer, Inc.",Technology,Computer Hardware,,41.44,27.2246,11.5754,9.0722,9.5536,7.7808,0.1747,0.3278,0.7185,0.1733,0.42,0.1949,0.2278,0.2113,0.2113,0.4654,0.4294,0.2558,0.3069685301757528,-0.17847764251618511,0.6074,0.010549989514393543,0.13379027965179024,-0.0001,0.359,0.0,0.4359,0.1783,0.277,-0.0426,0.2539,0.2093,0.2278,42.375,15.0,15.0,17.0,13.0,8.0,8.5,7.5,3.0,72.0,B+,,False,False,False,희석>5%;FCF<0;매출채권 급증;재고 급증
COHR,92,Coherent Corp.,Technology,Scientific & Technical Instruments,Growth Inflection (희석),300.6,58.8672,53.6786,28.7014,31.9232,21.5402,0.4053,0.5987,0.4917,0.382,0.4358,0.6785,0.482,0.5772,0.5772,0.423,0.4972,0.0789,1.7892348952147428,-0.14477982507047799,1.0978,0.026196018336707087,0.30032154340836015,0.0011,0.152,0.0005,0.115,0.0911,-0.2341,0.2768,0.3004,0.4255,0.482,415.362,280.0,17.0,16.5,12.0,4.5,10.0,9.0,3.0,72.0,B+,,False,False,False,희석>5%;FCF<0;재고 급증;ROIC<8%
IFX.DE,93,INFINEON TECHNOLOGIES AG      N,Technology,Semiconductors,,58.57,86.6678,39.8435,20.9587,33.6339,20.8054,0.1559,0.4778,0.1149,0.2103,0.1616,0.2528,0.6166,0.4231,0.4231,0.829,0.4953,0.0783,-0.4982734693877551,0.08177794881662498,1.3329,,0.0018390804597701038,0.0039,0.0005,0.0155,0.0892,0.1102,-0.2668,0.1803,0.2428,0.3096,0.6224,86.5909,50.0,17.0,17.0,11.5,5.0,8.5,5.0,8.0,72.0,B+,,False,False,False,ROIC<8%
012450.KS,94,HANWHA AEROSPACE,Industrials,Aerospace & Defense,,1021000.0,38.3826,26.1039,18.1267,21.3306,17.167,0.1829,0.3424,0.2138,0.0736,0.1416,0.6777,0.2425,0.4438,0.4438,0.2675,0.4084,0.2131,0.25444267645365376,0.0172508373044428,1.4437,0.002835960330686292,0.12337322955731378,0.0142,0.0601,0.0091,0.0582,-0.0735,-0.0667,0.1382,0.3056,0.1934,0.2494,1634761.9,1360000.0,12.0,16.5,12.0,8.5,10.0,5.0,8.0,72.0,B+,,False,False,False,희석>5%
YOU,95,"Clear Secure, Inc.",Technology,Software - Application,,38.9,5.2822,20.7225,15.7602,18.5233,14.9313,0.1061,0.2795,0.2334,0.1449,0.1883,0.3724,0.2406,0.3048,0.3048,0.4233,0.5171,,53.438362204724406,0.5080353431184446,-3.0944,0.04320958045535943,0.08302334020782065,0.0261,0.0422,0.0435,-0.0224,-0.0983,-0.2597,0.0991,0.2057,0.1998,0.2553,59.6667,45.0,12.5,16.5,10.0,9.0,8.5,7.5,8.0,72.0,B+,,False,False,False,희석>5%
LSCC,96,Lattice Semiconductor Corporati,Technology,Semiconductors,,121.66,17.2794,79.0,41.7944,57.0531,37.8667,0.2778,0.5207,0.7569,0.4505,0.5964,1.0309,0.5067,0.7492,0.7492,0.4054,0.5578,0.0646,-1.3330212162990196,0.2503666775710049,-1.4676,0.22058401178282858,0.019157533649234004,0.1679,0.1717,0.3794,0.3901,0.0337,-0.1587,0.4026,0.3466,0.3423,0.5067,164.5385,125.0,17.0,11.0,15.0,4.5,10.0,8.5,6.0,72.0,B+,,False,False,False,SBC>10%;ROIC<8%
MTSI,97,MACOM Technology Solutions Hold,Technology,Semiconductors,,275.84,21.0662,61.9865,32.8045,50.0409,32.4892,0.1927,0.4759,0.3689,0.3586,0.3638,0.5886,0.5402,0.5642,0.5642,0.5574,0.5814,0.1483,0.10304267291910903,0.10633141290097545,-0.9019,0.07185899341394224,0.033546873352314766,0.0001,0.0969,0.0011,0.2404,0.0346,-0.2588,0.3202,0.244,0.3043,0.5402,395.3333,300.0,18.0,11.0,13.0,7.0,8.5,7.5,7.0,72.0,B+,,False,False,False,
MOD,98,Modine Manufacturing Company,Consumer Cyclical,Auto Parts,,193.11,10.2566,35.1749,20.8652,25.3321,17.5433,0.2798,0.5013,0.2758,0.2337,0.2546,0.5186,0.444,0.4808,0.4808,0.4024,0.434,0.1696,0.2685209003215433,0.029711777962282054,1.2811,0.00735381330802989,0.005586592178770999,-0.0027,-0.0239,-0.0156,-0.0313,-0.0231,-0.304,0.179,0.3018,0.3614,0.444,310.2857,280.0,16.5,17.0,4.5,9.5,10.0,5.5,9.0,72.0,B+,,False,False,False,
DY,99,"Dycom Industries, Inc.",Industrials,Engineering & Construction,,280.94,8.4734,18.2785,14.443,16.481,13.5183,0.0983,0.2604,0.3669,0.1322,0.244,0.4241,0.2192,0.3176,0.3176,0.3406,0.4547,0.1184,0.12574033985646635,0.06812028982347512,2.8935,0.0055422562336029536,0.038347122360280705,0.0251,0.0279,0.0418,0.041,-0.285,-0.3954,0.0754,0.2422,0.1739,0.2192,520.9091,375.0,14.0,17.5,12.0,7.0,8.5,6.5,6.0,71.5,B+,★★(조건부),False,False,False,ND/EBITDA>2.5x;M&A 비중 큼
SUPN,100,"Supernus Pharmaceuticals, Inc.",Healthcare,Drug Manufacturers - Specialty & Generic,,43.39,2.5263,19.4722,10.9959,16.9162,9.7287,0.1313,0.5004,0.2321,0.5485,0.3812,0.0709,0.7388,0.3646,0.3646,1.5511,0.3016,-0.0725,,0.022623001355910978,-3.0054,0.04165994330702593,0.02519612728725429,0.0315,-0.0411,0.0269,0.0214,-0.0537,-0.0245,0.0045,0.36,0.3774,0.7388,61.75,55.0,20.0,18.5,9.0,3.0,10.0,4.0,7.0,71.5,B+,★★(조건부),False,False,False,재고 급증;ROIC<8%
GIL,101,"Gildan Activewear, Inc.",Consumer Cyclical,Apparel Manufacturing,,46.19,8.554,12.5858,8.7938,9.9378,8.4468,0.2104,0.3289,0.6576,0.0369,0.311,0.3242,0.1765,0.2482,0.2482,0.2713,0.3543,0.1046,0.6415304047039145,0.10990066866801282,4.0979,0.010748545956308399,0.22805423863674035,-0.0053,0.0814,-0.0113,0.0165,-0.1777,-0.1207,-0.0501,0.2982,0.1571,0.1977,82.0,54.0,14.0,18.0,9.0,9.5,8.5,8.5,4.0,71.5,B+,,False,False,False,ND/EBITDA>4x;희석>5%
AAON,102,"AAON, Inc.",Industrials,Building Products & Equipment,,82.36,6.7909,42.6736,25.8289,34.9476,23.5427,0.181,0.4483,0.5943,0.1753,0.3689,0.7457,0.4844,0.6098,0.6098,0.3464,0.4236,0.1385,-0.1778362816824843,-0.06798242776863815,1.5066,0.010298768298154543,0.009221563669980837,-0.0048,0.0428,-0.0084,0.0627,0.0381,-0.363,0.2436,0.3662,0.342,0.4894,134.75,110.0,17.0,16.5,9.5,6.0,10.0,6.5,6.0,71.5,B+,,False,False,False,FCF<0
KLAC,103,KLA Corporation,Technology,Semiconductor Equipment & Materials,,187.86,245.1585,50.016,32.6939,34.4394,28.0163,0.3114,0.4399,0.3339,0.1823,0.2558,0.4507,0.2293,0.3354,0.3354,0.7253,0.9747,0.7274,3.3911782685810974,0.2774137971155883,0.2063,0.022841161175880424,-0.009307336477466177,0.001,0.0688,0.0154,0.1175,0.021,-0.2308,0.3191,0.0163,0.2155,0.2342,233.7692,175.0,14.0,10.0,13.0,14.0,4.0,7.5,9.0,71.5,B+,,False,False,False,
ROKU,104,"Roku, Inc.",Communication Services,Entertainment,,153.49,22.7949,62.3791,41.8236,51.3344,39.1257,0.1771,0.3728,0.1873,0.1215,0.1539,3.9454,0.312,1.5473,1.5473,0.106,0.2703,0.8154,inf,0.13628162968338162,-3.5978,0.062973905331237,0.014832136295306553,0.226,0.2657,0.0645,0.1099,-0.0254,0.1365,0.4028,1.1444,0.2391,0.312,162.3265,150.0,11.0,11.3,13.0,13.5,6.0,8.5,8.0,71.3,B+,,False,True,False,Turnaround 기저효과
IVZ,105,Invesco Ltd,Financial Services,Asset Management,,30.74,13.5717,12.247,9.7744,10.9342,9.4032,0.1072,0.2322,0.2518,0.0881,0.1671,0.3849,0.1628,0.269,0.269,0.2539,0.3633,-0.0253,,0.2782614994567186,0.4904,0.015414704817095256,-0.0017574692442882123,0.0016,0.0854,0.0024,0.0965,-0.04,0.1453,-0.0246,0.2936,0.1537,0.1907,33.9615,29.0,12.5,15.5,11.0,6.0,8.5,7.5,10.0,71.0,B+,,False,False,False,
EQH,106,"Equitable Holdings, Inc.",Financial Services,Asset Management,,52.27,14.2575,8.0046,6.1326,7.2782,5.7932,0.0907,0.2763,0.3258,0.1149,0.2158,0.2734,0.2563,0.2648,0.2648,0.2243,0.2316,,,0.12444653791804051,-24.5184,0.027225624116815828,-0.08212401055408969,0.0066,0.0179,0.0099,0.0268,0.0689,0.1707,-0.1319,0.3967,0.2188,0.2781,62.0909,52.0,14.0,16.5,9.5,6.0,10.0,6.0,9.0,71.0,B+,,False,False,False,매출채권 급증;자사주 효과 큼
6146.T,107,DISCO CORPORATION,Technology,Semiconductor Equipment & Materials,,53100.0,36.476,39.4467,27.477,30.5471,24.8004,0.2256,0.3713,0.5846,0.1886,0.3724,0.3908,0.2317,0.3089,0.3089,0.7031,0.8896,0.482,0.5974052751679564,,-1.3263,,0.0005929234945887263,0.013,0.0502,0.0262,0.0822,-0.1348,-0.4,0.263,0.0459,0.205,0.2421,83130.0,63000.0,15.5,12.0,13.5,11.0,4.0,6.0,9.0,71.0,B+,,False,False,False,
SIMO,108,Silicon Motion Technology Corpo,Technology,Semiconductors,,276.53,9.3766,44.1037,18.9562,24.8334,17.4217,0.4369,0.605,1.1165,0.2964,0.6565,2.1367,0.4254,1.1145,1.1145,0.0887,0.1701,0.2258,inf,-0.09169695317936061,-0.0076,0.02519096870655909,0.007981789694622599,0.0,0.2778,0.0,0.6412,0.0703,-0.1314,0.151,0.9635,0.3313,0.4325,369.7,325.0,14.0,15.3,13.0,10.0,6.0,7.5,5.0,70.8,B+,,False,True,False,FCF<0;재고 급증;Turnaround 기저효과
FPS,109,"Forgent Power Solutions, Inc.",Industrials,Electrical Equipment & Parts,,39.88,12.7211,,26.7152,29.6607,20.1301,,,0.791,0.3281,0.5423,0.9773,0.4734,0.7069,0.7069,0.2734,0.3779,0.1637,0.7337886907986152,-0.004805434140412476,2.4331,0.007067311991966531,0.07965960907824488,0.1603,0.113,0.1196,0.1373,0.2389,-0.3367,0.2541,0.4527,0.4198,0.4734,57.9,47.0,17.0,14.5,14.0,8.0,10.0,2.0,5.0,70.5,B+,,False,False,False,희석>5%;FCF<0
PLMR,110,"Palomar Holdings, Inc.",Financial Services,Insurance - Property & Casualty,,127.21,3.3716,14.2612,11.5405,12.5927,11.1924,0.117,0.2152,0.4691,0.2401,0.3498,0.2852,0.1251,0.2025,0.2025,0.4046,0.5699,0.6184,inf,0.37195469856956326,0.8051,,-0.020709563482335547,0.0038,0.0216,0.0068,0.0165,-0.0221,0.0997,0.0167,0.1858,0.1106,0.1388,163.1667,152.0,13.0,14.0,8.5,9.5,7.0,8.5,10.0,70.5,B+,,False,False,False,
MNDY,111,monday.com Ltd.,Technology,Software - Application,,86.46,3.655,17.9006,13.6093,15.818,12.937,0.1163,0.2773,0.1938,0.152,0.1727,0.2423,0.2227,0.2324,0.2324,0.5618,0.5855,,inf,0.2155560547599587,-16.4397,0.11701066646958662,-0.1657480082604733,0.2277,0.2277,0.2419,0.2255,-0.0471,0.235,0.0595,0.1729,0.1715,0.2227,109.0,90.0,11.0,13.5,14.0,8.0,7.0,8.5,8.0,70.0,B+,,False,False,False,SBC>10%;자사주 효과 큼
NBIX,112,"Neurocrine Biosciences, Inc.",Healthcare,Drug Manufacturers - Specialty & Generic,,139.49,14.179,15.7794,12.1383,13.6798,11.6497,0.1331,0.2617,0.3638,0.1658,0.2609,0.5957,0.1743,0.3689,0.3689,0.2038,0.3291,0.2247,0.27040115071120346,0.2579803787901242,0.0786,0.06950413468093304,0.03168316831683171,0.0026,-0.0067,-0.0164,-0.0576,-0.0857,-0.136,0.0297,0.3392,0.1346,0.1743,208.3976,164.0,14.5,17.5,5.5,12.0,10.0,4.5,6.0,70.0,B+,,False,False,False,재고 급증;컨센 하향
AS,113,"Amer Sports, Inc.",Consumer Cyclical,Leisure,,26.9,15.651,21.6935,17.311,20.3033,16.4108,0.0641,0.2435,0.2493,0.1488,0.198,0.3659,0.2372,0.2999,0.2999,0.4731,0.5771,0.1099,16.45133522727273,0.017967856902696522,0.3147,0.006294129513818842,0.0504421028880504,0.0317,0.0568,0.0255,0.0446,-0.1756,-0.2261,0.1252,0.1747,0.1825,0.2372,47.6536,31.0,12.5,14.5,12.5,6.5,7.0,8.5,8.0,69.5,B,,False,False,False,희석>5%
TXN,114,Texas Instruments Incorporated,Technology,Semiconductors,,272.62,248.9696,41.4947,28.1983,32.0511,26.9907,0.2276,0.3495,0.2393,0.1376,0.1873,0.5607,0.1875,0.3614,0.3614,0.5029,0.7803,0.2587,-0.12028083928983169,0.27527887729399064,0.7407,0.021076440651827483,0.00877192982456143,0.0007,0.1069,0.0066,0.1364,0.0312,-0.0997,0.2712,0.0902,0.1671,0.2099,324.7097,225.0,14.0,11.0,13.0,11.0,5.5,6.0,9.0,69.5,B,,False,False,False,
DIOD,115,Diodes Incorporated,Technology,Semiconductors,,95.51,4.3984,51.9076,18.5889,29.6155,16.3265,0.4295,0.6855,0.2609,0.2098,0.2351,1.6434,0.814,1.1898,1.1898,0.1131,0.1562,0.041,-1.000660070358099,0.08717572904381359,-1.586,0.01984163881317197,-0.00034436744005850173,0.1878,0.3217,0.1723,0.3029,0.0156,-0.1478,0.1454,1.0443,0.3875,0.814,162.5,133.0,13.5,15.3,15.0,5.0,6.0,7.5,7.0,69.3,B,,False,True,False,Turnaround 기저효과;ROIC<8%
TPC,116,Tutor Perini Corporation,Industrials,Engineering & Construction,,84.36,4.4386,18.9148,14.3494,15.6923,13.9065,0.1704,0.2648,0.151,0.1266,0.1388,2.5602,0.1284,1.0043,1.0043,0.056,0.1429,0.2074,inf,0.10443922995076674,-1.5014,0.02453409937084295,0.005226153325563088,0.0604,0.0553,0.0072,0.0676,-0.0757,0.0425,0.0737,0.9307,0.1036,0.1326,116.25,105.0,9.0,14.3,12.0,12.5,6.0,6.5,9.0,69.3,B,★★(조건부),False,True,False,Turnaround 기저효과
JXN,117,Jackson Financial Inc.,Financial Services,Insurance - Life,,129.73,8.7864,5.1439,4.3617,4.8274,4.2105,0.0615,0.1815,0.201,0.0819,0.1399,0.1854,0.1465,0.1658,0.1658,0.2352,0.263,,-0.25676187612748047,0.9282334384858044,,0.02113564668769716,-0.02288260059835845,0.1605,0.1953,0.0,0.1897,0.0054,0.1883,-0.2028,0.3686,0.1411,0.1743,148.5,135.0,8.0,15.5,13.0,6.0,10.0,7.5,9.0,69.0,B,,False,False,False,매출채권 급증
064350.KS,118,HYUNDAI ROTEM,Industrials,Railroads,,115900.0,9.2429,15.66,11.2845,14.409,10.4418,0.0799,0.3332,0.1594,0.1948,0.177,0.1401,0.3799,0.2543,0.2543,0.8053,0.4437,0.5923,inf,0.25896857905415893,-2.3013,,-0.00031374344038981317,-0.0087,-0.0473,-0.0462,-0.1075,-0.1325,-0.4072,0.0111,0.2433,0.2954,0.3851,283611.12,180000.0,15.5,17.5,2.5,14.0,8.5,2.0,9.0,69.0,B,,False,False,False,컨센 하향
BMRN,119,BioMarin Pharmaceutical Inc.,Healthcare,Biotechnology,,62.21,12.0422,24.4921,10.0917,12.5901,9.3976,0.486,0.6163,0.213,0.1436,0.1778,0.5686,0.3397,0.4497,0.4497,0.1775,0.2244,0.0146,0.22440279612200048,0.21284389719527955,5.1574,0.06320939208257818,-0.013313646995550266,-0.0169,0.0008,0.0135,0.0242,-0.0673,0.1011,-0.0168,0.4664,0.2599,0.3397,91.6154,60.0,14.0,19.0,8.5,8.0,10.0,5.0,4.0,68.5,B,★★(조건부),False,False,False,ND/EBITDA>4x;ROIC<8%
LSTR,120,"Landstar System, Inc.",Industrials,Integrated Freight & Logistics,,166.98,5.6668,36.5447,23.2106,28.21,21.8483,0.2281,0.4021,0.1659,0.1149,0.1401,0.4723,0.2912,0.3788,0.3788,0.4915,0.6128,0.268,,0.035245804596432576,-0.8517,0.001557361094667729,-0.02681388012618302,0.0014,0.0489,0.0039,0.0847,-0.105,-0.1934,0.2108,0.1679,0.2329,0.3016,196.375,145.0,12.0,14.5,11.5,8.5,7.0,5.0,10.0,68.5,B,,False,False,False,
SOFI,121,"SoFi Technologies, Inc.",Financial Services,Credit Services,,16.55,21.3755,36.1275,21.7682,27.6728,20.1667,0.234,0.4418,0.3582,0.2546,0.3054,0.5974,0.3722,0.4805,0.4805,0.3644,0.453,,,-2.0437546087217044,,0.06594127080529393,0.14296752747749775,0.0043,0.0142,-0.0004,0.0051,-0.0927,-0.0439,0.1915,0.289,0.2844,0.3722,20.3409,12.0,17.0,15.0,9.5,4.0,8.5,7.5,7.0,68.5,B,,False,False,False,희석>5%
FN,122,Fabrinet,Technology,Electronic Components,,400.85,14.3644,28.4291,21.0169,22.0281,18.398,0.2252,0.3528,0.315,0.1973,0.2548,0.2915,0.1973,0.2435,0.2435,0.721,0.8631,0.3004,1.3472955929774275,0.0006552330192624718,-1.6412,0.0074615979799603415,0.007593393193659148,0.0,0.0587,0.0228,0.0252,-0.082,-0.3131,0.1811,0.0624,0.1808,0.1973,734.1111,598.0,11.5,13.0,11.5,11.5,5.5,7.5,8.0,68.5,B,,False,False,False,재고 급증
UPST,123,"Upstart Holdings, Inc.",Financial Services,Credit Services,,24.45,2.3793,12.9435,7.7479,10.6529,7.034,0.177,0.4566,0.3596,0.3107,0.3349,0.216,0.5145,0.357,0.357,0.3587,0.217,,,-0.24883281889018916,13.9043,0.1189688846845451,0.06678084076382795,0.0004,-0.0401,0.0616,0.0176,-0.1931,-0.2228,-0.0797,0.4367,0.3423,0.5145,40.0,20.0,19.0,18.0,9.5,4.0,10.0,5.5,2.0,68.0,B,★★(조건부),False,False,False,ND/EBITDA>4x;SBC>10%;희석>5%
PINS,124,"Pinterest, Inc.",Communication Services,Internet Content & Information,,18.45,10.4485,10.5429,8.026,9.127,7.6811,0.1343,0.2714,0.1639,0.1298,0.1468,0.2634,0.1882,0.2253,0.2253,0.3047,0.3563,0.1082,0.24231982441998046,0.2810541473137067,-0.2472,0.22428200152774974,-0.1839912906962079,-0.0012,0.0653,-0.0001,0.0754,-0.2115,-0.0553,-0.0715,0.2968,0.1452,0.1882,29.0503,22.0,9.0,15.0,12.0,9.5,8.5,6.0,8.0,68.0,B,,False,False,False,SBC>10%;자사주 효과 큼
VIAV,125,Viavi Solutions Inc.,Technology,Communication Equipment,,36.43,8.9891,37.1735,21.2197,22.1797,18.6753,0.4033,0.4976,0.2456,0.1318,0.1873,0.6425,0.1877,0.3967,0.3967,0.3303,0.5349,0.0695,0.5943137254901961,0.054534676941315946,0.1757,0.036488177567015743,0.14977973568281944,-0.0008,0.3277,0.0,0.0652,-0.0141,-0.2627,0.184,0.2127,0.1722,0.1877,61.4286,44.0,14.0,15.0,11.0,5.0,8.5,7.5,7.0,68.0,B,,False,False,False,희석>5%;ROIC<8%
MRVL,126,"Marvell Technology, Inc.",Technology,Semiconductors,,260.9,234.472,79.0606,44.5947,61.9524,38.6104,0.2164,0.5116,0.4706,0.5105,0.4904,0.4829,0.6046,0.5425,0.5425,0.9236,0.822,0.0768,inf,0.18230109097065703,0.4748,0.08771150122218342,0.05836397058823528,0.0358,0.0388,0.0749,0.0945,0.1379,-0.0569,0.4255,0.117,0.379,0.6055,289.1099,210.0,20.0,9.5,13.5,7.0,5.5,7.5,5.0,68.0,B,,False,False,False,희석>5%;ROIC<8%
PWR,127,"Quanta Services, Inc.",Industrials,Engineering & Construction,,634.9,95.453,47.3453,33.509,37.9597,32.1079,0.1982,0.3218,0.3894,0.1546,0.2666,0.5559,0.1823,0.3563,0.3563,0.6028,0.9406,0.1106,0.18049126269102592,0.0726682214389606,2.0022,0.006860265599842456,0.010044857311344302,-0.0001,0.1937,0.0068,0.2013,-0.0069,-0.0958,0.3272,0.029,0.1414,0.183,769.6269,410.0,14.5,9.0,14.0,9.0,4.0,8.5,9.0,68.0,B,,False,False,False,
FICO,128,Fair Isaac Corporation,Technology,Software - Application,,879.62,18.9977,22.1288,16.6538,20.4454,16.5936,0.0761,0.2501,0.277,0.1377,0.2053,0.4399,0.2321,0.3319,0.3319,0.3786,0.5017,0.8336,1.3516129716914562,0.4014405230669605,4.2344,0.07281534942502324,-0.0761749745676501,-0.002,-0.001,-0.0006,-0.0261,-0.2499,-0.1999,0.1144,0.2176,0.1636,0.2321,1434.8932,696.0,14.0,14.5,7.5,13.0,8.5,5.5,5.0,68.0,B,,False,False,False,ND/EBITDA>4x;자사주 효과 큼
TDW,129,Tidewater Inc.,Energy,Oil & Gas Equipment & Services,,85.91,4.2746,52.6119,16.7171,30.8331,14.2833,0.414,0.7285,0.0729,0.1659,0.1184,-0.1702,1.1587,0.3384,0.3384,,0.494,0.1383,0.14599605384201325,0.2014111495669999,0.0995,0.010207067631199775,1.9995600967881444e-05,-0.1723,-0.2065,-0.0397,-0.0403,-0.0981,0.2936,0.1154,0.2229,0.4263,1.1587,94.875,68.0,13.5,19.5,1.0,10.5,8.5,6.0,9.0,68.0,B,,False,False,False,
CDNS,130,"Cadence Design Systems, Inc.",Technology,Software - Application,,309.09,85.1212,38.6846,37.4209,64.3176,32.381,-0.6626,0.1629,0.1929,0.1343,0.1632,0.1837,0.9863,0.5333,0.5333,2.0375,0.7017,0.2088,0.16063798707021543,0.28636998312498085,0.5193,0.08810264040689164,0.011960468891421439,0.0,0.068,0.0002,0.0155,-0.0311,-0.1846,0.3644,0.1689,0.4083,0.9863,403.3796,300.0,15.0,9.0,10.0,11.5,7.0,7.5,8.0,68.0,B,,False,False,False,재고 급증
BDC,131,Belden Inc,Technology,Communication Equipment,,114.13,4.46,13.9865,11.8076,13.2034,11.3606,0.056,0.1877,0.2419,0.1722,0.2066,0.1464,0.1622,0.1543,0.1543,0.8064,0.7653,0.1358,0.02078584735083009,0.07402736526191563,2.1885,0.011733504417124249,-0.017974101294935263,0.0,0.074,0.0,0.1328,-0.0676,-0.036,0.0226,0.1317,0.1272,0.164,156.5,145.0,11.5,13.0,12.0,6.5,7.0,8.5,9.0,67.5,B,,False,False,False,
P,132,"Everpure, Inc.",Technology,Computer Hardware,,109.65,36.5384,44.9385,32.1393,39.49,29.1062,0.1212,0.3523,0.3793,0.2612,0.3189,0.3983,0.3568,0.3773,0.3773,0.807,0.8517,1.1972,inf,0.030071442816418943,-2.0374,0.12901071055687857,0.02325202674293969,0.1343,0.1402,0.2178,0.2523,0.0101,0.5153,0.3135,0.0639,0.281,0.3568,133.7895,80.0,17.0,10.0,14.0,9.5,5.5,7.5,4.0,67.5,B,,False,False,False,SBC>10%;매출채권 급증;재고 급증
CGNX,133,Cognex Corporation,Technology,Scientific & Technical Instruments,,58.19,9.7889,41.8633,30.1467,34.3943,28.8219,0.1784,0.3115,0.1525,0.0968,0.1243,0.6587,0.1933,0.4069,0.4069,0.4577,0.7409,0.1334,0.11966345617811779,0.2463849834240952,-1.2412,0.04539226580220951,0.008459745021149434,0.0001,0.1485,-0.0026,0.1455,-0.0388,-0.0889,0.2926,0.1143,0.1549,0.1991,79.6316,65.0,12.0,10.0,12.0,9.5,5.5,8.5,10.0,67.5,B,,False,False,False,
PAY,134,"Paymentus Holdings, Inc.",Technology,Software - Infrastructure,,29.95,3.7719,36.0843,28.7234,32.8025,27.4529,0.0909,0.2392,0.2119,0.1787,0.1952,0.3834,0.1949,0.2857,0.2857,0.7492,1.0054,0.3331,1.5106996415530467,0.08923588547838385,-3.3936,0.016919636687611917,-0.00019784463583460976,-0.0143,0.1049,0.0187,0.072,-0.2512,0.4567,0.2771,0.0086,0.1503,0.1949,40.1429,36.0,12.5,7.0,12.0,13.5,4.0,8.5,10.0,67.5,B,,False,False,False,
UCTT,135,"Ultra Clean Holdings, Inc.",Technology,Semiconductor Equipment & Materials,,77.29,3.4995,51.1854,14.9403,24.4235,13.167,0.5228,0.7428,0.3258,0.4202,0.3722,2.0139,0.8549,1.3644,1.3644,0.0742,0.1095,0.0532,0.7220430107526882,-0.05151915455746367,3.7383,0.008563749829180522,0.019911504424778848,0.3563,0.3779,0.4908,0.556,0.0113,-0.3076,0.0845,1.2799,0.3874,0.8549,137.0,120.0,16.0,16.3,15.0,4.5,6.0,7.5,2.0,67.3,B,★★(조건부),False,True,False,ND/EBITDA>2.5x;FCF<0;재고 급증;Turnaround 기저효과;ROIC<8%
LGN,136,Legence Corp.,Industrials,Engineering & Construction,,52.92,8.694,57.7288,24.2892,35.5011,21.7345,0.385,0.6235,0.876,0.1382,0.4613,9.7011,0.6334,3.1808,3.1808,0.025,0.0764,0.0706,1.4356117065127783,0.08628153910063573,3.4914,0.042926121588992935,0.38182365391598494,0.0207,0.0216,0.3467,0.3462,-0.1086,-0.3468,0.2246,2.9562,0.3619,0.6334,102.5294,80.0,14.0,14.3,14.5,7.0,6.0,7.5,4.0,67.3,B,,False,True,False,ND/EBITDA>2.5x;희석>5%;Turnaround 기저효과;ROIC<8%
ALGM,137,"Allegro MicroSystems, Inc.",Technology,Semiconductors,,35.11,6.5446,51.6324,28.2256,34.4922,23.7844,0.332,0.5394,0.2297,0.169,0.199,0.885,0.4502,0.6534,0.6534,0.3189,0.432,0.0437,-0.3220417430792071,0.0928680013616172,1.0526,0.05420674169656657,0.01724408292246893,-0.012,-0.0263,-0.0154,0.0024,-0.0552,-0.3676,0.2715,0.3819,0.3623,0.4502,54.8182,48.0,14.0,16.0,6.5,4.0,10.0,8.5,8.0,67.0,B,,False,False,False,ROIC<8%
6920.T,138,LASERTEC CORP,Technology,Semiconductor Equipment & Materials,,40240.0,22.8416,46.6286,33.3304,35.8539,27.0572,0.2311,0.4197,0.4765,0.2771,0.3731,0.3005,0.3251,0.3128,0.3128,1.1091,1.0657,0.735,0.7960536128320226,,-0.8323,,-0.004453238042584462,0.0087,0.0731,0.0094,0.1357,0.1466,-0.2968,0.3255,-0.0127,0.3079,0.3359,48775.0,25000.0,16.5,9.0,13.0,11.0,2.5,6.0,9.0,67.0,B,,False,False,False,
HWM,139,Howmet Aerospace Inc.,Industrials,Aerospace & Defense,,228.78,91.2378,50.2813,37.1807,42.8861,35.4265,0.1471,0.2954,0.2246,0.1368,0.1799,0.415,0.2106,0.3088,0.3088,0.8959,1.204,0.235,2.224885165165165,0.1964461994076999,1.4678,0.009981353515410771,-0.004950495049504955,-0.0004,0.059,0.0079,0.0725,-0.1579,-0.1681,0.3622,-0.0534,0.1648,0.2131,337.7409,256.56,12.5,7.0,13.0,13.5,2.5,8.5,10.0,67.0,B,,False,False,False,
GVA,140,Granite Construction Incorporat,Industrials,Engineering & Construction,,112.65,5.0047,17.2776,14.4444,15.8463,13.984,0.0828,0.1906,0.2201,0.0942,0.1555,0.1712,0.1332,0.152,0.152,0.8439,0.9502,0.178,0.529288650689829,0.09500433342292094,1.4068,0.009739481257568391,-0.1706757653303005,0.0042,0.0656,0.0083,0.0636,-0.0896,-0.2488,0.0754,0.0766,0.1076,0.1377,171.6667,119.0,10.0,13.0,12.0,11.5,5.5,6.5,8.0,66.5,B,,False,False,False,매출채권 급증;M&A 비중 큼;자사주 효과 큼
BROS,141,Dutch Bros Inc.,Consumer Cyclical,Restaurants,,38.43,6.7405,45.2118,31.4318,39.2969,29.2528,0.1308,0.353,0.3027,0.2408,0.2714,0.2868,0.3434,0.3148,0.3148,1.0961,0.9986,0.2379,0.6124202130935518,0.05048455290080995,2.9131,0.011322436581552726,0.06256406213041088,0.0009,0.0396,-0.0002,0.0525,-0.2294,-0.4302,0.3062,0.0086,0.2627,0.3434,75.1923,29.0,15.0,12.0,10.5,10.5,4.0,8.5,6.0,66.5,B,,False,False,False,ND/EBITDA>2.5x;희석>5%
SN,142,"SharkNinja, Inc.",Consumer Cyclical,"Furnishings, Fixtures & Appliances",,168.49,23.8448,29.1505,22.8571,25.5569,21.9925,0.1233,0.2456,0.1731,0.1294,0.151,0.2486,0.1621,0.2046,0.2046,0.9193,1.1173,0.2666,1.5417147868204426,0.1138767019645277,0.12,0.014315141804086742,-0.0025683964672823523,0.0663,0.0738,0.0743,0.0929,-0.0679,0.249,0.2062,-0.0016,0.1252,0.1621,209.5642,195.67,11.0,8.0,13.0,13.5,2.5,8.5,10.0,66.5,B,,False,False,False,
ONC,143,BeOne Medicines Ltd.,Healthcare,Biotechnology,,365.0,41.2896,64.2606,38.0959,48.012,35.3766,0.2529,0.4495,0.2633,0.1436,0.202,2.0048,0.3572,1.0194,1.0194,0.19,0.3737,0.4145,0.8669646331898384,0.2135721817867068,-2.8448,0.08571270539567623,0.028760436674549972,0.0006,0.1535,0.0033,0.062,-0.0253,0.3218,0.3705,0.6489,0.2731,0.3572,432.8011,370.0,12.5,11.3,10.0,13.0,6.0,6.5,7.0,66.3,B,,False,True,False,Turnaround 기저효과
ALSN,144,"Allison Transmission Holdings, ",Consumer Cyclical,Auto Parts,,114.59,9.4626,13.5334,10.476,11.49,10.1428,0.151,0.2505,0.9644,0.0438,0.4319,0.3152,0.1328,0.2206,0.2206,0.3323,0.4749,0.1511,-0.06363636363636363,0.16742389822807816,3.2025,0.0068150840527033164,-0.01135359692885396,0.0,0.0074,0.0,0.0154,-0.1399,-0.0184,-0.0076,0.2282,0.1129,0.1429,139.4,105.0,14.0,16.5,8.5,8.5,8.5,6.0,4.0,66.0,B,,False,False,False,ND/EBITDA>2.5x;매출채권 급증;재고 급증;M&A 비중 큼
CART,145,Maplebear Inc.,Consumer Cyclical,Internet Retail,,42.96,9.9452,23.4754,15.6207,18.5871,14.7449,0.2082,0.3719,0.1374,0.1054,0.1213,0.4446,0.2606,0.3494,0.3494,0.3514,0.447,0.2998,0.60609937178755,0.29451540195341847,-1.3056,0.10042574505384423,-0.11503307938697371,-0.0068,-0.0486,-0.0113,-0.0209,-0.1703,-0.0781,0.0967,0.2528,0.2002,0.2606,58.1429,45.0,10.5,18.5,5.5,12.0,8.5,3.0,8.0,66.0,B,,False,False,False,SBC>10%;자사주 효과 큼
EDU,146,New Oriental Education & Techno,Consumer Defensive,Education & Training Services,,56.08,8.6941,15.7528,12.2947,12.9203,11.1239,0.1798,0.2938,0.1658,0.1233,0.1443,0.2158,0.1615,0.1883,0.1883,0.5697,0.6528,,inf,0.13780824666586827,-5.4035,,-0.012306724047387196,0.0,0.0098,0.0,0.0279,0.005,0.2451,0.033,0.1554,0.1665,0.1834,73.6195,56.5,8.0,16.5,7.5,9.5,7.0,7.5,10.0,66.0,B,,False,False,False,
AGX,147,"Argan, Inc.",Industrials,Engineering & Construction,,374.4,5.2528,29.6203,24.7957,28.6772,23.0684,0.0318,0.2212,0.4689,0.2142,0.3355,0.3404,0.2431,0.2909,0.2909,0.7284,0.8525,,inf,0.45929285694446664,-5.4989,0.007467177496122067,0.0023352912037364337,0.0669,0.0669,-0.001,-0.001,-0.2536,-0.4914,0.231,0.0599,0.2002,0.2506,573.0,273.0,14.5,11.0,9.0,11.0,4.0,7.5,9.0,66.0,B,,False,False,False,재고 급증
MWH,148,"SOLV Energy, Inc.",Utilities,Utilities - Renewable,,25.45,5.1507,,16.0292,19.9796,14.9305,,,0.5806,0.1437,0.3445,,0.3382,,0.3382,,0.474,0.4731,inf,0.09285470171620083,-0.8971,,0.011368864143495916,0.0,-0.0803,-0.058,0.0522,-0.102,-0.22,0.1038,0.2344,0.2588,0.3382,44.5454,35.0,14.0,14.3,6.0,12.5,5.1,5.0,9.0,65.9,B,★★(조건부),False,True,False,Turnaround 기저효과
DAN,149,Dana Incorporated,Consumer Cyclical,Auto Parts,,29.7,3.195,27.0482,8.3286,15.6338,7.0947,0.422,0.7377,0.0358,0.4695,0.2338,3.4563,1.2036,2.1337,2.1337,0.0241,0.039,0.0775,inf,0.015270164447924823,1.7493,0.004698512137823023,-0.2551020408163265,-0.0112,-0.2008,0.0281,0.2373,-0.0637,0.039,-0.0629,2.1965,0.4465,1.2195,39.0,35.0,14.5,16.8,11.5,7.0,6.0,4.0,6.0,65.8,B,★★(조건부),False,True,False,Turnaround 기저효과;ROIC<8%;자사주 효과 큼
KGS,150,"Kodiak Gas Services, Inc.",Energy,Oil & Gas Equipment & Services,,53.3,5.3888,32.4209,17.3608,20.3339,16.4648,0.3728,0.4922,0.1664,0.1635,0.165,1.0389,0.235,0.5868,0.5868,0.1671,0.2958,0.0731,0.11735438851546338,0.0035957066960432145,3.5801,0.01852000798567175,0.07513327410039983,0.0316,-0.0106,0.0336,0.0911,-0.1328,-0.2509,0.126,0.4608,0.2166,0.2708,83.1333,69.0,15.0,18.0,11.0,4.5,10.0,3.0,4.0,65.5,B,,False,False,False,ND/EBITDA>2.5x;희석>5%;ROIC<8%
NXPI,151,NXP Semiconductors N.V.,Technology,Semiconductors,,235.44,59.3695,17.9451,13.6316,15.6344,13.0113,0.1288,0.2749,0.161,0.1132,0.1369,0.2751,0.2016,0.2378,0.2378,0.4955,0.5732,0.1567,-0.25608109452736316,0.20091012514220705,1.53,0.032764505119453925,0.0006972786435763823,0.0,0.0205,0.0,0.0265,0.0485,-0.2088,0.06,0.1778,0.1725,0.2187,311.1034,190.0,9.0,15.5,9.5,9.0,7.0,7.5,8.0,65.5,B,,False,False,False,
MMYT,152,MakeMyTrip Limited,Consumer Cyclical,Travel Services,,46.79,4.401,26.8908,20.9255,23.319,18.8481,0.1328,0.2991,0.0545,0.1739,0.1126,0.2862,0.2372,0.2615,0.2615,0.7311,0.8003,0.1846,1.0092067963093367,0.1441251447124794,3.7594,,-0.16274312211050646,0.0,0.1153,0.0,0.1335,-0.2261,0.0047,0.1798,0.0816,0.1991,0.2372,75.4,65.0,12.5,12.0,12.0,10.5,5.5,6.0,7.0,65.5,B,,False,False,False,ND/EBITDA>2.5x;매출채권 급증;자사주 효과 큼
APPN,153,Appian Corporation,Technology,Software - Infrastructure,,37.96,2.719,43.6322,28.615,35.1013,26.7737,0.1955,0.3864,0.1688,0.1078,0.1379,0.7729,0.311,0.5246,0.5246,0.3703,0.5455,0.015,inf,0.09649732744713677,3.1951,0.054390317198264315,-0.017600603757311095,0.0,0.1019,0.0,0.1289,-0.0089,0.8508,0.2759,0.2487,0.2384,0.311,34.0,26.0,12.0,11.5,11.0,7.0,8.5,8.5,7.0,65.5,B,,False,False,False,ND/EBITDA>2.5x;ROIC<8%
MPWR,154,"Monolithic Power Systems, Inc.",Technology,Semiconductors,,1355.47,66.6119,64.1795,41.2589,49.4139,38.8713,0.2301,0.3943,0.4781,0.2815,0.3763,0.5437,0.2712,0.4008,0.4008,0.7589,1.0293,0.3219,0.17299745129379238,0.1779959904165946,-1.3944,0.06381268487497395,0.0258439367750265,0.0016,0.1419,0.0022,0.1562,0.0298,-0.0465,0.3981,0.0027,0.2141,0.277,1839.8,1575.0,16.0,7.0,13.0,12.0,4.0,7.5,6.0,65.5,B,,False,False,False,매출채권 급증
LQDA,155,Liquidia Corporation,Healthcare,Drug Manufacturers - Specialty & Generic,,67.49,6.041,49.2628,13.5226,20.9596,11.9451,0.5745,0.7575,3.6674,0.659,1.7827,,0.7547,,0.7547,,0.1792,2.4788,inf,0.32754869629435784,-0.5966,0.07693604224374427,0.18470930564325605,-0.0747,-0.0747,-0.0272,0.014,-0.0165,-0.0885,0.0578,0.6968,0.3796,0.7547,107.75,90.0,14.0,16.3,5.0,13.0,6.0,5.0,6.0,65.3,B,★★,False,True,False,희석>5%;Turnaround 기저효과
SKHY,156,SK hynix Inc.,Technology,Semiconductors,,189.28,1345.9237,,5.9553,7.1623,5.6039,,,2.5666,0.5415,1.3447,,0.2781,,0.2781,,0.2142,0.769,18.453981892745496,0.4780266903504014,-0.4657,0.0014851513804086326,0.004390566616357727,0.007,,0.0021,,0.2183,,-0.1382,0.4163,0.2135,0.2781,248.6428,152.0,13.0,12.8,5.5,15.0,6.0,5.0,8.0,65.3,B,,False,True,False,Turnaround 기저효과
CECO,157,CECO Environmental Corp.,Industrials,Pollution & Treatment Controls,,74.985,4.3919,53.8724,25.7613,31.9849,24.0217,0.4063,0.5541,0.7367,0.357,0.5352,1.6324,0.3315,0.8722,0.8722,0.1578,0.2954,0.0227,0.06761124786347349,-0.02391457672007467,7.9604,0.021833026452296515,0.18469068186153081,0.2297,0.4072,0.1016,0.3886,0.0485,-0.2243,0.2428,0.6294,0.2538,0.3315,109.1429,85.0,16.0,16.5,15.0,1.0,10.0,6.5,0.0,65.0,B,,False,False,False,ND/EBITDA>4x;희석>5%;FCF<0;매출채권 급증;재고 급증;ROIC<8%
CPAY,158,"Corpay, Inc.",Technology,Software - Infrastructure,,395.16,25.946,16.1027,13.0209,14.4257,12.5655,0.1041,0.2197,0.174,0.0869,0.1296,0.2812,0.148,0.2128,0.2128,0.463,0.6119,0.1364,0.14525055643252885,0.32634306290486487,2.7011,0.022888547798606593,-0.07145557126657243,0.0012,0.0231,0.0065,0.0275,-0.0527,0.1644,0.0479,0.1649,0.1145,0.148,461.0,390.0,9.0,14.5,9.5,9.5,7.0,7.5,8.0,65.0,B,,False,False,False,ND/EBITDA>2.5x;자사주 효과 큼
Q,159,"Qnity Electronics, Inc.",Technology,Semiconductor Equipment & Materials,,124.5,26.0465,30.8115,24.1137,27.1531,23.1493,0.1187,0.2487,0.1865,0.1163,0.1508,0.3687,0.173,0.267,0.267,0.654,0.903,0.0824,inf,0.15834932821497122,2.3368,0.007101727447216891,0.0036593074565516304,-0.0011,0.123,0.0035,0.129,-0.0333,-0.2271,0.2224,0.0446,0.1362,0.1756,176.75,150.0,12.5,11.0,12.0,9.0,4.0,8.5,8.0,65.0,B,,False,False,False,
ENTG,160,"Entegris, Inc.",Technology,Semiconductor Equipment & Materials,,150.93,23.0621,47.0187,31.9842,38.4874,30.0918,0.1814,0.36,0.117,0.1267,0.1218,0.426,0.279,0.3505,0.3505,0.7508,0.9125,0.1219,inf,0.17293526953489072,3.5054,0.02176723489973242,0.011191573403555033,0.0007,0.077,0.0,0.0849,0.0506,-0.102,0.3119,0.0386,0.2168,0.2816,173.3636,120.0,14.0,10.0,12.0,10.5,4.0,7.5,7.0,65.0,B,,False,False,False,ND/EBITDA>2.5x
EXLS,161,"ExlService Holdings, Inc.",Technology,Information Technology Services,,34.83,5.2807,16.2,13.8576,15.2176,13.4115,0.0606,0.1721,0.1542,0.1168,0.1354,0.1737,0.1347,0.154,0.154,0.7976,0.8996,0.2751,0.3573005051259826,0.12293133641500478,0.5442,0.040504819618524715,-0.06919446107829841,0.0,0.0241,0.0,0.0349,-0.0719,0.3314,0.0643,0.0897,0.1042,0.1347,44.625,39.0,7.0,12.0,9.5,12.5,5.5,8.5,10.0,65.0,B,,False,False,False,자사주 효과 큼
ANET,162,"Arista Networks, Inc.",Technology,Computer Hardware,,203.47,256.6214,58.8064,41.5603,49.48,39.2237,0.1586,0.333,0.4063,0.2816,0.3425,0.3799,0.2615,0.3194,0.3194,1.0939,1.3013,2.139,inf,0.4890805251973285,-2.876,0.04765292956891318,0.0037759597230961894,-0.0002,0.1337,0.0054,0.1646,0.0786,0.2544,0.4006,-0.0813,0.2009,0.2615,241.9289,190.0,14.5,6.0,13.0,13.0,1.0,8.5,9.0,65.0,B,,False,False,False,
GGAL,163,Grupo Financiero Galicia S.A.,Financial Services,Banks - Regional,,39.99,6.7764,65.733,6.2571,8.4238,5.7104,0.8718,0.9131,0.4235,0.2712,0.3452,4.4767,0.4752,1.8424,0.4752,0.014,0.1317,,,,,,0.0,0.0934,0.1865,0.0358,0.0539,-0.0341,-0.2196,-0.1275,1.9699,0.3787,0.5186,67.3742,50.0,14.0,15.3,12.5,5.0,6.0,3.0,9.0,64.8,C,★★(조건부),False,True,True,Turnaround 기저효과;FY0 일회성 저기저(정상화 성장률 적용)
SUNC,164,SunocoCorp LLC,Energy,Oil & Gas Midstream,,77.3,3.9823,,6.5553,7.4872,6.265,,,0.8357,0.0357,0.3788,1.0558,0.1951,0.5674,0.1951,0.0621,0.336,0.063,,,4.9781,,1.664043067961165,0.7632,0.5006,1.4729,0.2726,0.0005,0.2006,-0.1173,0.6848,0.2033,0.248,83.5,80.0,13.0,18.0,15.0,2.5,10.0,4.0,2.0,64.5,C,,False,False,True,ND/EBITDA>4x;희석>5%;FY0 일회성 저기저(정상화 성장률 적용);ROIC<8%
TLN,165,Talen Energy Corporation,Utilities,Utilities - Independent Power Producers,,300.34,14.3906,20.8116,10.5562,13.4906,9.7657,0.3518,0.5308,0.755,0.1568,0.4248,1.4571,0.3814,0.8424,0.8424,0.0724,0.1253,0.0489,-0.00963281141748649,0.11868484362469928,16.0515,0.15183106121357925,0.0011995899583414626,0.0459,-0.0532,0.0553,-0.0001,-0.0449,-0.2709,-0.0057,0.848,0.2913,0.3814,460.5882,307.0,17.0,19.5,8.0,4.0,10.0,3.0,3.0,64.5,C,,False,False,False,ND/EBITDA>4x;SBC>10%;ROIC<8%
PRY.MI,166,PRYSMIAN,Industrials,Electrical Equipment & Parts,,127.25,43.3644,30.8208,22.1985,26.6827,20.8918,0.1343,0.3222,0.1457,0.1111,0.1283,0.6074,0.2772,0.4328,0.4328,0.3655,0.5129,0.118,0.0855306314797361,0.07132018209408195,1.5935,0.004078148710166919,0.016177139278919173,-0.0112,0.0046,-0.0044,0.039,0.0995,-0.1269,0.1974,0.2354,0.2198,0.2842,156.5294,90.0,12.0,14.5,9.5,7.0,8.5,4.0,9.0,64.5,C,,False,False,False,
ORCL,167,Oracle Corporation,Technology,Software - Infrastructure,,144.56,437.1113,17.8911,15.9891,17.7562,13.1452,0.0075,0.2653,0.3432,0.4529,0.397,0.067,0.3508,0.2005,0.2005,2.3855,0.7973,0.1687,0.27233425600273853,-0.40012817476350365,3.8354,0.06706883820722516,0.03128222756961163,0.011,0.012,0.0075,0.0077,0.0148,-0.0791,0.1031,0.0975,0.3238,0.3642,237.9742,110.0,16.0,13.0,10.5,7.0,5.5,8.5,4.0,64.5,C,,False,False,False,ND/EBITDA>2.5x;FCF<0
SFBS,168,"ServisFirst Bancshares, Inc.",Financial Services,Banks - Regional,,41.17,4.5017,13.7923,11.7431,12.7791,11.3992,0.0735,0.1735,0.2104,0.1123,0.1603,0.2273,0.1211,0.173,0.173,0.5166,0.6789,,,0.7495620528701077,,0.0046095449063317875,-0.0020485658000730655,0.0021,0.0068,-0.006,0.007,-0.0501,-0.0029,0.0212,0.1518,0.112,0.1393,48.3333,47.0,9.0,14.0,7.5,9.5,7.0,7.5,10.0,64.5,C,,False,False,False,
APPF,169,"AppFolio, Inc.",Technology,Software - Application,,210.01,7.4379,34.8854,26.2012,30.4462,24.9087,0.1273,0.286,0.1819,0.1745,0.1782,0.3039,0.2223,0.2625,0.2625,0.8621,0.9983,0.5045,0.9808112215165129,0.2550766993024192,-0.9549,0.07165070425782726,-0.020522594188487453,0.0002,0.0136,0.0012,0.0251,-0.0641,0.4329,0.2481,0.0144,0.1712,0.2223,234.1612,200.0,13.5,10.0,8.5,13.0,4.0,7.5,8.0,64.5,C,,False,False,False,매출채권 급증
267260.KS,170,HD HYUNDAI ELECTRIC,Industrials,Electrical Equipment & Parts,,708000.0,18.62,29.953,22.078,26.6098,20.762,0.1116,0.3068,0.1504,0.1984,0.1742,0.3072,0.2817,0.2944,0.2944,0.7187,0.75,0.6957,inf,0.15094769893407378,-0.6941,,0.0001241741439979016,-0.0148,-0.0236,-0.0107,-0.0078,-0.0153,-0.2431,0.1958,0.0986,0.2272,0.2927,1171760.4,588727.0,14.5,12.0,5.5,12.5,5.5,4.5,10.0,64.5,C,,False,False,False,
TPG,171,TPG Inc.,Financial Services,Asset Management,,44.93,17.5482,,13.1431,15.717,12.3881,,,0.1994,0.188,0.1937,0.1862,0.2687,0.2268,0.2268,0.706,0.5796,,,0.2688054724301253,,,0.043613911400405936,0.0157,0.0097,0.0074,0.0191,-0.1426,0.1474,0.0503,0.1764,0.2555,0.3178,60.4375,46.0,13.0,15.0,7.5,7.5,7.0,5.0,9.0,64.0,C,,False,False,False,
VECO,172,Veeco Instruments Inc.,Technology,Semiconductor Equipment & Materials,,45.92,2.8027,42.9159,18.163,30.3359,15.8029,0.2931,0.6318,0.1694,0.3192,0.2421,0.1381,0.9196,0.4781,0.4781,1.3149,0.3799,0.0373,-0.14904576525563137,0.06544359213419537,-3.4142,0.055467137056472715,0.002988345452734409,0.0,-0.0657,0.0,-0.0457,-0.0405,-0.3864,0.1388,0.3393,0.4006,0.9196,61.3333,55.0,18.5,16.5,5.0,4.0,10.0,3.0,7.0,64.0,C,,False,False,False,매출채권 급증;ROIC<8%
ALNY,173,"Alnylam Pharmaceuticals, Inc.",Healthcare,Biotechnology,,246.51,32.9853,30.891,21.4581,27.8687,19.7659,0.0978,0.3601,0.4763,0.2674,0.3678,0.7412,0.4099,0.5668,0.5668,0.2895,0.3786,,inf,0.1706567319889213,-0.3041,0.0700685361212377,0.05858621428790145,-0.0079,-0.0694,-0.0092,-0.094,0.0436,-0.1446,0.1873,0.3796,0.3126,0.4099,371.3538,256.0,17.0,16.5,3.0,8.5,10.0,3.0,6.0,64.0,C,,False,False,False,희석>5%;컨센 하향
KRMN,174,Karman Holdings Inc.,Industrials,Aerospace & Defense,,33.05,4.3802,,38.5417,56.1302,34.5163,,,0.5694,0.2764,0.4153,0.5914,0.6262,0.6087,0.6087,0.6517,0.6332,0.0794,0.3951235460926533,-0.04693563926506907,5.3502,0.002449317447824789,0.0015794803585194028,0.0017,0.0298,0.0213,0.0449,-0.3811,-0.2874,0.3745,0.2342,0.3608,0.6262,89.7,63.0,18.0,11.5,12.0,6.5,8.5,5.0,2.0,63.5,C,,False,False,False,ND/EBITDA>4x;FCF<0;매출채권 급증;ROIC<8%
HIMX,175,"Himax Technologies, Inc.",Technology,Semiconductors,,14.28,2.4908,70.6931,13.2852,30.383,10.9846,0.5702,0.8446,0.1409,0.2962,0.2161,0.8651,1.766,1.2713,1.2713,0.1536,0.1045,0.0299,0.006022282565290312,0.03249954442710653,4.84,0.0007615006510770226,-0.0006760473003941669,0.175,0.175,0.3,0.3,0.0355,-0.134,0.0532,1.2181,0.491,1.7831,30.2,17.4,14.5,16.3,15.0,3.0,6.0,5.5,3.0,63.3,C,★★(조건부),False,True,False,ND/EBITDA>4x;Turnaround 기저효과;ROIC<8%
6723.T,176,RENESAS ELECTRONICS CORP,Technology,Semiconductors,,3482.0,40.2992,16.0666,12.8705,14.3538,12.3938,0.1066,0.2286,0.788,0.0817,0.3907,0.331,0.1581,0.2416,0.2416,0.3888,0.5328,0.041,-0.08230170277518808,,1.7516,,-0.003377229714879859,0.0045,0.0525,0.0062,0.0637,0.0143,-0.3093,0.0449,0.1967,0.1307,0.1666,5065.385,2000.0,14.0,14.5,12.0,2.5,7.0,6.0,7.0,63.0,C,,False,False,False,ROIC<8%
FITB,177,Fifth Third Bancorp,Financial Services,Banks - Regional,,51.69,46.8773,17.6416,11.7522,16.8392,10.5645,0.0455,0.4012,0.4229,0.0872,0.2438,-0.1304,0.5939,0.1773,0.1773,,0.6628,,,0.2760198246282882,,0.02316050324056424,0.3589216226481158,0.0006,-0.004,0.0,0.0042,-0.0571,-0.0478,0.0214,0.1559,0.3874,0.6257,62.9,55.0,12.5,16.0,8.5,5.0,7.0,6.0,8.0,63.0,C,,False,False,False,희석>5%
EVR,178,Evercore Inc.,Financial Services,Capital Markets,,259.89,9.9948,13.6425,11.9447,13.3006,11.5081,0.0251,0.1565,0.2497,0.1265,0.1865,0.342,0.1558,0.2454,0.2454,0.3492,0.4867,,,0.3452808255279641,,0.1616300745518416,-0.001916870890253053,0.0,0.0168,0.0,-0.0185,-0.1069,-0.289,0.0255,0.2199,0.1339,0.1693,363.9,303.0,10.0,15.0,8.5,8.5,8.5,4.5,8.0,63.0,C,,False,False,False,SBC>10%
TEL,179,TE Connectivity plc,Technology,Electronic Components,,214.39,62.0687,19.7959,16.6132,18.716,16.5977,0.0546,0.1616,0.15,0.0919,0.1206,0.3076,0.1276,0.2143,0.2143,0.54,0.7752,0.1695,0.4020090978013647,0.1715660904668254,0.9249,0.009005278956629748,-0.016778523489932917,0.0001,0.019,0.0008,0.0237,0.0534,0.06,0.1137,0.1006,0.1042,0.1422,248.579,215.0,9.0,12.0,8.5,11.5,5.5,7.5,9.0,63.0,C,,False,False,False,
MSFT,180,Microsoft Corporation,Technology,Software - Infrastructure,,500.59,3717.1539,28.9693,24.2162,25.3339,21.1435,0.1255,0.2701,0.1784,0.195,0.1866,0.1435,0.1982,0.1705,0.1705,1.6875,1.4201,0.3585,0.2463320055247514,0.20186596512164032,0.2676,0.0373825861336371,-0.0024125452352231624,0.0016,0.02,0.0044,0.0463,0.0273,0.3723,0.2237,-0.0532,0.1902,0.2061,577.2614,440.0,12.0,9.0,9.5,12.5,2.5,8.5,9.0,63.0,C,,False,False,False,재고 급증
GRND,181,Grindr Inc.,Technology,Software - Application,,15.44,2.6838,28.2303,21.3292,25.7333,20.0519,0.0884,0.2897,0.2334,0.1714,0.202,0.2789,0.2833,0.2811,0.2811,0.7647,0.7587,0.3376,inf,0.280326939560903,2.4244,0.1229397099755011,-0.10987678122184596,0.0,0.0,0.0,0.0,-0.0058,0.175,0.1855,0.0956,0.2174,0.2833,20.8,19.0,15.0,12.0,6.5,13.0,5.5,4.0,7.0,63.0,C,,False,False,False,SBC>10%;자사주 효과 큼
VSEC,182,VSE Corporation,Industrials,Aerospace & Defense,,178.54,5.0107,35.215,23.244,26.3067,22.2787,0.253,0.3674,0.6287,0.2142,0.4062,0.7313,0.1808,0.4298,0.4298,0.3178,0.5408,0.0444,0.08143435277262896,-0.011656287192298175,4.2828,0.010926434370691586,0.5139104711563818,-0.003,0.555,0.0003,0.3975,-0.1794,-0.1641,0.2112,0.2186,0.1418,0.183,270.0,245.0,16.0,14.5,13.0,2.0,8.5,8.5,0.0,62.5,C,,False,False,False,ND/EBITDA>4x;희석>5%;FCF<0;ROIC<8%;M&A 비중 큼
BRZE,183,"Braze, Inc.",Technology,Software - Application,,25.87,2.9384,235.1818,30.0446,40.264,26.3455,0.8288,0.888,0.236,0.1682,0.2016,0.6908,0.5283,0.6075,0.6075,0.4349,0.4946,-0.3665,,0.09614008422026729,,0.1762656114959586,0.041617122473246226,0.0152,0.0152,0.0134,0.0058,-0.1671,0.3432,0.2915,0.316,0.3607,0.5283,37.3,30.0,15.5,14.5,8.5,4.0,10.0,4.0,6.0,62.5,C,,False,False,False,SBC>10%;ROIC<8%
KKR,184,KKR & Co. Inc.,Financial Services,Asset Management,,97.21,89.7822,17.5153,13.6644,15.3782,13.1202,0.122,0.2509,0.3757,0.1756,0.2717,0.298,0.1721,0.2334,0.2334,0.4585,0.5853,,,0.11110731244713921,,0.03660397351647452,-0.00904164903331095,0.0012,0.0471,0.0027,0.0019,-0.0942,0.0643,0.0606,0.1728,0.1408,0.18,128.67,115.0,11.5,15.0,7.5,5.0,7.0,6.5,10.0,62.5,C,,False,False,False,
ROAD,185,"Construction Partners, Inc.",Industrials,Engineering & Construction,,93.44,5.3032,33.4957,24.144,30.0612,24.0515,0.1025,0.282,0.304,0.115,0.2058,0.4108,0.2499,0.3279,0.3279,0.5877,0.7363,0.0934,0.5936921269800244,0.05047827272068574,3.5435,0.01188551127509106,0.011055607515871202,0.0,0.023,0.0,0.0144,-0.167,-0.2406,0.2228,0.1051,0.1761,0.2499,142.5714,130.0,14.0,13.0,9.5,7.0,5.5,6.5,7.0,62.5,C,,False,False,False,ND/EBITDA>2.5x;M&A 비중 큼
GLW,186,Corning Incorporated,Technology,Electronic Components,,154.48,133.0673,53.8258,38.0581,47.1305,35.5138,0.1244,0.3402,0.1736,0.1918,0.1827,0.3007,0.3271,0.3138,0.3138,1.2657,1.2127,0.1239,inf,0.14118132515916057,1.683,0.024699363357698657,0.011560693641618602,0.0024,0.0303,0.0068,0.0389,0.0634,-0.2481,0.3701,-0.0563,0.2575,0.3341,192.4375,129.0,15.5,7.0,11.5,10.5,2.5,7.5,8.0,62.5,C,,False,False,False,
SE,187,Sea Limited,Consumer Cyclical,Internet Retail,,103.29,63.2635,32.4913,21.4359,27.042,19.9004,0.1677,0.3875,0.3566,0.2265,0.2899,0.204,0.3589,0.2791,0.2791,1.0507,0.768,0.3553,2.4538671648932064,0.1692174340876004,-1.8533,,0.0426724023598275,0.0196,-0.0268,0.0099,-0.0207,-0.1212,0.1253,0.187,0.0921,0.2744,0.3589,157.11,105.0,15.0,13.0,5.5,11.5,5.5,3.0,9.0,62.5,C,,False,False,False,
ICHR,188,Ichor Holdings,Technology,Semiconductor Equipment & Materials,,58.4,2.1873,102.4561,20.6278,37.1975,17.8671,0.6369,0.8256,0.3143,0.33,0.3221,5.8261,1.0819,2.7698,2.7698,0.0354,0.0745,-0.0273,,-0.02525760687504069,-2.7806,0.016512881823400945,0.06211045594680442,0.0,0.1389,0.0,0.2112,-0.0299,-0.3666,0.1756,2.5941,0.4117,1.0819,95.8571,80.0,16.0,15.3,13.0,1.5,6.0,7.5,3.0,62.3,C,,False,True,False,희석>5%;FCF<0;Turnaround 기저효과;ROIC<8%
ACMR,189,"ACM Research, Inc.",Technology,Semiconductor Equipment & Materials,,80.67,5.6186,51.7115,29.9631,37.4556,27.887,0.2757,0.4607,0.2996,0.2929,0.2963,0.3377,0.3431,0.3404,0.3404,0.8872,0.8802,0.162,0.0531496062992126,-0.11544154207282524,-6.8292,0.02524061161796618,0.06483452658670164,0.2845,0.2845,0.2838,0.2838,0.0159,-0.1861,0.2906,0.0498,0.2625,0.3431,115.875,75.0,16.0,11.5,15.0,4.5,4.0,6.0,5.0,62.0,C,,False,False,False,희석>5%;FCF<0
PODD,190,Insulet Corporation,Healthcare,Medical Devices,,136.49,9.4662,23.2521,18.4865,20.9891,17.701,0.0973,0.2387,0.214,0.1388,0.1758,0.3084,0.1858,0.2456,0.2456,0.5994,0.7528,0.21,0.42526886112390605,0.08698215162927787,0.6725,0.025511707876207632,-0.017678197361716608,0.0,0.0033,0.0,-0.0458,-0.0788,-0.0515,0.1439,0.1017,0.1433,0.1858,171.9091,144.0,11.0,12.0,6.5,11.5,5.5,5.5,10.0,62.0,C,,False,False,False,
CAT,191,"Caterpillar, Inc.",Industrials,Farm & Heavy Construction Machinery,,812.02,373.2652,34.0898,26.22,29.8684,25.0799,0.1238,0.2643,0.1711,0.1124,0.1414,0.4264,0.1909,0.3033,0.3033,0.615,0.8644,0.178,-0.26821317748833595,0.12035488230807317,2.4122,,-0.019088016967126142,-0.0043,0.1022,0.0067,0.0738,-0.0192,-0.1734,0.2483,0.0551,0.1554,0.199,975.6061,575.0,10.5,10.0,13.0,7.5,4.0,8.5,8.0,61.5,C,,False,False,False,
LIF,192,"Life360, Inc.",Technology,Software - Application,,40.75,3.3203,34.8142,24.365,29.7289,22.8318,0.1461,0.3442,0.3744,0.2219,0.2959,0.2379,0.3021,0.2696,0.2696,1.0242,0.9038,0.015,1.7084796819787986,0.17198956262946286,-6.1429,0.12124186545293228,0.0257548723183898,0.0,0.0966,0.0,0.0969,-0.0876,-0.1319,0.2256,0.044,0.2316,0.3021,60.7,40.0,15.0,10.0,12.0,7.0,4.0,8.5,5.0,61.5,C,,False,False,False,SBC>10%;매출채권 급증;ROIC<8%
CSGP,193,"CoStar Group, Inc.",Real Estate,Real Estate Services,,28.26,11.4509,25.9266,17.0044,20.7565,15.9325,0.1994,0.3855,0.1667,0.115,0.1406,0.5649,0.3028,0.4279,0.4279,0.301,0.3974,0.0091,-0.2874794407894737,0.06384474757418085,-0.2817,0.0540008437631838,-0.04690077775159085,0.016,0.0022,-0.0762,-0.0122,-0.124,-0.0661,0.1202,0.3077,0.2321,0.3028,37.3,25.0,12.0,16.5,5.5,4.0,10.0,5.5,8.0,61.5,C,,False,False,False,ROIC<8%;M&A 비중 큼;자사주 효과 큼
DGII,194,Digi International Inc.,Technology,Communication Equipment,,75.3,2.8575,30.241,24.1071,27.9718,24.0421,0.075,0.205,0.2369,0.0872,0.1596,0.2819,0.1634,0.2212,0.2212,0.8552,1.0896,0.082,inf,0.26862605266952844,0.7875,0.034364980749210315,0.033622818898892515,0.0866,0.0866,0.1186,0.1307,0.0052,0.0953,0.2223,-0.0011,0.1152,0.1634,85.4,76.0,11.0,8.0,14.0,8.5,2.5,8.5,9.0,61.5,C,,False,False,False,
207940.KS,195,SAMSUNG BIOLOGICS,Healthcare,Biotechnology,,1366000.0,46.204,37.6765,29.1049,33.1792,27.8329,0.1194,0.2613,-0.041,0.1663,0.0576,0.5461,0.1921,0.3576,0.3576,0.5329,0.8139,0.1882,0.24123462138578583,0.3463244860786174,-0.3436,,-0.001264174523909034,-0.0013,0.0218,-0.0049,0.033,-0.1382,-0.0137,0.2813,0.0763,0.1482,0.1921,1972615.4,1600000.0,11.0,11.0,10.5,11.5,5.5,2.0,10.0,61.5,C,,False,False,False,
CORT,196,Corcept Therapeutics Incorporat,Healthcare,Biotechnology,,112.94,12.2086,268.9048,29.7873,52.5302,25.6536,0.8047,0.9046,0.5053,0.4875,0.4964,1.622,1.0477,1.3171,1.3171,0.1837,0.2262,0.0138,-0.20570840834199527,0.12869442341417384,-36.9589,0.11567705368115327,-0.01742955554633352,2.8623,3.5026,0.3729,1.7009,-0.0762,0.4144,0.2887,1.0284,0.415,1.0477,141.0,50.0,15.0,10.3,15.0,3.0,6.0,6.0,6.0,61.3,C,,False,True,False,SBC>10%;Turnaround 기저효과;ROIC<8%
NMRK,197,"Newmark Group, Inc.",Real Estate,Real Estate Services,,13.13,3.2134,7.2143,6.1423,6.725,5.9504,0.0678,0.1752,0.1662,0.0924,0.1287,0.2052,0.1302,0.1671,0.1671,0.2993,0.3676,0.0687,0.10483141563720172,0.2212858552262873,4.8812,0.07881324708214171,-0.002972915198682591,0.0093,0.0093,0.0211,0.0197,-0.19,-0.1236,-0.1316,0.2986,0.118,0.1474,19.75,17.5,8.0,16.0,10.0,6.0,8.5,8.5,4.0,61.0,C,,False,False,False,ND/EBITDA>4x;ROIC<8%
SAF.PA,198,SAFRAN,Industrials,Aerospace & Defense,,336.0,158.5405,,27.3525,32.2578,25.8874,,,0.1666,0.1027,0.1342,0.3705,0.2461,0.3068,0.3068,0.7382,0.8915,0.319,inf,,-0.2551,,-0.006748552768243377,-0.0003,0.0321,-0.0067,0.0545,-0.0232,-0.034,0.2616,0.0453,0.1993,0.2562,382.8636,257.0,10.5,11.0,9.5,11.0,4.0,5.0,10.0,61.0,C,,False,False,False,
KVYO,199,"Klaviyo, Inc. Series A",Technology,Software - Application,,16.78,5.0219,21.5128,16.8739,20.351,15.8651,0.054,0.2625,0.2407,0.1957,0.218,0.2306,0.2828,0.2564,0.2564,0.7316,0.658,-0.1304,0.12426012243754751,0.17013850909865463,,0.123375857046636,0.04184706930641102,0.0,-0.0292,0.0,0.0222,-0.0846,0.2439,0.118,0.1384,0.217,0.2828,26.65,19.0,16.0,13.5,6.5,5.5,7.0,6.5,6.0,61.0,C,,False,False,False,SBC>10%;ROIC<8%
TALO,200,"Talos Energy, Inc.",Energy,Oil & Gas E&P,,16.56,2.7649,,10.8733,14.2871,9.9853,,,0.2665,0.0472,0.1516,,0.4308,,0.4308,,0.2524,0.0335,-0.11932011147832502,0.3994037626306385,0.6765,0.010921924833271278,-0.041256115983856034,0.3814,1.0464,0.2461,,-0.0521,0.1862,0.0017,0.4291,0.327,0.4308,19.8889,17.0,11.0,14.8,9.0,5.5,6.0,7.5,7.0,60.8,C,,False,True,False,Turnaround 기저효과;ROIC<8%;자사주 효과 큼
STEP,201,StepStone Group Inc.,Financial Services,Asset Management,,45.03,5.8126,20.1027,15.3869,18.1564,13.2212,0.0968,0.3423,0.1873,0.2045,0.1958,0.1482,0.3733,0.2557,0.2557,1.0382,0.6017,-5.0104,,-0.21879539190471092,,0.8608254635358442,0.053296587614299895,0.0019,-0.0066,-0.0201,0.0276,-0.0933,0.0558,0.0926,0.1632,0.3473,0.4102,69.5556,56.0,15.5,15.0,5.5,4.0,7.0,7.5,6.0,60.5,C,,False,False,False,SBC>10%;희석>5%
WHD,202,"Cactus, Inc. Class A Common Sto",Energy,Oil & Gas Equipment & Services,,66.03,4.6045,22.3831,19.1759,22.3095,18.2233,0.0033,0.1858,0.5848,0.0407,0.2842,0.1003,0.2242,0.1606,0.1606,1.9124,1.1941,0.2432,-0.04437236965045799,0.23767932421348256,-0.8083,0.019483006293313298,0.019379001001611273,0.0097,-0.0092,0.0057,0.0514,-0.0469,0.2523,0.1544,0.0062,0.1816,0.2332,69.2222,57.0,12.5,10.0,9.5,9.0,4.0,7.5,8.0,60.5,C,,False,False,False,매출채권 급증
LAZ,203,"Lazard, Inc.",Financial Services,Capital Markets,,36.82,3.5881,19.3789,10.8003,16.5121,9.5684,0.1479,0.5062,0.0991,0.202,0.1494,-0.0861,0.7257,0.2558,0.2558,,0.4222,0.26,0.6249370003486805,0.15244267500986342,,,0.02315968144352487,-0.1533,-0.2172,-0.1042,-0.1246,-0.166,-0.1194,0.0,0.2558,0.4301,0.7803,47.375,42.0,13.5,18.0,0.0,9.5,8.5,3.0,8.0,60.5,C,,False,False,False,컨센 하향
NVMI,204,Nova Ltd.,Technology,Semiconductor Equipment & Materials,,365.73,11.6325,40.0142,28.4613,34.2654,26.7734,0.1437,0.3309,0.2239,0.2621,0.2428,0.2382,0.2798,0.2589,0.2589,1.1947,1.0995,0.284,0.9255910483762898,0.20240256512547228,-0.7341,0.02957552976113016,0.07478239166380685,0.0,0.0213,0.0,0.0559,-0.0299,-0.3072,0.2741,-0.0153,0.2148,0.2798,532.0,461.0,16.0,7.0,10.5,11.0,2.5,7.5,6.0,60.5,C,,False,False,False,희석>5%;매출채권 급증
LDO.MI,205,LEONARDO,Industrials,Aerospace & Defense,,50.45,33.1404,23.44,18.4668,21.1509,17.6339,0.0977,0.2477,0.1448,0.1078,0.1261,0.2581,0.1994,0.2284,0.2284,0.7154,0.8084,0.1632,0.7351482326478149,0.05311689559120161,1.5118,,0.002246304024406509,-0.0319,0.0051,0.005,0.0123,-0.0889,0.0818,0.1435,0.0849,0.1664,0.212,69.4105,60.0,9.0,12.0,7.5,10.5,5.5,7.5,8.0,60.0,C,,False,False,False,재고 급증
SGI,206,Somnigroup International Inc.,Consumer Cyclical,"Furnishings, Fixtures & Appliances",,62.87,13.2257,22.1373,16.9435,20.1902,15.9868,0.088,0.2778,0.1831,0.3077,0.2439,0.1533,0.2629,0.2069,0.2069,1.1053,0.8191,0.0981,0.08623018203170879,0.10097163865546219,4.9444,0.005921743697478991,0.00047080979284364055,0.032,-0.0128,0.095,0.0069,-0.0284,-0.1465,0.1192,0.0877,0.2125,0.2734,93.4444,80.0,14.5,13.0,9.5,6.5,5.5,4.5,6.0,59.5,제외,,False,False,False,ND/EBITDA>4x
079550.KS,207,LIG Defense&Aerospace,Industrials,Aerospace & Defense,,692000.0,11.0458,52.7761,31.2599,41.4638,28.637,0.2143,0.4574,0.1953,0.1969,0.1961,0.4382,0.4479,0.4431,0.4431,0.7133,0.7055,0.1488,2.7745786831294557,-0.2896172874961782,3.0124,0.0051034404312140895,0.002269753070814673,-0.0513,-0.053,-0.0049,-0.0011,-0.0362,-0.1602,0.3044,0.1387,0.3345,0.4522,1098684.2,850000.0,17.0,12.5,6.0,8.0,7.0,4.0,5.0,59.5,제외,,False,False,False,ND/EBITDA>2.5x;FCF<0;매출채권 급증
NXT,208,Nextpower Inc.,Technology,Solar,,81.81,12.5692,,15.7061,17.4707,14.1693,,,,0.194,0.194,,0.233,,0.233,,0.6741,0.4789,0.023065408203476204,0.1511519549173114,-1.5696,,0.02810451885673393,0.005,0.0007,-0.0013,-0.0108,-0.0507,-0.3219,0.0982,0.1348,0.1956,0.233,139.1786,70.0,11.0,12.7,7.5,9.5,4.2,6.5,8.0,59.4,제외,,False,True,False,Turnaround 기저효과
PNFP,209,"Pinnacle Financial Partners, In",Financial Services,Banks - Regional,,93.4,14.1139,9.9362,8.4015,9.1637,8.1492,0.0777,0.1798,1.4541,0.0838,0.6308,0.2177,0.1245,0.1702,0.1702,0.3859,0.4937,,,0.43416371613952465,,0.040121320513161814,0.9680210226451438,0.0009,-0.0057,0.0011,-0.0261,-0.0866,-0.0228,-0.0608,0.231,0.1175,0.1456,120.3182,110.0,13.0,15.5,5.5,4.0,8.5,4.5,8.0,59.0,제외,,False,False,False,희석>5%
PCOR,210,"Procore Technologies, Inc.",Technology,Software - Application,,51.06,7.7588,31.9125,23.3002,30.0337,21.5057,0.0589,0.3261,0.145,0.133,0.139,0.2501,0.3965,0.3213,0.3213,0.9318,0.7252,-0.0877,inf,0.19669260317424608,-9.0257,0.17456595952892479,0.020911851570410978,-0.0008,0.0133,0.0025,0.1198,-0.1958,0.3116,0.212,0.1093,0.3026,0.3965,68.381,55.0,12.5,10.0,10.5,7.0,5.5,7.5,6.0,59.0,제외,,False,False,False,SBC>10%;ROIC<8%
INTR,211,Inter & Co. Inc.,Financial Services,Banks - Regional,,5.24,2.3135,7.8336,5.9766,6.945,5.6818,0.1134,0.2747,0.2785,0.2026,0.24,0.3255,0.2223,0.2729,0.2729,0.1836,0.219,,,0.1509471142242189,,,0.011753095180925044,-0.0105,-0.0558,-0.061,-0.1157,-0.0278,-0.0169,-0.1375,0.4104,0.1916,0.2427,8.5678,5.0,13.0,16.5,0.0,8.5,10.0,2.0,9.0,59.0,제외,,False,False,False,컨센 하향
ADMA,212,ADMA Biologics Inc,Healthcare,Biotechnology,,9.7,2.1727,13.5984,10.7354,12.1757,10.2827,0.1046,0.2438,0.0493,0.1759,0.1108,0.2131,0.1841,0.1985,0.1985,0.5037,0.5407,0.4095,1.2420334597854863,0.22687814162315162,0.3025,0.04470840856961593,-0.0734947314343205,0.0,-0.0103,-0.0399,-0.0543,-0.0142,0.1162,-0.0015,0.2,0.1421,0.1841,17.0,12.0,9.0,14.5,1.5,13.0,8.5,4.5,8.0,59.0,제외,,False,False,False,매출채권 급증;컨센 하향;자사주 효과 큼
MXL,213,"MaxLinear, Inc",Technology,Semiconductors,,84.32,7.6472,93.6889,35.444,48.1829,32.2688,0.4857,0.6556,0.5782,0.2988,0.4317,4.6452,0.4932,1.9033,1.9033,0.0763,0.1862,-0.1134,,0.0011477686182834444,,0.1557485103615559,0.12360030475838668,0.0,0.3084,0.0116,0.3934,0.2659,-0.0534,0.346,1.5573,0.3385,0.4932,94.5454,40.0,14.0,10.3,14.0,3.0,6.0,8.5,3.0,58.8,제외,,False,True,False,SBC>10%;희석>5%;Turnaround 기저효과;ROIC<8%
GBCI,214,"Glacier Bancorp, Inc.",Financial Services,Banks - Regional,,44.13,5.7463,16.8053,12.7517,14.1745,12.2925,0.1565,0.2685,0.2494,0.0832,0.1634,0.3898,0.1531,0.2659,0.2659,0.3272,0.4795,,,0.35028735483893164,,0.008131256052857465,0.11485455355188656,-0.0027,-0.0163,-0.0042,-0.0164,-0.066,-0.1054,0.0424,0.2235,0.1483,0.183,56.5,53.0,12.5,16.0,6.5,4.0,8.5,3.0,8.0,58.5,제외,,False,False,False,희석>5%
SPXC,215,"SPX Technologies, Inc.",Industrials,Building Products & Equipment,,173.6,8.6949,23.3647,18.537,20.5079,17.8969,0.1223,0.234,0.2133,0.1175,0.1644,0.2522,0.1459,0.1979,0.1979,0.7349,0.9368,0.1209,0.15251355421686746,0.1225412981138172,0.8591,0.0069065794256633955,0.06918305342222975,-0.0015,0.0555,-0.0086,0.0773,-0.1622,-0.2646,0.1446,0.0532,0.1129,0.1459,270.6667,225.0,9.0,11.0,11.0,8.0,4.0,8.5,7.0,58.5,제외,,False,False,False,희석>5%
FCFS,216,"FirstCash Holdings, Inc.",Financial Services,Credit Services,,216.47,9.3887,21.4539,17.3309,19.1524,16.7384,0.1073,0.2198,0.1973,0.0834,0.1389,0.2902,0.1442,0.215,0.215,0.5971,0.806,0.1106,0.27866299723519516,0.14210100377398793,3.2109,0.005459628596659005,-0.011581971628658594,-0.0017,0.0352,-0.0152,0.0334,-0.0391,-0.0296,0.1255,0.0895,0.1192,0.1518,249.25,240.0,9.0,11.5,9.5,9.5,5.5,7.5,6.0,58.5,제외,,False,False,False,ND/EBITDA>2.5x;매출채권 급증;재고 급증
COHU,217,"Cohu, Inc.",Technology,Semiconductor Equipment & Materials,,64.48,3.0524,1074.6667,39.9757,67.8737,34.9248,0.9368,0.9675,0.3526,0.2565,0.3037,,0.9434,,0.9434,,0.4237,-0.0422,,0.06681592039800995,-13.2247,0.04593570608495982,0.01427285585701421,0.0,0.6339,0.0,0.267,0.1859,0.0017,0.3871,0.5563,0.3986,0.9434,70.875,65.0,14.0,9.3,13.0,5.0,6.0,4.0,7.0,58.3,제외,,False,True,False,Turnaround 기저효과;ROIC<8%
ESI,218,Element Solutions Inc.,Basic Materials,Specialty Chemicals,,35.47,8.6437,21.3675,17.4924,19.5943,16.8209,0.083,0.2128,0.4595,0.0819,0.2566,0.2149,0.1649,0.1896,0.1896,0.8139,0.9224,0.0672,inf,0.04371151038029331,3.4161,0.02174465113326138,0.007018992568125437,-0.0,0.0228,0.013,0.0268,0.0068,-0.2248,0.1282,0.0615,0.1365,0.174,46.7273,42.0,11.5,11.0,10.5,6.0,5.5,8.5,5.0,58.0,제외,,False,False,False,ND/EBITDA>2.5x;ROIC<8%;M&A 비중 큼
ZG,219,"Zillow Group, Inc.",Communication Services,Internet Content & Information,,29.35,6.6001,15.6117,10.6932,12.9478,10.0424,0.1706,0.3567,0.1414,0.1181,0.1297,0.3822,0.2893,0.3349,0.3349,0.2798,0.3192,0.0114,0.26290760869565216,0.07829181494661921,-0.8,0.12918149466192172,-0.09444698309260324,0.0009,-0.0209,-0.0007,-0.0404,-0.202,-0.0396,-0.0025,0.3374,0.222,0.2893,47.2273,32.0,11.5,16.5,3.5,5.0,10.0,4.5,7.0,58.0,제외,,False,False,False,SBC>10%;ROIC<8%;자사주 효과 큼
WSE,220,Wise Group plc,Technology,Information Technology Services,,11.35,11.1653,,17.9123,19.8444,16.2168,,,0.1655,0.1814,0.1734,0.181,0.2237,0.2021,0.2021,0.9897,0.8861,,,,-4.3215,,-0.015300755474801586,-0.0056,-0.0206,0.0085,-0.025,-0.1283,0.0179,0.1349,0.0673,0.1879,0.2237,16.9438,13.3,14.0,14.0,5.5,5.0,5.5,4.0,10.0,58.0,제외,,False,False,False,
RMBS,221,"Rambus, Inc.",Technology,Semiconductors,,103.47,11.2225,38.8313,29.2676,34.0843,27.8052,0.1222,0.284,0.1686,0.1994,0.1839,0.236,0.2258,0.2309,0.2309,1.24,1.2674,0.3484,0.8485393333128136,0.3960369203430773,-2.5375,0.07402843464038893,0.013426096572060509,0.0011,0.031,0.0066,0.0195,0.134,-0.193,0.2831,-0.0522,0.1739,0.2258,147.8572,100.0,12.0,7.0,10.5,13.0,2.5,6.0,7.0,58.0,제외,,False,False,False,재고 급증
GWRE,222,"Guidewire Software, Inc.",Technology,Software - Application,,152.89,12.5359,42.0027,35.0708,36.5038,28.6038,0.1309,0.319,0.1648,0.1569,0.1608,0.2211,0.2762,0.2483,0.2483,1.5863,1.4122,0.1213,0.9331732672461944,0.24309746143830366,-0.3804,0.12322323387532425,-0.030688604065268632,0.0237,0.0178,0.047,0.0353,-0.1919,0.3946,0.3424,-0.0941,0.2612,0.2762,213.2857,170.0,13.0,7.0,11.0,10.0,1.0,8.5,7.0,57.5,제외,,False,False,False,SBC>10%;매출채권 급증
PAGP,223,"Plains GP Holdings, L.P.",Energy,Oil & Gas Midstream,,26.69,6.2188,9.856,13.3309,14.5122,12.9389,-0.4724,-0.3128,0.2796,-0.0009,0.1307,0.7966,0.1216,0.4195,0.4195,0.1674,0.3178,0.1514,inf,0.044794952681388014,2.9429,,-0.0027175303030303466,-0.0229,-0.0642,-0.0409,-0.0526,-0.0056,0.1379,0.0541,0.3654,0.155,0.1824,26.0769,20.0,12.0,16.0,1.0,9.5,10.0,4.0,5.0,57.5,제외,,False,False,False,ND/EBITDA>2.5x;컨센 하향;M&A 비중 큼
GE,224,GE Aerospace,Industrials,Aerospace & Defense,,319.8,331.8125,44.9789,34.7325,40.4068,33.0073,0.1016,0.2662,0.1888,0.1094,0.1484,0.2425,0.2242,0.2333,0.2333,1.4325,1.4888,0.3031,inf,0.16580433666416525,0.8957,,-0.022408963585434205,0.0002,0.0485,-0.0029,0.0261,-0.082,-0.1018,0.3392,-0.1059,0.1785,0.2301,400.0476,347.0,9.0,6.0,9.5,13.5,1.0,8.5,10.0,57.5,제외,,False,False,False,
AXTI,225,AXT Inc,Technology,Semiconductor Equipment & Materials,,72.98,4.7855,729.8,38.9194,84.0783,32.4356,0.8848,0.9556,1.4679,1.1135,1.2838,,1.5922,,1.5922,,0.2444,0.011,,-0.15588523532176976,-23.4732,0.030356388784868016,0.45216197666437896,1.9128,1.8553,0.0108,1.992,0.1159,0.0405,0.3778,1.2143,0.4622,1.5922,91.6,55.0,14.0,9.3,14.0,2.5,6.0,8.5,3.0,57.3,제외,,False,True,False,희석>5%;FCF<0;Turnaround 기저효과;ROIC<8%
HNI,226,HNI Corporation,Consumer Cyclical,"Furnishings, Fixtures & Appliances",,47.16,3.4041,13.322,10.0922,11.0834,9.7539,0.168,0.2678,1.1081,0.0366,0.4782,0.2298,0.1363,0.1821,0.1821,0.4392,0.5542,0.0773,0.11852251280668648,0.02260877484574577,3.4238,0.009630928257553335,0.5307855626326965,0.055,0.0506,0.0,-0.0133,-0.0353,0.3866,-0.0168,0.1989,0.1351,0.1656,69.75,65.0,13.0,16.0,7.0,3.5,7.0,5.5,5.0,57.0,제외,,False,False,False,ND/EBITDA>2.5x;희석>5%;ROIC<8%
INDB,227,Independent Bank Corp.,Financial Services,Banks - Regional,,79.79,3.7796,12.0347,9.9702,11.123,9.5999,0.0758,0.2023,0.2059,0.0518,0.1262,0.2719,0.1587,0.214,0.214,0.3667,0.466,,,0.3067556583245402,,0.00987120779922351,0.12747372953123604,0.0006,-0.0174,0.0,-0.0051,-0.0471,-0.0309,-0.0198,0.2337,0.1544,0.1905,93.4286,82.0,9.0,15.5,6.5,5.0,8.5,4.5,8.0,57.0,제외,,False,False,False,희석>5%
LB,228,LandBridge Company LLC,Energy,Oil & Gas E&P,,82.11,6.4321,64.562,42.0681,54.74,38.7311,0.1521,0.4001,0.2702,0.2293,0.2496,0.5957,0.4133,0.5018,0.5018,0.7061,0.8384,0.1674,0.14154167596958275,0.6710060588856264,3.2325,0.20142468086616339,0.12235129138576473,0.0135,0.0135,-0.014,-0.014,-0.0835,0.2861,0.4049,0.0969,0.3207,0.4188,88.5714,75.0,16.5,12.0,5.5,9.5,5.5,5.0,3.0,57.0,제외,,False,False,False,ND/EBITDA>2.5x;SBC>10%;희석>5%
BX,229,Blackstone Inc.,Financial Services,Asset Management,,119.27,142.5632,19.3935,16.8303,19.8238,15.9347,-0.0222,0.1783,0.1494,0.239,0.1933,0.0802,0.2441,0.1592,0.1592,2.0995,1.0571,,,0.40301330040218036,,,0.02236218090232911,-0.0004,0.0082,-0.0008,-0.0081,-0.1682,0.0035,0.1173,0.0419,0.2299,0.2863,144.381,119.0,12.0,9.5,5.5,9.5,4.0,7.5,9.0,57.0,제외,,False,False,False,
ARGX,230,argenx SE,Healthcare,Biotechnology,,945.82,58.8184,36.3218,31.2356,51.5153,27.244,-0.4183,0.2499,0.475,0.2164,0.3395,-0.0618,0.8909,0.3319,0.3319,,0.9411,0.4127,0.7778450263163866,,-3.1849,,0.013062726941674763,-0.3421,-0.2881,-0.1166,-0.0696,-0.0904,0.1083,0.3041,0.0278,0.3972,0.8909,1180.6086,900.0,16.5,8.0,1.0,11.0,4.0,7.5,9.0,57.0,제외,,False,False,False,컨센 하향
STM,231,STMicroelectronics N.V.,Technology,Semiconductors,,52.46,46.7905,62.4524,23.7348,39.1633,20.6998,0.3729,0.6686,0.2227,0.1899,0.2062,1.5274,0.892,1.1867,1.1867,0.1554,0.2,0.0344,-1.0563409500901983,0.01648980838231926,-0.6461,0.013741506985266052,0.03813901908932027,-0.0101,0.0524,0.0004,0.0375,0.0394,-0.2744,0.2176,0.9691,0.404,0.8987,75.0417,52.0,13.5,14.3,11.0,2.0,6.0,5.0,5.0,56.8,제외,,False,True,False,매출채권 급증;Turnaround 기저효과;ROIC<8%
PTRN,232,Pattern Group Inc. - Series A,Consumer Cyclical,Internet Retail,,19.36,3.8546,,26.0612,30.8984,24.6263,,,0.3768,0.2442,0.3088,,0.2547,,0.2547,,1.0233,0.2703,-0.057392839895347415,0.035221333446610464,-4.8502,0.04933163727379558,0.029396275962942475,0.1267,0.1358,0.0914,0.126,-0.0724,-0.0991,0.2464,0.0083,0.1958,0.2547,28.125,25.0,13.0,6.6,14.0,7.5,2.4,6.0,7.0,56.5,제외,,False,True,False,매출채권 급증;Turnaround 기저효과
BLK,233,"BlackRock, Inc.",Financial Services,Asset Management,,1060.89,172.3694,20.7408,17.0743,18.8482,16.4964,0.0912,0.2046,0.2093,0.1178,0.1626,0.1704,0.1426,0.1564,0.1564,1.0018,1.0916,0.1316,0.12694976049766718,0.12875929521227883,0.1012,0.05351844389904392,0.05310300703774784,0.0009,0.0566,0.0025,0.06,-0.078,0.0502,0.1213,0.0351,0.1318,0.1641,1323.3125,1190.0,9.0,9.5,11.0,6.5,4.0,8.5,8.0,56.5,제외,,False,False,False,희석>5%
CVNA,234,Carvana Co.,Consumer Cyclical,Auto & Truck Dealerships,,63.95,70.8863,35.3706,30.6262,40.8024,28.0249,-0.1536,0.2077,0.4241,0.2551,0.3369,-0.0726,0.4559,0.162,0.162,,1.8905,0.3143,inf,0.03707398834703488,1.0219,0.0038710192353739324,0.03324722474341968,0.0156,0.0151,0.0189,0.1246,-0.0853,-0.0136,0.2977,-0.1357,0.3317,0.4559,82.975,60.0,14.0,4.0,12.5,9.5,1.0,6.5,9.0,56.5,제외,,False,False,False,
ADSK,235,"Autodesk, Inc.",Technology,Software - Application,,217.15,45.3843,18.387,15.9269,17.2171,15.2929,0.0636,0.1683,0.1552,0.1102,0.1325,0.2092,0.1258,0.1668,0.1668,0.7612,0.9549,0.5374,0.27949640287769784,0.3599486521181001,-0.1969,0.09062901155327342,-0.018604651162790753,0.0013,0.0004,-0.0021,-0.0047,-0.1445,0.1503,0.102,0.0648,0.1005,0.1258,308.6591,215.0,7.0,11.0,5.5,13.0,5.5,5.5,9.0,56.5,제외,,False,False,False,
WERN,236,"Werner Enterprises, Inc.",Industrials,Trucking,,34.41,2.0638,132.3462,18.041,31.6289,15.554,0.761,0.8825,0.2187,0.0755,0.1449,,1.0335,,1.0335,,0.1746,0.0077,-2.7179066647638077,0.016412792069062338,2.5975,0.003660579437464614,-0.012475205324502858,0.0,0.1507,0.003,0.1184,-0.115,-0.1586,0.1369,0.8966,0.4296,1.0496,43.2,38.0,9.0,15.3,12.0,4.0,6.0,5.0,5.0,56.3,제외,,False,True,False,ND/EBITDA>2.5x;Turnaround 기저효과;ROIC<8%
INIO,237,INNIO N.V.,Industrials,Specialty Industrial Machinery,,19.99,14.9925,,29.4795,54.4672,25.1801,,,,0.3371,0.3371,,1.1631,,1.1631,,0.2535,0.1101,,0.13928545546778753,4.3104,,0.0,0.1326,,0.0507,,-0.1369,-0.4782,0.2854,0.8777,0.4267,1.1631,38.2,29.0,14.0,11.3,7.5,7.5,6.0,5.0,5.0,56.3,제외,,False,True,False,ND/EBITDA>4x;Turnaround 기저효과
BG,238,Bunge Limited,Consumer Defensive,Farm Products,,111.48,21.4174,13.78,10.3076,11.5945,9.8988,0.1586,0.2817,0.3051,0.0277,0.1581,0.2701,0.1713,0.2197,0.2197,0.3816,0.4691,0.068,,-0.007743495354991886,5.2057,0.0009910802775024777,0.4338235294117647,-0.0024,0.0195,-0.007,0.0345,-0.0144,0.0119,-0.0116,0.2313,0.1585,0.1975,141.7778,116.0,11.0,17.0,9.5,1.5,8.5,8.5,0.0,56.0,제외,,False,False,False,ND/EBITDA>4x;희석>5%;FCF<0;ROIC<8%;M&A 비중 큼
TVTX,239,"Travere Therapeutics, Inc.",Healthcare,Biotechnology,,59.83,5.6396,65.7473,12.9889,34.3545,10.5476,0.4775,0.8396,0.4765,0.4939,0.4852,0.9138,2.2571,1.4967,1.4967,0.1421,0.0868,-0.2765,2.499640168123129,0.02564384414143686,5.5745,0.1025838320669811,0.050972625702192964,0.0036,-0.068,0.0332,0.1511,-0.0895,0.0693,0.0472,1.4494,0.5007,2.2571,75.2143,62.0,16.0,13.3,11.5,5.0,6.0,4.0,0.0,55.8,제외,★★(조건부),False,True,False,ND/EBITDA>4x;SBC>10%;희석>5%;매출채권 급증;재고 급증;Turnaround 기저효과;ROIC<8%
MDA,240,MDA Space Ltd.,Industrials,Aerospace & Defense,,31.59,5.1217,,23.0173,33.6535,20.5948,,,0.1492,0.512,0.3182,,0.6341,,0.6341,,0.363,0.0818,inf,-0.053857661893567,-0.0912,0.007640521478948494,0.029056936426379076,-0.0805,-0.1158,-0.0861,0.299,0.0217,-0.1839,0.2083,0.4258,0.362,0.6341,45.9556,40.5173,16.0,12.3,8.0,5.5,6.0,4.0,4.0,55.8,제외,,False,True,False,FCF<0;매출채권 급증;재고 급증;Turnaround 기저효과
INTA,241,"Intapp, Inc.",Technology,Software - Application,,36.46,2.7896,28.7087,21.6721,22.7965,18.643,0.2059,0.3506,0.1407,0.1522,0.1464,0.2593,0.2228,0.2409,0.2409,0.8356,0.8995,-0.1553,,0.23600349598913128,,0.20765310095966633,-0.05709821483495525,0.0,0.0332,0.0,0.0172,-0.1183,0.6626,0.1902,0.0507,0.2047,0.2228,40.2857,29.0,11.0,13.0,7.5,5.5,4.0,7.5,7.0,55.5,제외,,False,False,False,SBC>10%;ROIC<8%;자사주 효과 큼
RKT,242,"Rocket Companies, Inc.",Financial Services,Mortgage Finance,,12.15,34.4045,24.7959,15.4216,19.7867,14.2515,0.202,0.4252,0.5963,0.1053,0.3283,1.193,0.3884,0.7449,0.7449,0.1293,0.207,,,-0.1603127661878495,11.5236,0.048004519123102565,15.58638327809328,-0.0065,-0.1654,-0.0171,-0.2001,-0.1377,-0.1752,0.0932,0.6518,0.2965,0.3884,17.7,14.0,17.0,17.0,1.0,4.0,10.0,4.5,2.0,55.5,제외,,False,False,False,ND/EBITDA>4x;희석>5%;매출채권 급증;컨센 하향
WWD,243,"Woodward, Inc.",Industrials,Aerospace & Defense,,326.23,19.2625,36.0475,30.435,34.4873,30.3652,0.0433,0.1576,0.2151,0.0899,0.1508,0.3729,0.1358,0.2487,0.2487,0.8161,1.2237,0.1817,0.8789996522340525,0.08982056497735802,1.1315,0.00831037089535736,-0.007643767889669584,0.0002,0.0058,0.0012,-0.0017,-0.0496,-0.2375,0.2957,-0.047,0.0996,0.1397,440.6667,388.0,11.0,6.0,7.5,10.5,2.5,7.5,10.0,55.0,제외,,False,False,False,
VSH,244,"Vishay Intertechnology, Inc.",Technology,Semiconductors,,32.6,5.0002,112.4138,21.7698,38.762,18.7162,0.6552,0.8335,0.2077,0.1607,0.184,,1.071,,1.071,,0.2033,0.0339,-0.4869213208246108,-0.0020964764794860727,-0.7097,0.009241186378536468,0.08617359565827254,-0.0052,0.1156,0.0112,0.1299,0.0339,-0.4453,0.1916,0.8795,0.4296,1.0831,40.0,26.0,11.0,15.3,13.0,1.5,6.0,5.0,3.0,54.8,제외,,False,True,False,희석>5%;FCF<0;Turnaround 기저효과;ROIC<8%
ESTC,245,Elastic N.V.,Technology,Software - Application,,91.28,9.5836,34.0597,25.3721,27.1718,23.0793,0.2022,0.3224,0.1529,0.147,0.15,0.3071,0.1773,0.2405,0.2405,0.8261,1.0548,-0.0854,1.321538651977471,0.19367746188454274,,0.1682884278608511,-0.012472863000098311,0.0356,0.0303,0.0205,0.0276,0.0621,0.5476,0.2381,0.0025,0.1539,0.1773,110.6923,75.0,10.0,9.0,10.0,7.0,4.0,7.5,7.0,54.5,제외,,False,False,False,SBC>10%;ROIC<8%
CALX,246,"Calix, Inc",Technology,Software - Infrastructure,,34.54,2.1748,20.3176,16.1042,20.0619,15.0026,0.0126,0.2616,0.1915,0.1563,0.1738,0.2753,0.3372,0.3059,0.3059,0.5849,0.5265,0.0978,-0.07891927734417462,0.07687011957354173,-2.2788,0.07187461471797581,0.015218907400232462,0.0,-0.031,0.0,-0.0803,-0.1391,-0.0501,0.1051,0.2008,0.2581,0.3372,62.3333,52.0,14.5,13.5,2.5,4.0,8.5,5.5,6.0,54.5,제외,,False,False,False,매출채권 급증;재고 급증;컨센 하향
CAMT,247,Camtek Ltd.,Technology,Semiconductor Equipment & Materials,,147.06,6.863,47.2862,32.887,40.638,30.7072,0.1406,0.3506,0.1957,0.2548,0.2249,0.1101,0.3234,0.212,0.212,2.9882,1.5509,0.2219,0.3158147982563988,,-1.3171,,0.044458410201309695,0.0,0.0326,-0.0071,0.069,0.0017,-0.1318,0.321,-0.109,0.2477,0.3234,184.0,160.0,15.5,5.0,9.5,9.0,1.0,7.5,7.0,54.5,제외,,False,False,False,매출채권 급증
POWL,248,"Powell Industries, Inc.",Industrials,Electrical Equipment & Parts,,192.62,7.0176,36.9712,28.368,35.8861,28.2522,0.0294,0.2358,0.0784,0.2455,0.159,0.0836,0.2702,0.1732,0.1732,3.3924,1.6378,1.2324,inf,0.2107588451882556,-2.6714,0.0045269117995165534,0.0021629021218343425,0.0,-0.0152,0.0,0.0243,-0.0255,-0.3389,0.2731,-0.0999,0.1923,0.2721,280.0,235.0,12.0,4.0,7.5,15.0,1.0,6.0,9.0,54.5,제외,,False,False,False,매출채권 급증
TTWO,249,"Take-Two Interactive Software, ",Communication Services,Electronic Gaming & Multimedia,,206.32,38.5778,,58.89,111.9813,39.0225,,,0.2652,0.0883,0.1734,,1.8697,,1.8697,,0.315,-0.0257,inf,0.0504748373588574,1.4587,0.05660659537874822,0.02986725663716805,-0.0388,0.0684,-0.0009,-0.0331,-0.139,-0.1497,0.5281,1.3415,0.7274,1.8697,286.4417,170.0,11.0,10.3,8.0,7.0,6.0,5.0,7.0,54.3,제외,,False,True,False,Turnaround 기저효과;ROIC<8%
MTRN,250,Materion Corporation,Basic Materials,Other Industrial Metals & Mining,,254.73,5.307,41.6907,31.6435,36.2863,30.2052,0.1296,0.2755,0.3341,0.0916,0.2067,0.2904,0.2013,0.2451,0.2451,1.0895,1.2911,0.0876,-0.32548004143096165,0.015459716760107744,2.3887,0.006730712407996599,0.011616185858973838,0.0887,0.0969,0.1099,0.1335,0.0982,-0.0394,0.3084,-0.0633,0.1575,0.2036,303.748,278.74,12.5,7.0,14.0,4.0,1.0,7.5,8.0,54.0,제외,,False,False,False,
ADYEN.AS,251,ADYEN,Technology,Software - Infrastructure,,860.6,30.934,,19.3107,22.3183,18.3884,,,0.2147,0.2142,0.2144,0.1473,0.2137,0.18,0.18,1.3111,1.0726,,inf,,-9.2934,,0.011093372204047158,0.0012,0.0005,0.0012,-0.0066,-0.1628,0.0987,0.1564,0.0236,0.1646,0.2137,1381.8572,931.0,12.5,11.0,5.5,7.0,4.0,4.0,10.0,54.0,제외,,False,False,False,
ABNB,252,"Airbnb, Inc.",Consumer Cyclical,Travel Services,,149.58,89.5664,33.9955,24.9623,28.1514,23.9524,0.1719,0.2954,0.1576,0.1161,0.1367,0.3185,0.1753,0.2448,0.2448,0.7838,1.0196,,0.4386958845537146,0.3693289763659853,-3.4672,0.1297211034273121,-0.04632587859424919,0.0041,0.0439,0.0095,0.0323,-0.2014,0.0773,0.233,0.0118,0.1354,0.1753,184.35,135.0,9.0,9.0,10.5,8.0,4.0,5.0,8.0,53.5,제외,,False,False,False,SBC>10%;자사주 효과 큼
IBKR,253,"Interactive Brokers Group, Inc.",Financial Services,Capital Markets,,91.56,156.0014,36.4781,29.8868,33.8285,28.6446,0.0726,0.2147,0.2123,0.1689,0.1904,0.2359,0.181,0.2081,0.2081,1.267,1.4361,14.648,1.656701868399675,1.4284167794316645,,0.011186287776274244,0.029503106134510793,-0.0026,0.0772,0.0041,0.1111,-0.0237,-0.0323,0.2898,-0.0817,0.1435,0.1848,105.8154,70.0,10.0,7.5,12.0,9.5,1.0,5.5,8.0,53.5,제외,,False,False,False,매출채권 급증
Z,254,"Zillow Group, Inc.",Communication Services,Internet Content & Information,,28.65,6.4427,15.2394,10.8672,12.8798,10.2699,0.1548,0.3261,0.1414,0.1181,0.1297,0.3564,0.2541,0.3042,0.3042,0.305,0.3572,0.0114,0.26290760869565216,0.07829181494661921,-0.8,0.12918149466192172,-0.09444698309260324,0.0,-0.035,0.0,-0.0755,-0.2015,-0.0607,0.0016,0.3027,0.1953,0.2541,46.0,34.0,11.5,15.5,2.5,5.0,10.0,3.0,6.0,53.5,제외,,False,False,False,SBC>10%;ROIC<8%;컨센 하향;자사주 효과 큼
LGND,255,Ligand Pharmaceuticals Incorpor,Healthcare,Biotechnology,,298.41,5.949,32.7563,26.5617,32.0298,24.9749,0.0222,0.2376,0.0812,0.3138,0.1919,0.146,0.2825,0.2123,0.2123,1.8198,1.2511,0.121,0.28724948449562976,0.41217792952481913,-1.7014,0.18332977676205162,0.09590484793736831,0.0002,0.0236,0.0011,0.0558,0.0423,0.0679,0.2523,-0.04,0.2168,0.2825,343.4546,247.0,13.0,7.0,9.5,9.0,2.5,7.5,5.0,53.5,제외,,False,False,False,SBC>10%;희석>5%;매출채권 급증
WRBY,256,Warby Parker Inc.,Healthcare,Medical Instruments & Supplies,,23.35,2.8862,57.302,41.5618,55.6615,37.9811,0.0286,0.3372,0.1138,0.1705,0.1418,0.9723,0.4655,0.7001,0.7001,0.4275,0.5937,0.0141,6.70760412686282,0.023854603852980345,-1.0055,0.03795718764466228,0.025969893525884302,0.0,-0.1195,0.0073,-0.0742,-0.1491,-0.0893,0.4006,0.2995,0.3335,0.4655,30.4615,24.0,14.0,10.5,5.0,5.0,8.5,4.5,6.0,53.5,제외,,False,False,False,매출채권 급증;ROIC<8%;컨센 하향
AGYS,257,"Agilysys, Inc.",Technology,Software - Application,,101.18,2.8539,52.1546,35.937,41.1929,31.6064,0.2102,0.394,0.1613,0.1693,0.1653,0.3722,0.3033,0.3373,0.3373,0.9655,1.0654,0.1706,0.0999573503587035,0.24353035917556734,-2.1592,0.06895601734118045,0.004630775212980387,0.0,0.0036,0.0,0.0043,-0.1109,0.1715,0.3506,-0.0133,0.2534,0.3033,134.5,118.0,14.5,7.0,6.5,9.5,2.5,4.5,9.0,53.5,제외,,False,False,False,
AJG,258,Arthur J. Gallagher & Co.,Financial Services,Insurance Brokers,,229.64,58.8661,19.1207,15.9362,17.4618,15.4344,0.0868,0.1928,0.2148,0.0899,0.1507,0.2302,0.1314,0.1798,0.1798,0.6922,0.8866,0.0751,0.14697472306195947,0.14503516388656157,2.9664,0.004125726762637418,-0.006719526945303089,-0.0018,-0.0036,-0.0004,0.0005,-0.1272,0.0671,0.1022,0.0776,0.1139,0.1436,290.2222,250.0,10.0,11.5,6.5,6.0,5.5,6.5,7.0,53.0,제외,,False,False,False,ND/EBITDA>2.5x;M&A 비중 큼
MNST,259,Monster Beverage Corporation,Consumer Defensive,Beverages - Non-Alcoholic,,43.91,86.022,40.6574,34.6796,38.1508,33.5437,0.0617,0.175,0.1729,0.0955,0.1335,0.1866,0.1373,0.1617,0.1617,1.8589,2.1448,0.373,0.8077567874664633,0.22578413434232683,-1.134,0.014730301348655965,0.004554891935646177,0.0028,0.0146,0.0006,0.0229,-0.0812,-0.0627,0.3387,-0.177,0.1063,0.1373,50.2391,35.0,8.0,2.0,9.5,15.0,1.0,7.5,10.0,53.0,제외,,False,False,False,
BWIN,260,"The Baldwin Insurance Group, In",Financial Services,Insurance Brokers,,31.85,3.0843,18.4104,13.5398,15.8269,12.8488,0.1403,0.3021,0.335,0.0975,0.2105,0.205,0.2318,0.2183,0.2183,0.6604,0.6202,-0.0308,0.25826939361781953,0.025380206609410656,20.4206,0.043480305907356756,0.36393177473900895,0.0022,-0.0007,-0.0021,-0.009,-0.0016,0.3059,0.0582,0.1602,0.1784,0.2318,32.75,29.0,13.5,15.0,5.5,4.0,7.0,4.5,3.0,52.5,제외,,False,False,False,ND/EBITDA>4x;희석>5%;M&A 비중 큼
LTH,261,"Life Time Group Holdings, Inc.",Consumer Cyclical,Leisure,,39.67,8.8647,24.0424,20.2026,22.6117,19.4321,0.0595,0.1918,0.1251,0.1197,0.1224,0.2183,0.1636,0.1907,0.1907,0.9253,1.0596,0.0947,0.8993997856526459,-0.04743245829223543,4.7712,0.015529274541146247,0.00809716599190291,0.0125,0.0305,0.0074,0.0469,-0.1206,0.0486,0.1695,0.0211,0.1264,0.1636,56.0714,50.0,9.0,10.0,10.5,6.5,4.0,8.5,4.0,52.5,제외,,False,False,False,ND/EBITDA>4x;FCF<0
SXT,262,Sensient Technologies Corporati,Basic Materials,Specialty Chemicals,,128.85,5.4842,32.8699,27.1352,30.8103,25.9818,0.0627,0.2096,0.118,0.1316,0.1248,0.2017,0.1858,0.1938,0.1938,1.3451,1.4004,0.0946,1.028513298565841,0.0026310985041717765,2.3591,0.009795881467897017,0.004251321197886071,0.0665,0.0622,0.0546,0.0463,-0.0424,0.0888,0.259,-0.0653,0.1559,0.1983,142.8,133.0,10.0,7.0,12.0,7.0,1.0,7.5,8.0,52.5,제외,,False,False,False,
CBRE,263,CBRE Group Inc,Real Estate,Real Estate Services,,136.41,39.501,18.1638,15.5936,17.457,14.9978,0.0389,0.1743,0.161,0.1127,0.1366,0.2248,0.164,0.194,0.194,0.6938,0.8038,0.0679,0.05900216919739696,0.021494042163153072,4.2082,0.003758020164986251,-0.020495467957229563,0.0016,0.0186,0.002,0.0263,-0.1032,0.024,0.0962,0.0978,0.1267,0.164,182.9167,144.0,8.0,12.0,9.5,3.5,5.5,8.5,5.0,52.0,제외,,False,False,False,ND/EBITDA>4x;ROIC<8%
MA,264,Mastercard Incorporated,Financial Services,Credit Services,,559.92,490.4955,29.8147,25.2381,28.0939,24.3181,0.0577,0.1844,0.1363,0.1261,0.1312,0.1717,0.1553,0.1634,0.1634,1.4701,1.5441,0.937,1.3003835611368142,0.4553487444061226,0.5871,0.01752985776586951,-0.03391684901531733,0.0002,0.0141,-0.0,0.011,-0.0357,0.1491,0.2364,-0.073,0.1263,0.1616,666.7138,550.0,8.0,6.5,7.5,10.5,1.0,8.5,10.0,52.0,제외,,False,False,False,
LION,265,Lionsgate Studios Corp,,,,11.15,3.3178,46.4583,22.0792,28.2278,22.0792,0.3924,0.5248,0.2735,0.0234,0.1416,,0.2785,,0.2785,,0.7928,0.0542,0.01763333851656041,0.033686036426712924,,0.040728534258456205,0.07087770840984198,0.254,0.1618,0.1583,0.2625,-0.0313,-0.2567,0.1958,0.0827,0.1949,0.2785,15.6364,9.0,9.0,10.3,15.0,2.0,3.3,6.0,6.0,51.6,제외,,False,True,False,희석>5%;Turnaround 기저효과;ROIC<8%
TTAN,266,"ServiceTitan, Inc.",Technology,Software - Application,,61.65,5.9472,106.2931,39.8111,45.4267,37.2629,0.5726,0.6494,0.1887,0.1453,0.1668,0.3305,0.2191,0.2736,0.2736,1.2045,1.4552,-0.085,0.006671186523249171,0.10705249218111634,,0.2058813032411973,0.04553853541449038,0.035,0.0368,0.0081,0.0119,-0.3502,-0.0396,0.3857,-0.1121,0.1739,0.2191,97.5333,76.0,12.5,9.0,10.5,4.0,1.0,8.5,6.0,51.5,제외,,False,False,False,SBC>10%;ROIC<8%
BSP,267,Bending Spoons S.p.A.,Technology,Software - Application,,34.64,22.004,,19.028,24.6222,17.5445,,,,0.4556,0.4556,,0.4034,,0.4034,,0.4717,0.0727,0.1189269607897845,0.17499003703786237,4.3652,0.036726406435995805,-0.020984168664535452,0.1257,,0.0054,,-0.1623,,0.1521,0.2513,0.3078,0.4034,47.9167,36.0,13.0,12.3,6.5,7.5,5.1,4.0,3.0,51.4,제외,,False,True,False,ND/EBITDA>4x;Turnaround 기저효과;ROIC<8%;M&A 비중 큼
MIR,268,"Mirion Technologies, Inc.",Industrials,Specialty Industrial Machinery,,16.38,4.0793,33.4286,25.6069,29.9967,24.2843,0.1027,0.2735,0.2319,0.0731,0.1498,0.1871,0.2352,0.2109,0.2109,1.3687,1.2141,0.0212,inf,0.13045175139037954,3.6441,0.019221387452434385,0.2121867811279845,0.0112,0.0145,0.022,0.0317,0.1053,-0.1278,0.2409,-0.03,0.181,0.2352,24.2727,20.0,10.0,9.0,12.0,7.0,2.5,6.5,4.0,51.0,제외,,False,False,False,ND/EBITDA>2.5x;희석>5%;ROIC<8%;M&A 비중 큼
EBC,269,"Eastern Bankshares, Inc.",Financial Services,Banks - Regional,,21.14,4.8307,12.4353,10.2551,11.286,9.9179,0.0924,0.2024,0.2118,0.0462,0.126,0.2007,0.1379,0.1689,0.1689,0.5109,0.6071,,,0.34578033935287533,,0.023237202492032958,0.1017298190954774,0.0007,0.0001,0.0,-0.0173,-0.064,0.0145,-0.0128,0.1817,0.133,0.1641,25.125,22.0,8.0,14.5,5.5,5.0,7.0,3.0,8.0,51.0,제외,,False,False,False,희석>5%
PDFS,270,"PDF Solutions, Inc.",Technology,Software - Application,,48.43,2.0451,31.8618,31.1953,37.4182,29.377,-0.1744,0.078,0.2053,0.2077,0.2065,0.3769,0.2737,0.3243,0.3243,0.8277,0.9619,0.051,0.07855340594486165,-0.008271933061610353,-1.2481,0.105830987200272,0.06408558329088132,0.0127,0.048,0.0278,0.0636,0.0609,-0.2,0.3037,0.0206,0.2102,0.2737,61.7143,50.0,16.0,7.5,12.0,2.0,4.0,6.5,3.0,51.0,제외,,False,False,False,SBC>10%;희석>5%;FCF<0;ROIC<8%
WAY,271,Waystar Holding Corp.,Healthcare,Health Information Services,,24.76,4.7477,15.6709,13.5931,14.8285,13.1843,0.0538,0.1587,0.1699,0.1068,0.1379,0.1759,0.1247,0.15,0.15,0.7728,0.9061,0.0414,inf,0.2042402281757962,2.9682,0.040675537036683786,0.07111217320624541,0.0,0.017,0.0,0.0174,-0.01,0.3449,0.0592,0.0908,0.0966,0.1247,33.4348,28.0,7.0,12.0,7.5,7.5,5.5,6.5,5.0,51.0,제외,,False,False,False,ND/EBITDA>2.5x;희석>5%;ROIC<8%
ARES,272,Ares Management Corporation,Financial Services,Asset Management,,121.48,40.3041,23.4971,17.7986,20.8142,16.888,0.1142,0.2813,0.1627,0.1715,0.1671,0.2261,0.2325,0.2293,0.2293,0.7871,0.7762,0.0635,inf,0.13964655258079411,9.1031,,0.0337539720045259,-0.0023,-0.0176,0.001,-0.0174,-0.1309,0.0164,0.1331,0.0962,0.2222,0.2758,147.7778,122.0,14.0,12.5,4.5,6.5,5.5,3.0,5.0,51.0,제외,,False,False,False,ND/EBITDA>4x
ABBN.SW,273,ABB LTD N,Industrials,Electrical Equipment & Parts,,82.42,181.0631,32.7009,28.7977,31.3992,27.9362,0.0398,0.1457,0.1463,0.1095,0.1278,0.2251,0.124,0.1734,0.1734,1.2795,1.6605,0.2713,8.228,0.11697041286983913,0.4601,,-0.012493210211841355,-0.0009,0.0132,0.0011,0.0495,0.0352,-0.0248,0.2779,-0.1045,0.1073,0.1353,83.7282,68.3163,7.0,3.5,10.5,11.5,1.0,7.5,10.0,51.0,제외,,False,False,False,
PKX,274,POSCO Holdings Inc.,Basic Materials,Steel,,56.27,17.0207,,10.1934,11.5817,9.7581,,,1.1115,0.0569,0.4939,,0.1869,,0.1869,,0.5454,0.0261,-0.12061322540218958,-0.03595894657514441,2.8133,,0.0,0.0215,0.0215,0.0215,0.0215,-0.0187,0.0405,-0.0143,0.2012,0.1704,0.2131,68.0386,68.0386,13.0,14.2,10.0,1.5,5.1,4.0,3.0,50.8,제외,,False,True,False,ND/EBITDA>2.5x;FCF<0;Turnaround 기저효과;ROIC<8%
ETN,275,"Eaton Corporation, PLC",Industrials,Specialty Industrial Machinery,,438.76,170.4144,35.4984,28.4283,32.3714,27.1954,0.0881,0.2339,0.1894,0.1203,0.1543,0.1229,0.1903,0.1561,0.1561,2.3123,1.8206,0.1274,2.6009383886255923,0.13102414654454622,3.1075,,-0.004854368932038833,0.0036,0.016,0.007,0.0262,0.0467,0.0853,0.2738,-0.1176,0.1567,0.2002,479.5708,333.0,11.0,4.0,9.5,9.5,1.0,7.5,8.0,50.5,제외,,False,False,False,ND/EBITDA>2.5x
FLG,276,"Flagstar Bank, N.A.",Financial Services,Banks - Regional,,12.3,5.1056,153.75,11.4519,35.4498,9.1473,0.7694,0.9405,0.0584,0.2751,0.1617,,2.8754,,2.8754,,0.0398,,,0.03253588516746411,,0.03110047846889952,0.14091676451906698,-0.0183,-0.2753,-0.0173,-0.1314,-0.0862,-0.181,0.0148,2.8606,0.5289,2.8786,16.3824,13.0,13.0,15.3,3.0,4.0,6.0,3.0,6.0,50.3,제외,,False,True,False,희석>5%;Turnaround 기저효과;컨센 하향
PLXS,277,Plexus Corp.,Technology,Electronic Components,,263.9,7.0335,31.8335,26.1175,30.3682,26.0771,0.046,0.1808,0.2142,0.1496,0.1815,0.1696,0.1646,0.1671,0.1671,1.5401,1.5633,0.1475,,0.013459718196735826,-0.0232,0.009707286860964686,-0.008644486415807062,0.0,0.0521,0.0052,0.0684,0.0989,-0.0856,0.2471,-0.08,0.1157,0.1646,304.6,275.0,9.0,4.0,12.0,6.5,1.0,8.5,9.0,50.0,제외,,False,False,False,
TW,278,Tradeweb Markets Inc.,Financial Services,Capital Markets,,100.23,21.6525,26.4459,22.5517,24.7688,21.8246,0.0634,0.1747,0.1409,0.1149,0.1278,0.1662,0.1349,0.1504,0.1504,1.3571,1.4991,0.1688,0.3588334870461977,0.4874844266303375,,0.049538384702226296,-0.010125995696201207,-0.0024,-0.0044,0.0012,0.0055,-0.0624,0.0119,0.2021,-0.0517,0.11,0.1405,123.6429,98.0,8.0,8.5,6.5,7.5,2.5,6.5,10.0,49.5,제외,,False,False,False,
CTRI,279,"Centuri Holdings, Inc.",Utilities,Utilities - Regulated Gas,,20.17,2.0364,34.7759,22.8564,28.4485,21.3582,0.1819,0.3858,0.2368,0.1106,0.172,1.3633,0.332,0.7742,0.332,0.1677,0.6885,0.046,,-0.004484048596738531,3.7398,0.0031351213739846213,0.14245184242819997,0.0147,-0.0125,0.0787,-0.0629,-0.0557,-0.3328,0.2062,0.5681,0.2534,0.332,29.6667,21.0,12.5,15.5,7.5,1.5,7.0,4.0,1.0,49.0,제외,,False,False,True,ND/EBITDA>2.5x;희석>5%;FCF<0;매출채권 급증;FY0 일회성 저기저(정상화 성장률 적용);ROIC<8%;컨센 하향
QXO,280,"QXO, Inc.",Industrials,Industrial Distribution,,12.28,12.7404,,22.4769,43.3432,19.0615,,,1.0788,0.3522,0.6766,-0.1667,1.2739,0.3765,0.3765,,0.597,-0.025,,0.014264643484937264,7.2525,0.012880609379104116,0.35877457056844353,-0.0765,-0.1744,-0.0974,-0.1263,-0.0843,-0.2747,0.2011,0.1754,0.437,1.2739,29.1111,18.0,18.0,13.5,2.0,2.0,7.0,4.5,2.0,49.0,제외,,False,False,False,ND/EBITDA>4x;희석>5%;ROIC<8%;컨센 하향
LOAR,281,Loar Holdings Inc.,Industrials,Aerospace & Defense,,63.65,5.9633,47.8571,41.0621,46.4521,39.3623,0.0294,0.1775,0.3553,0.1106,0.2268,0.3175,0.1801,0.2469,0.2469,1.2932,1.6629,0.0758,0.048244666381463,0.1809054741985233,3.9325,0.029283413628857256,-0.006159416520137739,0.0083,0.0522,0.0116,0.0244,-0.1513,-0.111,0.3964,-0.1495,0.139,0.1801,89.8,82.0,12.5,3.0,11.0,7.0,1.0,8.5,6.0,49.0,제외,,False,False,False,ND/EBITDA>2.5x;ROIC<8%;M&A 비중 큼
JEF,282,Jefferies Financial Group Inc.,Financial Services,Capital Markets,,46.98,9.5554,12.7317,10.9207,12.9071,10.549,-0.0138,0.1714,0.1728,0.0786,0.1247,,0.2235,,0.2235,,0.4886,0.1783,0.2595384873623897,0.15018048347284643,,0.009116525802889762,-0.08339197916150287,0.0233,-0.0555,-0.0194,-0.0484,-0.1022,-0.218,0.0028,0.2207,0.2008,0.2573,59.5,46.0,9.0,11.8,4.0,7.0,5.1,3.0,9.0,48.9,제외,,False,True,False,Turnaround 기저효과;자사주 효과 큼
ZETA,283,Zeta Global Holdings Corp.,Technology,Software - Infrastructure,,29.79,7.4254,27.9367,26.0989,31.0145,24.6451,-0.1102,0.1178,0.3947,0.1602,0.2721,0.0794,0.2584,0.1655,0.1655,3.2888,1.5773,0.0729,0.5508395584368742,0.12858613373294026,-0.7737,0.12382255262506231,0.05474704311521239,0.0319,0.0126,0.0495,0.017,0.0464,0.5812,0.2468,-0.0814,0.1986,0.2584,31.3571,25.0,12.5,4.5,9.0,8.0,1.0,8.5,5.0,48.5,제외,,False,False,False,SBC>10%;희석>5%;ROIC<8%
ISRG,284,"Intuitive Surgical, Inc.",Healthcare,Medical Instruments & Supplies,,398.3,142.7021,38.9345,33.9392,36.9499,32.9403,0.051,0.154,0.1681,0.1279,0.1479,0.2071,0.1217,0.1636,0.1636,1.6387,2.0741,0.2355,0.18635657885161197,0.2920503153773653,-1.2477,0.07487493656202422,-0.018676187860477866,-0.0013,0.0346,0.0017,0.0259,0.0515,-0.0121,0.3315,-0.1678,0.0943,0.1217,476.3448,324.0,7.0,2.0,9.5,11.5,1.0,8.5,9.0,48.5,제외,,False,False,False,
KLAR,285,Klarna Group plc,Financial Services,Credit Services,,12.94,4.9063,,32.017,215.6667,24.3119,,,0.1771,0.1577,0.1673,3.4776,7.8708,5.3024,5.3024,0.0921,0.0604,,inf,-0.6862077990054959,,0.03323737241559801,-0.017497345860543745,-0.798,-0.76,-0.2909,-0.2645,-0.097,-0.271,0.3122,4.9902,0.6048,7.8708,19.9667,14.0,12.0,10.8,2.0,5.0,6.0,5.5,7.0,48.3,제외,,False,True,False,매출채권 급증;Turnaround 기저효과;컨센 하향
J,286,Jacobs Solutions Inc.,Industrials,Engineering & Construction,,141.12,16.5165,20.5415,17.104,19.4114,17.0871,0.055,0.1682,0.2531,0.0432,0.1434,0.1879,0.136,0.1617,0.1617,0.9103,1.0579,0.085,inf,0.045329081434588234,2.7218,0.004952523402134126,-0.013220904465893746,0.0018,0.0034,0.0,-0.0018,-0.0597,0.1701,0.1218,0.0398,0.1056,0.1461,162.5333,144.0,8.0,9.0,5.5,7.0,4.0,6.5,8.0,48.0,제외,,False,False,False,ND/EBITDA>2.5x
NOVT,287,Novanta Inc.,Technology,Scientific & Technical Instruments,,144.43,5.462,41.5029,34.5193,39.1056,33.0755,0.0578,0.2031,0.1557,0.1587,0.1572,0.1226,0.1823,0.1521,0.1521,2.8158,2.27,0.0814,-0.03793740745609498,0.11098388946672766,-2.3932,0.033574860226143755,0.14103559152899425,0.0288,0.0288,0.0539,0.0539,-0.0056,-0.0457,0.3371,-0.1851,0.1407,0.1823,194.5,194.0,12.0,2.0,12.5,4.0,1.0,8.5,8.0,48.0,제외,,False,False,False,희석>5%
RBC,288,RBC Bearings Incorporated,Industrials,Tools & Accessories,,500.26,15.8379,37.2772,31.9905,34.0552,30.0947,0.0864,0.1927,0.1374,0.1052,0.1212,0.1856,0.1316,0.1583,0.1583,1.7235,2.021,0.091,1.3553333333333333,0.19709373720835038,1.228,0.01770364306180925,0.005316676937597853,0.0032,0.0229,-0.0025,0.0143,-0.0106,-0.2102,0.3119,-0.1536,0.111,0.1316,630.6667,500.0,7.0,2.0,9.5,10.0,1.0,8.5,10.0,48.0,제외,,False,False,False,
IOND,289,Ionic Digital Inc.,Financial Services,Capital Markets,,86.64,3.8985,,45.5734,124.6619,36.8681,,,,0.1732,0.1732,,2.3813,,2.3813,,0.1914,0.1947,-0.9653591420827687,-0.600857815653734,-9.101,0.08655528145324064,-0.1680081534364436,,,,,0.2606,,0.4333,1.948,0.5064,2.3813,85.0,85.0,11.0,8.8,5.5,5.5,6.0,3.0,8.0,47.8,제외,,False,True,False,Turnaround 기저효과;자사주 효과 큼
NOW,290,"ServiceNow, Inc.",Technology,Software - Application,,140.78,145.5471,37.5013,29.6324,34.6174,28.125,0.0769,0.25,0.2215,0.1876,0.2044,0.1586,0.2308,0.1942,0.1942,1.8682,1.526,0.1199,0.2649857972885733,0.3102769481401032,1.3079,0.14831658973662776,-0.010526315789473717,0.0,-0.0136,0.0,-0.0042,0.0994,0.5009,0.2871,-0.0929,0.1777,0.2308,144.9926,72.0,13.5,5.0,4.5,10.0,1.0,5.5,8.0,47.5,제외,,False,False,False,SBC>10%
ARXS,291,"Arxis, Inc.",Industrials,Aerospace & Defense,,51.16,22.0411,,42.041,50.3449,39.6095,,,0.2544,0.132,0.1917,,0.271,,0.271,,1.5511,0.0376,,0.11451811352047486,2.4909,0.06126053023115219,0.0,-0.0368,0.3671,0.1081,0.4899,-0.0394,0.1281,0.4047,-0.1336,0.2081,0.271,62.0,50.0,11.0,3.4,15.0,6.0,0.6,5.0,6.0,47.0,제외,,False,True,False,Turnaround 기저효과;ROIC<8%
SPOT,292,Spotify Technology S.A.,Communication Services,Internet Content & Information,,510.4,104.9302,32.5514,30.7568,36.5045,29.0542,-0.1214,0.1074,0.1368,0.1443,0.1406,0.1683,0.2564,0.2116,0.2116,1.8275,1.4538,,inf,0.18036769171313422,-2.4297,0.015127256666482637,0.016704084743992098,-0.0006,-0.0396,-0.003,-0.0285,-0.0437,0.1205,0.2991,-0.0875,0.1971,0.2564,601.8028,415.3126,12.0,5.5,4.5,9.5,1.0,4.5,10.0,47.0,제외,,False,False,False,
SNPS,293,"Synopsys, Inc.",Technology,Software - Infrastructure,,413.06,79.1574,29.6525,23.9071,27.2793,23.5686,0.08,0.2052,0.3782,0.1092,0.2364,0.1729,0.1574,0.1651,0.1651,1.3829,1.4477,0.0243,-0.37594930925174186,0.29179803673671595,3.4855,0.10088881549498671,0.18948924431909542,0.0252,0.0253,0.0142,0.0169,0.0382,-0.105,0.2198,-0.0547,0.1145,0.1574,545.9338,414.77,11.5,7.0,10.5,4.5,2.5,8.5,2.0,46.5,제외,,False,False,False,ND/EBITDA>2.5x;SBC>10%;희석>5%;ROIC<8%;M&A 비중 큼
DT,294,"Dynatrace, Inc.",Technology,Software - Application,,58.51,16.9813,33.0565,27.4516,29.5868,25.4772,0.105,0.2293,0.1491,0.1476,0.1483,0.1633,0.1613,0.1623,0.1623,1.6813,1.6915,0.1419,0.2069341338004664,0.272265609714896,-3.2586,0.1437817393321009,-0.03424513413992636,0.0013,0.0155,-0.0006,0.0154,0.1868,0.4483,0.2627,-0.1004,0.1362,0.1613,59.3824,42.0,8.0,4.0,7.5,9.5,1.0,8.5,8.0,46.5,제외,,False,False,False,SBC>10%
PRM,295,"Perimeter Solutions, SA",Basic Materials,Specialty Chemicals,,28.28,4.6291,20.7941,16.1051,18.2938,15.4186,0.1202,0.2585,0.3502,0.1294,0.2348,0.1536,0.1865,0.1699,0.1699,1.0482,0.9477,-0.1736,,0.1282572859648752,,0.02275609189086375,0.11121689559427383,-0.0722,-0.1368,-0.0329,-0.0694,-0.1005,-0.2103,0.1051,0.0649,0.1439,0.1865,43.75,40.0,12.5,12.0,3.0,4.0,5.5,4.5,4.0,45.5,제외,,False,False,False,희석>5%;ROIC<8%;컨센 하향;M&A 비중 큼
AAOI,296,"Applied Optoelectronics, Inc.",Technology,Communication Equipment,,101.06,8.5806,,28.5623,148.6176,21.96,,,1.2787,1.5648,1.4175,,5.7676,,5.7676,,0.0495,-0.0532,-0.2295846603052285,-1.0089534708122891,,0.0255684010940148,0.43676460226872393,-0.2345,-0.2345,-0.0356,-0.0356,-0.061,-0.3124,0.2753,5.4924,0.585,5.7676,163.4,109.0,16.0,10.3,3.0,0.5,6.0,5.0,4.0,44.8,제외,,False,True,False,희석>5%;FCF<0;Turnaround 기저효과;ROIC<8%
MELI,297,"MercadoLibre, Inc.",Consumer Cyclical,Internet Retail,,1799.24,91.2157,48.9323,35.5562,47.5612,32.5028,0.028,0.3358,0.4427,0.2793,0.3586,-0.0398,0.4633,0.1853,0.1853,,1.9186,0.1879,0.2597702602230482,0.35270877153089647,1.9173,,-1.45964164810497e-06,-0.0124,-0.0532,-0.0113,-0.0359,-0.0642,0.1361,0.3471,-0.1617,0.3331,0.4633,2272.28,1750.0,14.0,4.0,2.0,12.0,1.0,3.0,8.0,44.0,제외,,False,False,False,재고 급증
ZS,298,"Zscaler, Inc.",Technology,Software - Infrastructure,,214.45,34.9671,50.5778,42.7973,43.6923,38.281,0.1361,0.2431,0.1727,0.1641,0.1684,0.1658,0.1414,0.1535,0.1535,2.5806,2.7875,-0.2267,0.0014037211068394324,0.23240496784063824,-36.6287,0.24516550669451037,0.03435231571413966,0.0675,0.0675,0.0337,0.0279,0.1799,0.6997,0.4109,-0.2574,0.1343,0.1414,208.858,155.0,10.0,2.0,10.5,3.5,1.0,8.5,6.0,41.5,제외,,False,False,False,SBC>10%;ROIC<8%
KRYS,299,"Krystal Biotech, Inc.",Healthcare,Biotechnology,,341.75,10.1154,42.8258,38.2913,43.4516,36.6705,-0.0146,0.1437,0.3173,0.2769,0.297,0.1499,0.1849,0.1673,0.1673,2.5551,2.2893,0.3582,0.9919460843622299,0.5852244349397481,-4.1987,0.12414071793754143,0.03052203435409595,0.0,-0.0514,-0.0083,-0.0751,-0.0139,0.0045,0.3722,-0.205,0.1427,0.1849,386.0,284.0,12.5,1.5,1.0,13.0,1.0,4.5,6.0,39.5,제외,,False,False,False,SBC>10%;컨센 하향
EQPT,300,EquipmentShare.com Inc,Industrials,Rental & Leasing Services,,18.08,4.581,,23.1137,41.4945,19.8424,,,0.2715,0.1986,0.2345,11.0365,1.0912,4.017,1.0912,0.0209,0.2118,0.0695,0.036205102953410985,-0.4198849298475825,11.1662,0.00946805289189462,0.03469040753725161,-0.0873,-0.0497,-0.143,-0.0862,-0.0232,-0.2429,0.2095,3.8075,0.4195,1.0912,33.2,22.0,12.5,13.3,2.5,0.5,6.0,4.5,0.0,39.3,제외,,False,True,True,ND/EBITDA>4x;FCF<0;매출채권 급증;Turnaround 기저효과;FY0 일회성 저기저(정상화 성장률 적용);ROIC<8%;컨센 하향
AVAV,301,"AeroVironment, Inc.",Industrials,Aerospace & Defense,,155.94,7.925,53.4041,41.6732,47.7604,34.9848,0.1057,0.3449,0.115,0.1523,0.1335,-0.0136,0.3652,0.1604,0.1604,,2.5973,-0.0024,-0.3945944528429951,-0.022361270690616823,1.2367,0.015894867773295403,0.06271539289306105,0.0073,-0.1798,0.012,-0.1631,-0.0267,0.046,0.4016,-0.2411,0.313,0.3652,219.3458,148.57,11.0,3.0,3.0,1.5,1.0,3.0,3.0,25.5,제외,,False,False,False,희석>5%;FCF<0;재고 급증;ROIC<8%;컨센 하향
EXK,,Endeavour Silver Corporation,Basic Materials,Silver,,9.26,2.7423,25.027,8.4905,12.4402,7.5933,0.5029,0.6966,1.0102,0.2413,0.5796,,0.6383,,0.6383,,0.133,0.2355,0.09836299056173523,-0.050855596475878485,0.0171,0.005429968597608535,0.24666918264887183,-0.0665,-0.1996,0.0337,-0.0744,-0.1281,0.1561,-0.0584,0.6967,0.3626,0.6383,15.5,14.0,14.0,16.8,3.5,6.5,6.0,3.0,2.0,51.8,제외,,True,True,False,희석>5%;FCF<0;Cyclical Peak 의심;Turnaround 기저효과;컨센 하향
PAAS,,Pan American Silver Corp.,Basic Materials,Gold,,48.11,19.9473,14.1181,11.0449,13.2397,10.403,0.0622,0.2631,0.252,0.0452,0.1439,0.4306,0.2727,0.3493,0.3493,0.2565,0.3162,0.2443,0.36579658637181345,,-0.4068,0.0004174493842621582,0.16078603560688287,-0.0152,-0.1871,-0.0178,-0.0891,-0.0903,0.0445,0.0056,0.3437,0.2239,0.2872,64.775,53.0,10.5,14.3,1.0,9.0,6.0,3.0,5.0,48.8,제외,,True,False,False,희석>5%;Cyclical Peak 의심;컨센 하향
TGB,,Trekor Metals Limited,Basic Materials,Copper,,9.06,3.3162,39.9325,13.141,22.3204,11.3966,0.441,0.7146,0.8298,0.2435,0.5084,7.1786,0.9585,3.0022,3.0022,0.0183,0.0438,0.1515,-0.044661245026913175,0.2762983358688912,2.0764,0.024465173207864663,0.2040982655980208,0.0066,0.0187,0.0079,0.1157,-0.0141,0.3543,0.0503,2.9519,0.4052,0.9585,10.447,10.447,14.0,16.3,11.5,8.0,6.0,5.0,3.0,63.8,C,Peak-trap(제외),True,True,False,희석>5%;매출채권 급증;Cyclical Peak 의심;Turnaround 기저효과
000660.KS,,SK hynix,Technology,Semiconductors,Cyclical Peak Trap,1862000.0,965.7891,8.1839,4.2277,5.2569,3.9405,0.3577,0.5185,2.5666,0.5415,1.3447,4.867,0.3341,1.7977,1.7977,0.0087,0.0235,0.769,18.453981892745496,0.4780266903504014,-0.4657,0.0014851513804086326,0.004390566051489797,0.0018,0.1443,0.0281,0.0985,0.1099,-0.2894,-0.209,2.0067,0.2565,0.3349,3184025.5,1535000.0,13.0,16.3,13.5,15.0,6.0,7.5,7.0,78.3,A,Peak-trap(제외),True,True,False,Cyclical Peak 의심;Turnaround 기저효과
IAG,,Iamgold Corporation,Basic Materials,Gold,,19.89,11.3572,9.5167,8.5963,9.3919,8.3335,0.0131,0.1243,0.3578,0.1113,0.2284,0.7218,0.127,0.393,0.393,0.1191,0.2187,0.3065,0.5936142213174349,0.43533054484219674,0.0182,0.0022000108642511815,0.00552104899930983,-0.0069,-0.1261,0.0039,-0.0144,-0.0591,0.2293,-0.0554,0.4484,0.0984,0.127,24.3333,21.0,14.5,13.3,4.0,15.0,6.0,6.5,8.0,67.3,B,,True,False,False,Cyclical Peak 의심
SVM,,Silvercorp Metals Inc.,Basic Materials,Silver,,11.51,2.5461,14.3875,9.6825,13.5412,7.4138,0.0588,0.4847,0.0902,0.731,0.3737,0.2319,0.8265,0.5,0.5,0.4176,0.1937,0.3239,0.7267164790819383,0.15966988653106368,-0.8691,0.00946785450464815,0.16514199564698284,0.0,-0.2522,0.0,-0.085,-0.0814,0.0879,-0.0269,0.5269,0.4969,0.8285,15.25,15.0,20.0,16.3,2.0,11.5,6.0,3.0,4.0,62.8,C,,True,False,False,희석>5%;매출채권 급증;Cyclical Peak 의심;컨센 하향
WDC,,Western Digital Corporation,Technology,Computer Hardware,Cyclical Recovery (Peak 의심),473.69,170.7846,46.4858,20.8577,23.5767,14.9196,0.4928,0.6791,0.4856,0.3677,0.4254,0.9659,0.5803,0.7626,0.7626,0.2159,0.2735,0.5096,inf,0.2717702608561034,-0.0776,0.015790695874293676,0.07458563535911611,0.089,0.1644,0.1695,0.2916,0.0883,-0.264,0.1789,0.5837,0.4935,0.5816,664.9167,420.0,17.0,16.3,15.0,13.0,6.0,8.5,6.0,81.8,A+,Peak-trap(제외),True,False,False,희석>5%;Cyclical Peak 의심
BTG,,B2Gold Corp,Basic Materials,Gold,,5.35,7.0677,11.383,5.7933,10.2687,4.9848,0.0979,0.5621,0.2351,0.1947,0.2148,0.1326,1.06,0.5275,0.5275,0.4369,0.1098,0.3976,0.9415053626381631,0.2437804727902785,0.08,0.006003275090133672,0.008697235855143592,-0.0319,-0.2489,0.016,-0.0967,-0.0273,0.339,-0.1442,0.6717,0.4306,1.0743,6.45,4.0,17.5,16.8,3.0,14.0,6.0,3.0,7.0,67.3,B,,True,False,False,Cyclical Peak 의심;컨센 하향
AGI,,Alamos Gold Inc.,Basic Materials,Gold,,34.49,14.4377,16.8244,12.1693,15.1837,11.332,0.0975,0.3265,0.2912,0.2512,0.271,0.6225,0.3399,0.4744,0.4744,0.1955,0.2565,0.2596,0.5006072398110513,0.14337641357027464,-0.2961,-0.0004936277149524323,-0.0029941606771627383,-0.0105,-0.0966,-0.0042,-0.1202,-0.088,0.1181,0.0303,0.4441,0.2645,0.3443,46.25,38.0,16.5,14.3,2.0,12.5,6.0,4.5,7.0,62.8,C,,True,False,False,Cyclical Peak 의심;컨센 하향
005930.KS,,SamsungElec,Technology,Consumer Electronics,Cyclical Peak Trap,285500.0,1369.8634,12.5865,4.4001,5.923,4.0158,0.5294,0.6809,1.1785,0.3449,0.7117,6.2978,0.4749,2.2808,2.2808,0.007,0.0193,0.4672,0.5802198350262456,0.28950010249096736,-0.7379,,-0.01410818264953928,-0.007,0.0458,0.0347,0.1443,0.1109,-0.1606,-0.201,2.4818,0.3404,0.4801,478627.88,290000.0,14.0,16.8,13.0,14.0,6.0,4.5,7.0,75.3,A,Peak-trap(제외),True,True,False,Cyclical Peak 의심;Turnaround 기저효과
CGAU,,Centerra Gold Inc.,Basic Materials,Gold,,22.61,4.4227,14.4013,12.3872,13.9411,11.8937,0.032,0.1741,0.3155,0.0682,0.1854,0.4611,0.1721,0.3087,0.3087,0.2686,0.4013,0.2553,inf,0.05423269529025141,-0.4737,0.008513878916042099,-0.055089741910127055,-0.0078,-0.1373,-0.0155,-0.0756,-0.048,0.4147,0.0349,0.2738,0.1415,0.1807,17.5,17.5,12.5,13.3,1.0,11.5,5.1,7.5,7.0,57.9,제외,,True,False,False,Cyclical Peak 의심;컨센 하향;자사주 효과 큼
ERO,,Ero Copper Corp.,Basic Materials,Copper,,36.48,3.805,12.8905,7.908,8.8022,7.6198,0.3172,0.4089,0.6564,0.0944,0.3464,0.9549,0.1552,0.5027,0.5027,0.0828,0.1573,0.1998,0.28178215549831787,0.16424546461331122,0.9122,0.01852537835170652,0.018980934430352203,0.0321,0.0439,0.0007,-0.0102,-0.0746,0.3146,-0.0749,0.5777,0.12,0.1552,40.7333,35.0,17.0,15.8,6.5,11.5,6.0,3.0,6.0,65.8,B,,True,False,False,매출채권 급증;재고 급증;Cyclical Peak 의심
EGO,,Eldorado Gold Corporation,Basic Materials,Gold,,42.84,11.1731,16.9328,8.8749,12.3603,8.032,0.27,0.5257,0.3877,0.6299,0.5039,0.9805,0.5389,0.7458,0.7458,0.0905,0.119,0.1318,1.1664422689291212,-0.29444648884665625,1.05,0.008983081276725324,0.2298789886120174,0.0021,-0.1688,-0.0134,-0.0674,-0.0614,0.3653,-0.0479,0.7937,0.3532,0.5456,46.5,33.0,18.0,16.3,2.0,6.0,6.0,3.0,2.0,53.3,제외,,True,False,False,희석>5%;FCF<0;재고 급증;Cyclical Peak 의심;컨센 하향
CENX,,Century Aluminum Company,Basic Materials,Aluminum,,38.82,3.8429,6.5797,3.4694,3.9285,3.3248,0.4029,0.4947,0.3297,0.2218,0.2746,3.0169,0.1816,1.1786,1.1786,0.0115,0.0294,0.2274,0.3349805194805195,0.05668866226754649,0.2852,0.02032093581283743,0.12325830653804926,-0.005,-0.0914,-0.0331,-0.1471,-0.1161,-0.1798,-0.2471,1.4257,0.1402,0.1816,69.0,60.0,11.5,16.3,2.0,10.5,6.0,2.0,4.0,52.3,제외,,True,True,False,희석>5%;Cyclical Peak 의심;Turnaround 기저효과;컨센 하향
EQX,,Equinox Gold Corp.,Basic Materials,Gold,,12.05,14.0679,13.2418,8.5657,10.9683,7.92,0.1717,0.4019,1.243,0.3218,0.7219,0.6397,0.3849,0.5069,0.5069,0.1339,0.169,0.1256,0.21636600750829404,0.07032817274233963,0.2116,,0.8210172628743113,-0.008,-0.191,0.0051,-0.0443,-0.1094,0.2358,-0.0563,0.5632,0.298,0.389,14.0,14.0,17.0,15.8,4.0,8.0,6.0,3.0,5.0,58.8,제외,,True,False,False,희석>5%;매출채권 급증;Cyclical Peak 의심
SSRM,,SSR Mining Inc.,Basic Materials,Gold,,36.3,7.4019,12.0598,7.1073,8.8828,6.6152,0.2634,0.4515,0.4124,0.162,0.2811,1.0331,0.3428,0.6523,0.6523,0.0688,0.109,0.2879,inf,0.16589176158995209,-2.1206,0.030800148980415283,-0.03407590073240785,-0.0007,-0.0929,-0.0525,0.0954,-0.0389,0.2418,-0.0993,0.7516,0.2631,0.3436,42.2,39.0,15.5,16.3,6.0,12.5,6.0,3.0,8.0,67.3,B,Peak-trap(제외),True,False,False,Cyclical Peak 의심
TFPM,,Triple Flag Precious Metals Cor,Basic Materials,Other Precious Metals & Mining,,32.52,6.6992,23.0638,21.7184,23.6202,21.0865,-0.0241,0.0857,0.3259,0.2466,0.2857,0.3632,0.1202,0.2357,0.2357,0.598,0.9214,0.2723,0.2693655519335933,0.4392909189153786,0.5337,0.01138001047943411,0.02775189460009564,-0.012,-0.0446,-0.0012,0.0323,-0.0359,0.1312,0.1909,0.0448,0.1002,0.1273,39.5,37.0,11.5,8.3,7.5,12.0,2.4,5.5,6.0,53.2,제외,,True,False,False,매출채권 급증;Cyclical Peak 의심
RXO,,"RXO, Inc.",Industrials,Trucking,,19.88,3.2787,,41.1962,156.093,32.3373,,,0.191,0.0981,0.1436,,3.827,,3.827,,0.1076,-0.0061,-0.0640939060939061,-0.012481524059779932,7.75,0.0047626868122844475,0.006651832072392727,0.0539,0.8402,0.0071,0.2262,-0.118,-0.2201,0.3976,3.4295,0.5525,3.827,24.5588,13.0,9.0,10.3,14.0,3.5,6.0,6.0,0.0,48.8,제외,,True,True,False,ND/EBITDA>4x;FCF<0;Cyclical Peak 의심;Turnaround 기저효과;ROIC<8%
ALGT,,Allegiant Travel Company,Industrials,Airlines,,77.26,2.1121,11.491,7.9669,12.4548,7.0248,-0.0839,0.3887,0.4189,0.1938,0.3015,0.6324,0.773,0.7013,0.7013,0.126,0.1136,0.1445,-5.016014325703935,0.040319373278144104,4.7127,,0.26990830786329534,-0.0747,0.6738,-0.0848,0.0294,-0.0561,-0.2538,-0.0732,0.7745,0.3821,0.773,127.5,100.0,18.0,15.8,8.0,4.5,6.0,6.5,2.0,60.8,C,Peak-trap(제외),True,False,False,ND/EBITDA>4x;희석>5%;Cyclical Peak 의심
ALM,,Almonty Industries Inc.,Basic Materials,Other Industrial Metals & Mining,,13.62,3.9291,19209.9196,13.9502,44.6742,11.1072,0.9977,0.9994,10.0614,1.8916,4.6556,,3.0221,,3.0221,,0.0462,0.0206,-0.24866742513592036,-0.646644056734613,-80.6415,0.0957192638952018,0.6023339783540431,0.0932,-0.5249,-0.1576,-0.1308,-0.2642,-0.2512,0.0661,2.956,0.5306,3.0221,25.6012,19.6792,14.0,13.3,2.0,1.5,6.0,5.0,0.0,41.8,제외,,True,True,False,희석>5%;FCF<0;Cyclical Peak 의심;Turnaround 기저효과;ROIC<8%;컨센 하향
B,,Barrick Mining Corporation,Basic Materials,Gold,,42.49,69.9336,12.424,10.155,11.6431,9.6939,0.0629,0.2197,0.2673,0.1322,0.1979,0.508,0.2011,0.3458,0.3458,0.1999,0.2936,0.3444,2.219190922712934,0.2511740498668603,-0.0965,0.012732994432340838,-0.03420289855072467,0.0017,-0.093,0.0,-0.0434,-0.1143,0.1699,-0.0153,0.3611,0.171,0.2171,51.7044,29.0,12.5,13.8,3.0,15.0,6.0,5.0,8.0,63.3,C,,True,False,False,Cyclical Peak 의심
STX,,Seagate Technology Holdings PLC,Technology,Computer Hardware,Cyclical Recovery (Peak 의심),923.86,210.0793,59.4887,22.9919,25.8199,16.6848,0.566,0.7195,0.5404,0.3365,0.4348,1.2966,0.5475,0.8852,0.8852,0.1773,0.2597,0.9495,17.738977297297296,0.25461254612546125,0.4873,0.017466174661746617,0.06422018348623859,0.0,0.346,0.2746,0.4228,0.0869,-0.1098,0.2079,0.6773,0.4741,0.5507,1125.0,700.0,17.0,14.3,15.0,13.0,6.0,8.5,6.0,79.8,A,Peak-trap(제외),True,False,False,희석>5%;Cyclical Peak 의심
SNDK,,Sandisk Corporation,Technology,Computer Hardware,Cyclical Peak Trap,1816.57,265.9804,25.9214,8.0721,8.4925,6.8944,0.6724,0.734,1.4176,0.1828,0.6911,2.0178,0.2318,0.928,0.928,0.04,0.087,1.0674,inf,0.5676610035559068,-0.3615,0.011457921770051362,0.08275862068965512,-0.0009,0.1325,-0.0047,0.3287,0.2166,-0.0511,-0.0702,0.9982,0.2135,0.2318,2136.5417,1000.0,17.0,16.8,13.0,13.0,6.0,7.5,6.0,79.3,A,Peak-trap(제외),True,False,False,희석>5%;Cyclical Peak 의심
SEI,,"Solaris Energy Infrastructure, ",Energy,Oil & Gas Equipment & Services,,67.43,6.7852,44.9533,25.6793,58.4954,21.2437,-0.3012,0.5274,0.6361,0.6755,0.6557,-0.0778,1.7535,0.5935,0.5935,,0.4327,0.0868,0.19628137621059888,-0.9548822856423121,6.2616,0.0389118638019166,1.088397059601248,0.1395,-0.1048,0.5069,0.2493,0.2681,-0.1333,0.2418,0.3517,0.4804,1.7608,96.9143,73.0,20.0,13.8,12.0,4.0,6.0,5.5,0.0,61.3,C,,True,False,False,ND/EBITDA>4x;희석>5%;FCF<0;매출채권 급증;재고 급증;Cyclical Peak 의심
MU,,"Micron Technology, Inc.",Technology,Semiconductors,Cyclical Peak Trap,1071.88,1210.5739,23.7562,6.7362,14.5692,6.7362,0.3867,0.7164,2.4782,0.908,1.5761,7.8748,1.1628,3.3811,3.3811,0.0086,0.0199,0.8055,7.589828442437923,0.2899173626957928,-0.288,0.013337173494029289,0.01777777777777767,0.0018,0.0019,0.0213,0.0817,0.1773,0.0224,-0.1113,3.4924,0.3005,1.1633,1515.5435,361.0,14.0,16.8,12.0,14.0,6.0,6.5,6.0,75.3,A,Peak-trap(제외),True,True,False,매출채권 급증;Cyclical Peak 의심;Turnaround 기저효과
HL,,Hecla Mining Company,Basic Materials,Other Precious Metals & Mining,,18.27,12.2732,24.4088,18.6468,22.7146,17.4816,0.0694,0.2838,-0.0028,0.2019,0.0948,0.7004,0.2993,0.4864,0.4864,0.2662,0.3834,0.2219,2.133631083664167,0.30193763073657914,-0.4785,0.0075336710051611515,0.05650273001958617,-0.0209,-0.0652,-0.0176,-0.1323,-0.1042,0.2585,0.1463,0.3401,0.2303,0.3001,23.075,17.0,12.0,13.3,1.0,12.0,6.0,3.0,4.0,51.3,제외,,True,False,False,희석>5%;매출채권 급증;Cyclical Peak 의심;컨센 하향
GFI,,Gold Fields Limited,Basic Materials,Gold,,40.82,36.3664,,8.3531,9.4146,8.0167,,,0.358,0.041,0.189,0.5055,0.1744,0.3297,0.3297,0.1652,0.2534,0.38,0.8868537920924416,,0.0613,,0.0020499571666150462,-0.1343,-0.2091,-0.0515,-0.0987,-0.1268,0.2421,-0.0622,0.3919,0.1848,0.2245,50.0875,40.5,12.5,14.8,0.0,11.0,6.0,2.0,7.0,53.3,제외,,True,False,False,Cyclical Peak 의심;컨센 하향
AUGO,,Aura Minerals Inc.,Basic Materials,Gold,,85.34,7.1546,25.0183,11.2975,14.186,10.5017,0.433,0.5802,0.6992,0.2087,0.4331,1.2887,0.3508,0.7583,0.7583,0.0877,0.149,0.9797,3.7993981597703828,0.1431293523040295,0.2671,0.0016779477845401286,0.1580232481498347,0.1636,-0.4256,-0.1625,-0.4029,-0.022,0.4005,0.0113,0.747,0.2967,0.3792,101.91,83.0,17.0,16.3,0.0,12.5,6.0,2.0,4.0,57.8,제외,,True,False,False,희석>5%;매출채권 급증;Cyclical Peak 의심;컨센 하향
RGLD,,"Royal Gold, Inc.",Basic Materials,Gold,,252.78,21.4175,27.2981,20.6992,24.1847,19.6454,0.114,0.2803,0.8299,0.2048,0.4848,0.4259,0.2311,0.3249,0.3249,0.486,0.6371,0.1474,inf,0.00037813781669042147,0.1675,0.008260856918467669,0.2921818466062185,-0.0069,-0.0799,-0.0036,-0.0422,-0.0241,0.2264,0.1766,0.1483,0.1852,0.2385,307.3333,218.0,14.5,11.7,3.0,6.5,4.2,4.0,6.0,49.9,제외,,True,False,False,희석>5%;Cyclical Peak 의심
FNV,,Franco-Nevada Corporation,Basic Materials,Gold,,260.91,50.3227,,28.8086,31.6185,27.8862,,,0.3924,0.1677,0.2751,0.4788,0.1338,0.2949,0.2949,0.6017,0.9769,0.2014,inf,0.3847880514547181,-0.4859,0.0022878356211689546,0.0015544041450776813,-0.0068,-0.0831,-0.0058,-0.0259,-0.0165,0.2217,0.278,0.0169,0.1102,0.1404,286.97,256.0,13.0,7.8,3.0,14.0,2.4,3.0,7.0,50.2,제외,,True,False,False,재고 급증;Cyclical Peak 의심
ARIS,,Aris Mining Corporation,Basic Materials,Gold,,18.89,3.8995,,6.925,8.9104,6.3947,,,0.6622,0.305,0.4728,0.6562,0.3934,0.5191,0.5191,0.1055,0.1334,0.3005,0.46860974356386126,0.1383566543194899,0.1281,0.029110924494204285,0.1643259904590515,0.0095,-0.1675,0.0236,-0.2149,-0.0944,0.1986,-0.1051,0.6243,0.3003,0.3934,37.0,37.0,17.0,14.8,3.5,12.5,6.0,4.5,5.0,63.3,C,,True,False,False,희석>5%;Cyclical Peak 의심;컨센 하향
CDE,,"Coeur Mining, Inc.",Basic Materials,Gold,,19.32,19.8597,18.2264,10.6255,15.7714,9.475,0.1347,0.4802,1.3608,0.2689,0.7308,0.5312,0.6645,0.5965,0.5965,0.2,0.1781,0.1504,2.1162207001176694,0.36460038130700134,-0.2081,0.00874338341535281,0.9846393823519819,-0.0141,-0.3018,-0.0103,-0.0005,-0.0787,0.1838,-0.004,0.6005,0.3686,0.6665,23.9546,18.0,18.0,16.3,3.0,11.0,6.0,3.0,6.0,63.3,C,,True,False,False,희석>5%;Cyclical Peak 의심
KGC,,Kinross Gold Corporation,Basic Materials,Gold,,27.62,32.764,10.917,9.6149,10.67,9.2737,0.0226,0.1505,0.2814,0.0539,0.1621,0.4068,0.1506,0.2723,0.2723,0.2363,0.3531,0.443,inf,0.36381022087381504,-0.353,0.0018061835224120223,-0.03260000469857427,-0.0319,-0.1636,-0.0272,-0.131,-0.1569,0.1058,-0.0286,0.3009,0.122,0.1562,36.13,9.3,12.5,13.8,0.0,15.0,6.0,4.5,7.0,58.8,제외,,True,False,False,Cyclical Peak 의심;컨센 하향
AU,,AngloGold Ashanti PLC,Basic Materials,Gold,,98.74,49.9397,12.7902,10.2345,11.478,9.8379,0.1026,0.2308,0.2773,0.0874,0.1786,0.602,0.1667,0.3671,0.3671,0.17,0.2788,0.5747,1.1930124771639843,0.3780972515856237,-0.1383,,0.008694060624683697,-0.0026,-0.0832,0.0082,-0.0399,-0.1854,0.1858,-0.0133,0.3805,0.172,0.2099,116.875,76.0,14.0,13.8,4.0,14.0,6.0,2.0,8.0,61.8,C,,True,False,False,Cyclical Peak 의심
HBM,,Hudbay Minerals Inc.,Basic Materials,Copper,,26.79,11.8986,28.8065,14.6492,17.408,13.8333,0.3957,0.5198,0.3205,0.1513,0.233,1.2969,0.2584,0.7001,0.7001,0.113,0.2092,0.1364,0.3335435677386191,0.11473483774257587,0.134,0.032897135680427826,0.015938708725839135,0.0111,-0.0554,-0.0135,-0.0883,-0.1086,0.0567,0.0792,0.6209,0.1996,0.2594,34.935,29.5,15.5,15.8,1.0,9.5,6.0,6.0,7.0,60.8,C,,True,False,False,Cyclical Peak 의심;컨센 하향
